ISO-10303-21;
HEADER;
FILE_DESCRIPTION(('Open CASCADE Model'),'2;1');
FILE_NAME('Open CASCADE Shape Model','2026-08-25T14:26:32',('Author'),(
    'Open CASCADE'),'Open CASCADE STEP processor 7.9','Open CASCADE 7.9'
  ,'Unknown');
FILE_SCHEMA(('AUTOMOTIVE_DESIGN { 1 0 10303 214 1 1 1 1 }'));
ENDSEC;
DATA;
#1 = APPLICATION_PROTOCOL_DEFINITION('international standard',
  'automotive_design',2000,#2);
#2 = APPLICATION_CONTEXT(
  'core data for automotive mechanical design processes');
#3 = SHAPE_DEFINITION_REPRESENTATION(#4,#10);
#4 = PRODUCT_DEFINITION_SHAPE('','',#5);
#5 = PRODUCT_DEFINITION('design','',#6,#9);
#6 = PRODUCT_DEFINITION_FORMATION('','',#7);
#7 = PRODUCT('Open CASCADE STEP translator 7.9 1',
  'Open CASCADE STEP translator 7.9 1','',(#8));
#8 = PRODUCT_CONTEXT('',#2,'mechanical');
#9 = PRODUCT_DEFINITION_CONTEXT('part definition',#2,'design');
#10 = SHAPE_REPRESENTATION('',(#11,#15,#19),#23);
#11 = AXIS2_PLACEMENT_3D('',#12,#13,#14);
#12 = CARTESIAN_POINT('',(0.,0.,0.));
#13 = DIRECTION('',(0.,0.,1.));
#14 = DIRECTION('',(1.,0.,-0.));
#15 = AXIS2_PLACEMENT_3D('',#16,#17,#18);
#16 = CARTESIAN_POINT('',(0.,0.,0.));
#17 = DIRECTION('',(0.,0.,1.));
#18 = DIRECTION('',(1.,0.,-0.));
#19 = AXIS2_PLACEMENT_3D('',#20,#21,#22);
#20 = CARTESIAN_POINT('',(0.,0.,0.));
#21 = DIRECTION('',(0.,0.,1.));
#22 = DIRECTION('',(1.,0.,-0.));
#23 = ( GEOMETRIC_REPRESENTATION_CONTEXT(3) 
GLOBAL_UNCERTAINTY_ASSIGNED_CONTEXT((#27)) GLOBAL_UNIT_ASSIGNED_CONTEXT(
(#24,#25,#26)) REPRESENTATION_CONTEXT('Context #1',
  '3D Context with UNIT and UNCERTAINTY') );
#24 = ( LENGTH_UNIT() NAMED_UNIT(*) SI_UNIT(.MILLI.,.METRE.) );
#25 = ( NAMED_UNIT(*) PLANE_ANGLE_UNIT() SI_UNIT($,.RADIAN.) );
#26 = ( NAMED_UNIT(*) SI_UNIT($,.STERADIAN.) SOLID_ANGLE_UNIT() );
#27 = UNCERTAINTY_MEASURE_WITH_UNIT(LENGTH_MEASURE(1.E-07),#24,
  'distance_accuracy_value','confusion accuracy');
#28 = PRODUCT_RELATED_PRODUCT_CATEGORY('part',$,(#7));
#29 = SHAPE_DEFINITION_REPRESENTATION(#30,#36);
#30 = PRODUCT_DEFINITION_SHAPE('','',#31);
#31 = PRODUCT_DEFINITION('design','',#32,#35);
#32 = PRODUCT_DEFINITION_FORMATION('','',#33);
#33 = PRODUCT('Open CASCADE STEP translator 7.9 1.1',
  'Open CASCADE STEP translator 7.9 1.1','',(#34));
#34 = PRODUCT_CONTEXT('',#2,'mechanical');
#35 = PRODUCT_DEFINITION_CONTEXT('part definition',#2,'design');
#36 = ADVANCED_BREP_SHAPE_REPRESENTATION('',(#11,#37),#9405);
#37 = MANIFOLD_SOLID_BREP('',#38);
#38 = CLOSED_SHELL('',(#39,#263,#971,#1796,#1920,#2192,#2240,#2292,#2346
    ,#2526,#3277,#3417,#3516,#3588,#3635,#3685,#3732,#3782,#3829,#3879,
    #3904,#4064,#4212,#4259,#4353,#4403,#4450,#4497,#4547,#4597,#4644,
    #4691,#4719,#4844,#4926,#4980,#5028,#5077,#5125,#5218,#5314,#5363,
    #5410,#5613,#5662,#5711,#5738,#5787,#5836,#5905,#5974,#6051,#6098,
    #6153,#6207,#6287,#6338,#6853,#6882,#6932,#7177,#7184,#7211,#7238,
    #7265,#7292,#7319,#7868,#7915,#8053,#8171,#8222,#8229,#8236,#8263,
    #8330,#8403,#8476,#8483,#8583,#8589,#8596,#8603,#8610,#8710,#8716,
    #8763,#8790,#8817,#8844,#8871,#8898,#8925,#8932,#8959,#8986,#9013,
    #9040,#9067,#9094,#9121,#9128,#9155,#9162,#9169,#9224,#9279,#9334,
    #9389,#9393,#9397,#9401));
#39 = ADVANCED_FACE('',(#40),#54,.F.);
#40 = FACE_BOUND('',#41,.F.);
#41 = EDGE_LOOP('',(#42,#77,#105,#133,#159,#185,#211,#237));
#42 = ORIENTED_EDGE('',*,*,#43,.F.);
#43 = EDGE_CURVE('',#44,#46,#48,.T.);
#44 = VERTEX_POINT('',#45);
#45 = CARTESIAN_POINT('',(19.,19.5,35.5));
#46 = VERTEX_POINT('',#47);
#47 = CARTESIAN_POINT('',(19.,19.5,-2.3));
#48 = SURFACE_CURVE('',#49,(#53,#65),.PCURVE_S1.);
#49 = LINE('',#50,#51);
#50 = CARTESIAN_POINT('',(19.,19.5,35.5));
#51 = VECTOR('',#52,1.);
#52 = DIRECTION('',(0.,0.,-1.));
#53 = PCURVE('',#54,#59);
#54 = PLANE('',#55);
#55 = AXIS2_PLACEMENT_3D('',#56,#57,#58);
#56 = CARTESIAN_POINT('',(19.,19.5,0.7));
#57 = DIRECTION('',(0.999250241526,-3.87163377713E-02,0.));
#58 = DIRECTION('',(-3.87163377713E-02,-0.999250241526,0.));
#59 = DEFINITIONAL_REPRESENTATION('',(#60),#64);
#60 = LINE('',#61,#62);
#61 = CARTESIAN_POINT('',(0.,-34.8));
#62 = VECTOR('',#63,1.);
#63 = DIRECTION('',(-0.,1.));
#64 = ( GEOMETRIC_REPRESENTATION_CONTEXT(2) 
PARAMETRIC_REPRESENTATION_CONTEXT() REPRESENTATION_CONTEXT('2D SPACE',''
  ) );
#65 = PCURVE('',#66,#71);
#66 = PLANE('',#67);
#67 = AXIS2_PLACEMENT_3D('',#68,#69,#70);
#68 = CARTESIAN_POINT('',(58.,19.5,0.7));
#69 = DIRECTION('',(0.,-1.,0.));
#70 = DIRECTION('',(-1.,0.,0.));
#71 = DEFINITIONAL_REPRESENTATION('',(#72),#76);
#72 = LINE('',#73,#74);
#73 = CARTESIAN_POINT('',(39.,-34.8));
#74 = VECTOR('',#75,1.);
#75 = DIRECTION('',(0.,1.));
#76 = ( GEOMETRIC_REPRESENTATION_CONTEXT(2) 
PARAMETRIC_REPRESENTATION_CONTEXT() REPRESENTATION_CONTEXT('2D SPACE',''
  ) );
#77 = ORIENTED_EDGE('',*,*,#78,.T.);
#78 = EDGE_CURVE('',#44,#79,#81,.T.);
#79 = VERTEX_POINT('',#80);
#80 = CARTESIAN_POINT('',(18.58,8.66,35.5));
#81 = SURFACE_CURVE('',#82,(#86,#93),.PCURVE_S1.);
#82 = LINE('',#83,#84);
#83 = CARTESIAN_POINT('',(19.,19.5,35.5));
#84 = VECTOR('',#85,1.);
#85 = DIRECTION('',(-3.87163377713E-02,-0.999250241526,0.));
#86 = PCURVE('',#54,#87);
#87 = DEFINITIONAL_REPRESENTATION('',(#88),#92);
#88 = LINE('',#89,#90);
#89 = CARTESIAN_POINT('',(0.,-34.8));
#90 = VECTOR('',#91,1.);
#91 = DIRECTION('',(1.,0.));
#92 = ( GEOMETRIC_REPRESENTATION_CONTEXT(2) 
PARAMETRIC_REPRESENTATION_CONTEXT() REPRESENTATION_CONTEXT('2D SPACE',''
  ) );
#93 = PCURVE('',#94,#99);
#94 = PLANE('',#95);
#95 = AXIS2_PLACEMENT_3D('',#96,#97,#98);
#96 = CARTESIAN_POINT('',(44.391587831726,0.,35.5));
#97 = DIRECTION('',(0.,0.,1.));
#98 = DIRECTION('',(1.,0.,-0.));
#99 = DEFINITIONAL_REPRESENTATION('',(#100),#104);
#100 = LINE('',#101,#102);
#101 = CARTESIAN_POINT('',(-25.39158783172,19.5));
#102 = VECTOR('',#103,1.);
#103 = DIRECTION('',(-3.87163377713E-02,-0.999250241526));
#104 = ( GEOMETRIC_REPRESENTATION_CONTEXT(2) 
PARAMETRIC_REPRESENTATION_CONTEXT() REPRESENTATION_CONTEXT('2D SPACE',''
  ) );
#105 = ORIENTED_EDGE('',*,*,#106,.F.);
#106 = EDGE_CURVE('',#107,#79,#109,.T.);
#107 = VERTEX_POINT('',#108);
#108 = CARTESIAN_POINT('',(18.58,8.66,0.75));
#109 = SURFACE_CURVE('',#110,(#114,#121),.PCURVE_S1.);
#110 = LINE('',#111,#112);
#111 = CARTESIAN_POINT('',(18.58,8.66,-2.3));
#112 = VECTOR('',#113,1.);
#113 = DIRECTION('',(0.,0.,1.));
#114 = PCURVE('',#54,#115);
#115 = DEFINITIONAL_REPRESENTATION('',(#116),#120);
#116 = LINE('',#117,#118);
#117 = CARTESIAN_POINT('',(10.848133480005,3.));
#118 = VECTOR('',#119,1.);
#119 = DIRECTION('',(0.,-1.));
#120 = ( GEOMETRIC_REPRESENTATION_CONTEXT(2) 
PARAMETRIC_REPRESENTATION_CONTEXT() REPRESENTATION_CONTEXT('2D SPACE',''
  ) );
#121 = PCURVE('',#122,#127);
#122 = CYLINDRICAL_SURFACE('',#123,20.490104166667);
#123 = AXIS2_PLACEMENT_3D('',#124,#125,#126);
#124 = CARTESIAN_POINT('',(9.895833333328E-03,0.,0.7));
#125 = DIRECTION('',(0.,0.,-1.));
#126 = DIRECTION('',(0.906296230396,0.422643044152,0.));
#127 = DEFINITIONAL_REPRESENTATION('',(#128),#132);
#128 = LINE('',#129,#130);
#129 = CARTESIAN_POINT('',(0.,3.));
#130 = VECTOR('',#131,1.);
#131 = DIRECTION('',(0.,-1.));
#132 = ( GEOMETRIC_REPRESENTATION_CONTEXT(2) 
PARAMETRIC_REPRESENTATION_CONTEXT() REPRESENTATION_CONTEXT('2D SPACE',''
  ) );
#133 = ORIENTED_EDGE('',*,*,#134,.F.);
#134 = EDGE_CURVE('',#135,#107,#137,.T.);
#135 = VERTEX_POINT('',#136);
#136 = CARTESIAN_POINT('',(18.620656799767,9.709332641603,0.75));
#137 = SURFACE_CURVE('',#138,(#142,#148),.PCURVE_S1.);
#138 = LINE('',#139,#140);
#139 = CARTESIAN_POINT('',(18.608558658079,9.397085365646,0.75));
#140 = VECTOR('',#141,1.);
#141 = DIRECTION('',(-3.87163377713E-02,-0.999250241526,0.));
#142 = PCURVE('',#54,#143);
#143 = DEFINITIONAL_REPRESENTATION('',(#144),#147);
#144 = B_SPLINE_CURVE_WITH_KNOTS('',1,(#145,#146),.UNSPECIFIED.,.F.,.F.,
  (2,2),(-10.1104950637,0.7376384163),.PIECEWISE_BEZIER_KNOTS.);
#145 = CARTESIAN_POINT('',(0.,-5.E-02));
#146 = CARTESIAN_POINT('',(10.848133480005,-5.E-02));
#147 = ( GEOMETRIC_REPRESENTATION_CONTEXT(2) 
PARAMETRIC_REPRESENTATION_CONTEXT() REPRESENTATION_CONTEXT('2D SPACE',''
  ) );
#148 = PCURVE('',#149,#154);
#149 = PLANE('',#150);
#150 = AXIS2_PLACEMENT_3D('',#151,#152,#153);
#151 = CARTESIAN_POINT('',(-1.041859148601E-15,1.846063891983E-16,0.75)
  );
#152 = DIRECTION('',(0.,0.,1.));
#153 = DIRECTION('',(1.,0.,-0.));
#154 = DEFINITIONAL_REPRESENTATION('',(#155),#158);
#155 = B_SPLINE_CURVE_WITH_KNOTS('',1,(#156,#157),.UNSPECIFIED.,.F.,.F.,
  (2,2),(-10.1104950637,0.7376384163),.PIECEWISE_BEZIER_KNOTS.);
#156 = CARTESIAN_POINT('',(19.,19.5));
#157 = CARTESIAN_POINT('',(18.58,8.66));
#158 = ( GEOMETRIC_REPRESENTATION_CONTEXT(2) 
PARAMETRIC_REPRESENTATION_CONTEXT() REPRESENTATION_CONTEXT('2D SPACE',''
  ) );
#159 = ORIENTED_EDGE('',*,*,#160,.T.);
#160 = EDGE_CURVE('',#135,#161,#163,.T.);
#161 = VERTEX_POINT('',#162);
#162 = CARTESIAN_POINT('',(18.620656799767,9.709332641603,0.5));
#163 = SURFACE_CURVE('',#164,(#168,#174),.PCURVE_S1.);
#164 = LINE('',#165,#166);
#165 = CARTESIAN_POINT('',(18.620656799767,9.709332641603,0.5));
#166 = VECTOR('',#167,1.);
#167 = DIRECTION('',(-0.,-0.,-1.));
#168 = PCURVE('',#54,#169);
#169 = DEFINITIONAL_REPRESENTATION('',(#170),#173);
#170 = B_SPLINE_CURVE_WITH_KNOTS('',1,(#171,#172),.UNSPECIFIED.,.F.,.F.,
  (2,2),(-0.2500006,6.000000000173E-07),.PIECEWISE_BEZIER_KNOTS.);
#171 = CARTESIAN_POINT('',(9.79801350205,-5.00006E-02));
#172 = CARTESIAN_POINT('',(9.79801350205,0.2000006));
#173 = ( GEOMETRIC_REPRESENTATION_CONTEXT(2) 
PARAMETRIC_REPRESENTATION_CONTEXT() REPRESENTATION_CONTEXT('2D SPACE',''
  ) );
#174 = PCURVE('',#175,#180);
#175 = CYLINDRICAL_SURFACE('',#176,21.);
#176 = AXIS2_PLACEMENT_3D('',#177,#178,#179);
#177 = CARTESIAN_POINT('',(0.,0.,0.5));
#178 = DIRECTION('',(-0.,-0.,-1.));
#179 = DIRECTION('',(1.,0.,0.));
#180 = DEFINITIONAL_REPRESENTATION('',(#181),#184);
#181 = B_SPLINE_CURVE_WITH_KNOTS('',1,(#182,#183),.UNSPECIFIED.,.F.,.F.,
  (2,2),(-0.25,0.),.PIECEWISE_BEZIER_KNOTS.);
#182 = CARTESIAN_POINT('',(-6.763828031588,-0.25));
#183 = CARTESIAN_POINT('',(-6.763828031588,0.));
#184 = ( GEOMETRIC_REPRESENTATION_CONTEXT(2) 
PARAMETRIC_REPRESENTATION_CONTEXT() REPRESENTATION_CONTEXT('2D SPACE',''
  ) );
#185 = ORIENTED_EDGE('',*,*,#186,.T.);
#186 = EDGE_CURVE('',#161,#187,#189,.T.);
#187 = VERTEX_POINT('',#188);
#188 = CARTESIAN_POINT('',(18.593173431734,9.,0.5));
#189 = SURFACE_CURVE('',#190,(#194,#200),.PCURVE_S1.);
#190 = LINE('',#191,#192);
#191 = CARTESIAN_POINT('',(18.608558658079,9.397085365646,0.5));
#192 = VECTOR('',#193,1.);
#193 = DIRECTION('',(-3.87163377713E-02,-0.999250241526,0.));
#194 = PCURVE('',#54,#195);
#195 = DEFINITIONAL_REPRESENTATION('',(#196),#199);
#196 = B_SPLINE_CURVE_WITH_KNOTS('',1,(#197,#198),.UNSPECIFIED.,.F.,.F.,
  (2,2),(-10.1104950637,0.7376384163),.PIECEWISE_BEZIER_KNOTS.);
#197 = CARTESIAN_POINT('',(0.,0.2));
#198 = CARTESIAN_POINT('',(10.848133480005,0.2));
#199 = ( GEOMETRIC_REPRESENTATION_CONTEXT(2) 
PARAMETRIC_REPRESENTATION_CONTEXT() REPRESENTATION_CONTEXT('2D SPACE',''
  ) );
#200 = PCURVE('',#201,#206);
#201 = PLANE('',#202);
#202 = AXIS2_PLACEMENT_3D('',#203,#204,#205);
#203 = CARTESIAN_POINT('',(-1.041859148601E-15,1.846063891983E-16,0.5));
#204 = DIRECTION('',(0.,0.,1.));
#205 = DIRECTION('',(1.,0.,-0.));
#206 = DEFINITIONAL_REPRESENTATION('',(#207),#210);
#207 = B_SPLINE_CURVE_WITH_KNOTS('',1,(#208,#209),.UNSPECIFIED.,.F.,.F.,
  (2,2),(-10.1104950637,0.7376384163),.PIECEWISE_BEZIER_KNOTS.);
#208 = CARTESIAN_POINT('',(19.,19.5));
#209 = CARTESIAN_POINT('',(18.58,8.66));
#210 = ( GEOMETRIC_REPRESENTATION_CONTEXT(2) 
PARAMETRIC_REPRESENTATION_CONTEXT() REPRESENTATION_CONTEXT('2D SPACE',''
  ) );
#211 = ORIENTED_EDGE('',*,*,#212,.F.);
#212 = EDGE_CURVE('',#213,#187,#215,.T.);
#213 = VERTEX_POINT('',#214);
#214 = CARTESIAN_POINT('',(18.593173431734,9.,-2.3));
#215 = SURFACE_CURVE('',#216,(#220,#226),.PCURVE_S1.);
#216 = LINE('',#217,#218);
#217 = CARTESIAN_POINT('',(18.593173431734,9.,-1.375));
#218 = VECTOR('',#219,1.);
#219 = DIRECTION('',(-0.,0.,1.));
#220 = PCURVE('',#54,#221);
#221 = DEFINITIONAL_REPRESENTATION('',(#222),#225);
#222 = B_SPLINE_CURVE_WITH_KNOTS('',1,(#223,#224),.UNSPECIFIED.,.F.,.F.,
  (2,2),(-0.925,1.925),.PIECEWISE_BEZIER_KNOTS.);
#223 = CARTESIAN_POINT('',(10.507878370853,3.));
#224 = CARTESIAN_POINT('',(10.507878370853,0.15));
#225 = ( GEOMETRIC_REPRESENTATION_CONTEXT(2) 
PARAMETRIC_REPRESENTATION_CONTEXT() REPRESENTATION_CONTEXT('2D SPACE',''
  ) );
#226 = PCURVE('',#227,#232);
#227 = PLANE('',#228);
#228 = AXIS2_PLACEMENT_3D('',#229,#230,#231);
#229 = CARTESIAN_POINT('',(10.,9.,-3.45));
#230 = DIRECTION('',(0.,1.,0.));
#231 = DIRECTION('',(0.,0.,1.));
#232 = DEFINITIONAL_REPRESENTATION('',(#233),#236);
#233 = B_SPLINE_CURVE_WITH_KNOTS('',1,(#234,#235),.UNSPECIFIED.,.F.,.F.,
  (2,2),(-0.925,1.925),.PIECEWISE_BEZIER_KNOTS.);
#234 = CARTESIAN_POINT('',(1.15,8.593173431734));
#235 = CARTESIAN_POINT('',(4.,8.593173431734));
#236 = ( GEOMETRIC_REPRESENTATION_CONTEXT(2) 
PARAMETRIC_REPRESENTATION_CONTEXT() REPRESENTATION_CONTEXT('2D SPACE',''
  ) );
#237 = ORIENTED_EDGE('',*,*,#238,.F.);
#238 = EDGE_CURVE('',#46,#213,#239,.T.);
#239 = SURFACE_CURVE('',#240,(#244,#251),.PCURVE_S1.);
#240 = LINE('',#241,#242);
#241 = CARTESIAN_POINT('',(19.,19.5,-2.3));
#242 = VECTOR('',#243,1.);
#243 = DIRECTION('',(-3.87163377713E-02,-0.999250241526,0.));
#244 = PCURVE('',#54,#245);
#245 = DEFINITIONAL_REPRESENTATION('',(#246),#250);
#246 = LINE('',#247,#248);
#247 = CARTESIAN_POINT('',(-0.,3.));
#248 = VECTOR('',#249,1.);
#249 = DIRECTION('',(1.,0.));
#250 = ( GEOMETRIC_REPRESENTATION_CONTEXT(2) 
PARAMETRIC_REPRESENTATION_CONTEXT() REPRESENTATION_CONTEXT('2D SPACE',''
  ) );
#251 = PCURVE('',#252,#257);
#252 = PLANE('',#253);
#253 = AXIS2_PLACEMENT_3D('',#254,#255,#256);
#254 = CARTESIAN_POINT('',(44.391587831726,0.,-2.3));
#255 = DIRECTION('',(0.,0.,1.));
#256 = DIRECTION('',(1.,0.,-0.));
#257 = DEFINITIONAL_REPRESENTATION('',(#258),#262);
#258 = LINE('',#259,#260);
#259 = CARTESIAN_POINT('',(-25.39158783172,19.5));
#260 = VECTOR('',#261,1.);
#261 = DIRECTION('',(-3.87163377713E-02,-0.999250241526));
#262 = ( GEOMETRIC_REPRESENTATION_CONTEXT(2) 
PARAMETRIC_REPRESENTATION_CONTEXT() REPRESENTATION_CONTEXT('2D SPACE',''
  ) );
#263 = ADVANCED_FACE('',(#264,#391,#629),#66,.F.);
#264 = FACE_BOUND('',#265,.F.);
#265 = EDGE_LOOP('',(#266,#296,#317,#318,#341,#367));
#266 = ORIENTED_EDGE('',*,*,#267,.F.);
#267 = EDGE_CURVE('',#268,#270,#272,.T.);
#268 = VERTEX_POINT('',#269);
#269 = CARTESIAN_POINT('',(58.,19.5,35.5));
#270 = VERTEX_POINT('',#271);
#271 = CARTESIAN_POINT('',(58.,19.5,1.));
#272 = SURFACE_CURVE('',#273,(#277,#284),.PCURVE_S1.);
#273 = LINE('',#274,#275);
#274 = CARTESIAN_POINT('',(58.,19.5,35.5));
#275 = VECTOR('',#276,1.);
#276 = DIRECTION('',(0.,0.,-1.));
#277 = PCURVE('',#66,#278);
#278 = DEFINITIONAL_REPRESENTATION('',(#279),#283);
#279 = LINE('',#280,#281);
#280 = CARTESIAN_POINT('',(0.,-34.8));
#281 = VECTOR('',#282,1.);
#282 = DIRECTION('',(0.,1.));
#283 = ( GEOMETRIC_REPRESENTATION_CONTEXT(2) 
PARAMETRIC_REPRESENTATION_CONTEXT() REPRESENTATION_CONTEXT('2D SPACE',''
  ) );
#284 = PCURVE('',#285,#290);
#285 = CYLINDRICAL_SURFACE('',#286,19.5);
#286 = AXIS2_PLACEMENT_3D('',#287,#288,#289);
#287 = CARTESIAN_POINT('',(58.,0.,0.7));
#288 = DIRECTION('',(-0.,-0.,-1.));
#289 = DIRECTION('',(-0.,-1.,0.));
#290 = DEFINITIONAL_REPRESENTATION('',(#291),#295);
#291 = LINE('',#292,#293);
#292 = CARTESIAN_POINT('',(-3.14159265359,-34.8));
#293 = VECTOR('',#294,1.);
#294 = DIRECTION('',(0.,1.));
#295 = ( GEOMETRIC_REPRESENTATION_CONTEXT(2) 
PARAMETRIC_REPRESENTATION_CONTEXT() REPRESENTATION_CONTEXT('2D SPACE',''
  ) );
#296 = ORIENTED_EDGE('',*,*,#297,.T.);
#297 = EDGE_CURVE('',#268,#44,#298,.T.);
#298 = SURFACE_CURVE('',#299,(#303,#310),.PCURVE_S1.);
#299 = LINE('',#300,#301);
#300 = CARTESIAN_POINT('',(58.,19.5,35.5));
#301 = VECTOR('',#302,1.);
#302 = DIRECTION('',(-1.,0.,0.));
#303 = PCURVE('',#66,#304);
#304 = DEFINITIONAL_REPRESENTATION('',(#305),#309);
#305 = LINE('',#306,#307);
#306 = CARTESIAN_POINT('',(0.,-34.8));
#307 = VECTOR('',#308,1.);
#308 = DIRECTION('',(1.,0.));
#309 = ( GEOMETRIC_REPRESENTATION_CONTEXT(2) 
PARAMETRIC_REPRESENTATION_CONTEXT() REPRESENTATION_CONTEXT('2D SPACE',''
  ) );
#310 = PCURVE('',#94,#311);
#311 = DEFINITIONAL_REPRESENTATION('',(#312),#316);
#312 = LINE('',#313,#314);
#313 = CARTESIAN_POINT('',(13.608412168274,19.5));
#314 = VECTOR('',#315,1.);
#315 = DIRECTION('',(-1.,0.));
#316 = ( GEOMETRIC_REPRESENTATION_CONTEXT(2) 
PARAMETRIC_REPRESENTATION_CONTEXT() REPRESENTATION_CONTEXT('2D SPACE',''
  ) );
#317 = ORIENTED_EDGE('',*,*,#43,.T.);
#318 = ORIENTED_EDGE('',*,*,#319,.F.);
#319 = EDGE_CURVE('',#320,#46,#322,.T.);
#320 = VERTEX_POINT('',#321);
#321 = CARTESIAN_POINT('',(50.20577136594,19.5,-2.3));
#322 = SURFACE_CURVE('',#323,(#327,#334),.PCURVE_S1.);
#323 = LINE('',#324,#325);
#324 = CARTESIAN_POINT('',(58.,19.5,-2.3));
#325 = VECTOR('',#326,1.);
#326 = DIRECTION('',(-1.,0.,0.));
#327 = PCURVE('',#66,#328);
#328 = DEFINITIONAL_REPRESENTATION('',(#329),#333);
#329 = LINE('',#330,#331);
#330 = CARTESIAN_POINT('',(0.,3.));
#331 = VECTOR('',#332,1.);
#332 = DIRECTION('',(1.,0.));
#333 = ( GEOMETRIC_REPRESENTATION_CONTEXT(2) 
PARAMETRIC_REPRESENTATION_CONTEXT() REPRESENTATION_CONTEXT('2D SPACE',''
  ) );
#334 = PCURVE('',#252,#335);
#335 = DEFINITIONAL_REPRESENTATION('',(#336),#340);
#336 = LINE('',#337,#338);
#337 = CARTESIAN_POINT('',(13.608412168274,19.5));
#338 = VECTOR('',#339,1.);
#339 = DIRECTION('',(-1.,0.));
#340 = ( GEOMETRIC_REPRESENTATION_CONTEXT(2) 
PARAMETRIC_REPRESENTATION_CONTEXT() REPRESENTATION_CONTEXT('2D SPACE',''
  ) );
#341 = ORIENTED_EDGE('',*,*,#342,.F.);
#342 = EDGE_CURVE('',#343,#320,#345,.T.);
#343 = VERTEX_POINT('',#344);
#344 = CARTESIAN_POINT('',(50.20577136594,19.5,1.));
#345 = SURFACE_CURVE('',#346,(#350,#356),.PCURVE_S1.);
#346 = LINE('',#347,#348);
#347 = CARTESIAN_POINT('',(50.20577136594,19.5,-9.3));
#348 = VECTOR('',#349,1.);
#349 = DIRECTION('',(-0.,-0.,-1.));
#350 = PCURVE('',#66,#351);
#351 = DEFINITIONAL_REPRESENTATION('',(#352),#355);
#352 = B_SPLINE_CURVE_WITH_KNOTS('',1,(#353,#354),.UNSPECIFIED.,.F.,.F.,
  (2,2),(-10.3000006,-3.22),.PIECEWISE_BEZIER_KNOTS.);
#353 = CARTESIAN_POINT('',(7.79422863406,-0.3000006));
#354 = CARTESIAN_POINT('',(7.79422863406,6.78));
#355 = ( GEOMETRIC_REPRESENTATION_CONTEXT(2) 
PARAMETRIC_REPRESENTATION_CONTEXT() REPRESENTATION_CONTEXT('2D SPACE',''
  ) );
#356 = PCURVE('',#357,#362);
#357 = CYLINDRICAL_SURFACE('',#358,21.);
#358 = AXIS2_PLACEMENT_3D('',#359,#360,#361);
#359 = CARTESIAN_POINT('',(58.,0.,-9.3));
#360 = DIRECTION('',(-0.,-0.,-1.));
#361 = DIRECTION('',(1.,0.,0.));
#362 = DEFINITIONAL_REPRESENTATION('',(#363),#366);
#363 = B_SPLINE_CURVE_WITH_KNOTS('',1,(#364,#365),.UNSPECIFIED.,.F.,.F.,
  (2,2),(-10.3000006,-3.22),.PIECEWISE_BEZIER_KNOTS.);
#364 = CARTESIAN_POINT('',(-1.951047533488,-10.3000006));
#365 = CARTESIAN_POINT('',(-1.951047533488,-3.22));
#366 = ( GEOMETRIC_REPRESENTATION_CONTEXT(2) 
PARAMETRIC_REPRESENTATION_CONTEXT() REPRESENTATION_CONTEXT('2D SPACE',''
  ) );
#367 = ORIENTED_EDGE('',*,*,#368,.F.);
#368 = EDGE_CURVE('',#270,#343,#369,.T.);
#369 = SURFACE_CURVE('',#370,(#374,#380),.PCURVE_S1.);
#370 = LINE('',#371,#372);
#371 = CARTESIAN_POINT('',(58.,19.5,1.));
#372 = VECTOR('',#373,1.);
#373 = DIRECTION('',(-1.,0.,0.));
#374 = PCURVE('',#66,#375);
#375 = DEFINITIONAL_REPRESENTATION('',(#376),#379);
#376 = B_SPLINE_CURVE_WITH_KNOTS('',1,(#377,#378),.UNSPECIFIED.,.F.,.F.,
  (2,2),(0.,21.),.PIECEWISE_BEZIER_KNOTS.);
#377 = CARTESIAN_POINT('',(0.,-0.3));
#378 = CARTESIAN_POINT('',(21.,-0.3));
#379 = ( GEOMETRIC_REPRESENTATION_CONTEXT(2) 
PARAMETRIC_REPRESENTATION_CONTEXT() REPRESENTATION_CONTEXT('2D SPACE',''
  ) );
#380 = PCURVE('',#381,#386);
#381 = PLANE('',#382);
#382 = AXIS2_PLACEMENT_3D('',#383,#384,#385);
#383 = CARTESIAN_POINT('',(58.,1.846063891983E-16,1.));
#384 = DIRECTION('',(0.,0.,1.));
#385 = DIRECTION('',(1.,0.,-0.));
#386 = DEFINITIONAL_REPRESENTATION('',(#387),#390);
#387 = B_SPLINE_CURVE_WITH_KNOTS('',1,(#388,#389),.UNSPECIFIED.,.F.,.F.,
  (2,2),(0.,21.),.PIECEWISE_BEZIER_KNOTS.);
#388 = CARTESIAN_POINT('',(-7.105427357601E-15,19.5));
#389 = CARTESIAN_POINT('',(-21.,19.5));
#390 = ( GEOMETRIC_REPRESENTATION_CONTEXT(2) 
PARAMETRIC_REPRESENTATION_CONTEXT() REPRESENTATION_CONTEXT('2D SPACE',''
  ) );
#391 = FACE_BOUND('',#392,.F.);
#392 = EDGE_LOOP('',(#393,#428,#454,#487,#513,#546,#572,#605));
#393 = ORIENTED_EDGE('',*,*,#394,.T.);
#394 = EDGE_CURVE('',#395,#397,#399,.T.);
#395 = VERTEX_POINT('',#396);
#396 = CARTESIAN_POINT('',(41.,19.5,5.));
#397 = VERTEX_POINT('',#398);
#398 = CARTESIAN_POINT('',(38.,19.5,8.));
#399 = SURFACE_CURVE('',#400,(#405,#416),.PCURVE_S1.);
#400 = CIRCLE('',#401,3.);
#401 = AXIS2_PLACEMENT_3D('',#402,#403,#404);
#402 = CARTESIAN_POINT('',(41.,19.5,8.));
#403 = DIRECTION('',(0.,1.,0.));
#404 = DIRECTION('',(-1.,0.,0.));
#405 = PCURVE('',#66,#406);
#406 = DEFINITIONAL_REPRESENTATION('',(#407),#415);
#407 = ( BOUNDED_CURVE() B_SPLINE_CURVE(2,(#408,#409,#410,#411,#412,#413
,#414),.UNSPECIFIED.,.T.,.F.) B_SPLINE_CURVE_WITH_KNOTS((1,2,2,2,2,1),(
    -2.094395102393,0.,2.094395102393,4.188790204786,6.28318530718,
8.377580409573),.UNSPECIFIED.) CURVE() GEOMETRIC_REPRESENTATION_ITEM() 
RATIONAL_B_SPLINE_CURVE((1.,0.5,1.,0.5,1.,0.5,1.)) REPRESENTATION_ITEM(
  '') );
#408 = CARTESIAN_POINT('',(20.,-7.3));
#409 = CARTESIAN_POINT('',(20.,-12.4961524227));
#410 = CARTESIAN_POINT('',(15.5,-9.898076211353));
#411 = CARTESIAN_POINT('',(11.,-7.3));
#412 = CARTESIAN_POINT('',(15.5,-4.701923788647));
#413 = CARTESIAN_POINT('',(20.,-2.103847577293));
#414 = CARTESIAN_POINT('',(20.,-7.3));
#415 = ( GEOMETRIC_REPRESENTATION_CONTEXT(2) 
PARAMETRIC_REPRESENTATION_CONTEXT() REPRESENTATION_CONTEXT('2D SPACE',''
  ) );
#416 = PCURVE('',#417,#422);
#417 = CYLINDRICAL_SURFACE('',#418,3.);
#418 = AXIS2_PLACEMENT_3D('',#419,#420,#421);
#419 = CARTESIAN_POINT('',(41.,-25.,8.));
#420 = DIRECTION('',(0.,1.,0.));
#421 = DIRECTION('',(-1.,0.,0.));
#422 = DEFINITIONAL_REPRESENTATION('',(#423),#427);
#423 = LINE('',#424,#425);
#424 = CARTESIAN_POINT('',(-6.28318530718,44.5));
#425 = VECTOR('',#426,1.);
#426 = DIRECTION('',(1.,-0.));
#427 = ( GEOMETRIC_REPRESENTATION_CONTEXT(2) 
PARAMETRIC_REPRESENTATION_CONTEXT() REPRESENTATION_CONTEXT('2D SPACE',''
  ) );
#428 = ORIENTED_EDGE('',*,*,#429,.T.);
#429 = EDGE_CURVE('',#397,#430,#432,.T.);
#430 = VERTEX_POINT('',#431);
#431 = CARTESIAN_POINT('',(38.,19.5,27.));
#432 = SURFACE_CURVE('',#433,(#437,#443),.PCURVE_S1.);
#433 = LINE('',#434,#435);
#434 = CARTESIAN_POINT('',(38.,19.5,2.85));
#435 = VECTOR('',#436,1.);
#436 = DIRECTION('',(-0.,0.,1.));
#437 = PCURVE('',#66,#438);
#438 = DEFINITIONAL_REPRESENTATION('',(#439),#442);
#439 = B_SPLINE_CURVE_WITH_KNOTS('',1,(#440,#441),.UNSPECIFIED.,.F.,.F.,
  (2,2),(5.15,24.15),.PIECEWISE_BEZIER_KNOTS.);
#440 = CARTESIAN_POINT('',(20.,-7.3));
#441 = CARTESIAN_POINT('',(20.,-26.3));
#442 = ( GEOMETRIC_REPRESENTATION_CONTEXT(2) 
PARAMETRIC_REPRESENTATION_CONTEXT() REPRESENTATION_CONTEXT('2D SPACE',''
  ) );
#443 = PCURVE('',#444,#449);
#444 = PLANE('',#445);
#445 = AXIS2_PLACEMENT_3D('',#446,#447,#448);
#446 = CARTESIAN_POINT('',(38.,-25.,5.));
#447 = DIRECTION('',(1.,0.,0.));
#448 = DIRECTION('',(0.,0.,1.));
#449 = DEFINITIONAL_REPRESENTATION('',(#450),#453);
#450 = B_SPLINE_CURVE_WITH_KNOTS('',1,(#451,#452),.UNSPECIFIED.,.F.,.F.,
  (2,2),(5.15,24.15),.PIECEWISE_BEZIER_KNOTS.);
#451 = CARTESIAN_POINT('',(3.,-44.5));
#452 = CARTESIAN_POINT('',(22.,-44.5));
#453 = ( GEOMETRIC_REPRESENTATION_CONTEXT(2) 
PARAMETRIC_REPRESENTATION_CONTEXT() REPRESENTATION_CONTEXT('2D SPACE',''
  ) );
#454 = ORIENTED_EDGE('',*,*,#455,.T.);
#455 = EDGE_CURVE('',#430,#456,#458,.T.);
#456 = VERTEX_POINT('',#457);
#457 = CARTESIAN_POINT('',(41.,19.5,30.));
#458 = SURFACE_CURVE('',#459,(#464,#475),.PCURVE_S1.);
#459 = CIRCLE('',#460,3.);
#460 = AXIS2_PLACEMENT_3D('',#461,#462,#463);
#461 = CARTESIAN_POINT('',(41.,19.5,27.));
#462 = DIRECTION('',(0.,1.,0.));
#463 = DIRECTION('',(-1.,0.,0.));
#464 = PCURVE('',#66,#465);
#465 = DEFINITIONAL_REPRESENTATION('',(#466),#474);
#466 = ( BOUNDED_CURVE() B_SPLINE_CURVE(2,(#467,#468,#469,#470,#471,#472
,#473),.UNSPECIFIED.,.T.,.F.) B_SPLINE_CURVE_WITH_KNOTS((1,2,2,2,2,1),(
    -2.094395102393,0.,2.094395102393,4.188790204786,6.28318530718,
8.377580409573),.UNSPECIFIED.) CURVE() GEOMETRIC_REPRESENTATION_ITEM() 
RATIONAL_B_SPLINE_CURVE((1.,0.5,1.,0.5,1.,0.5,1.)) REPRESENTATION_ITEM(
  '') );
#467 = CARTESIAN_POINT('',(20.,-26.3));
#468 = CARTESIAN_POINT('',(20.,-31.4961524227));
#469 = CARTESIAN_POINT('',(15.5,-28.89807621135));
#470 = CARTESIAN_POINT('',(11.,-26.3));
#471 = CARTESIAN_POINT('',(15.5,-23.70192378864));
#472 = CARTESIAN_POINT('',(20.,-21.10384757729));
#473 = CARTESIAN_POINT('',(20.,-26.3));
#474 = ( GEOMETRIC_REPRESENTATION_CONTEXT(2) 
PARAMETRIC_REPRESENTATION_CONTEXT() REPRESENTATION_CONTEXT('2D SPACE',''
  ) );
#475 = PCURVE('',#476,#481);
#476 = CYLINDRICAL_SURFACE('',#477,3.);
#477 = AXIS2_PLACEMENT_3D('',#478,#479,#480);
#478 = CARTESIAN_POINT('',(41.,-25.,27.));
#479 = DIRECTION('',(0.,1.,0.));
#480 = DIRECTION('',(-1.,0.,0.));
#481 = DEFINITIONAL_REPRESENTATION('',(#482),#486);
#482 = LINE('',#483,#484);
#483 = CARTESIAN_POINT('',(0.,44.5));
#484 = VECTOR('',#485,1.);
#485 = DIRECTION('',(1.,0.));
#486 = ( GEOMETRIC_REPRESENTATION_CONTEXT(2) 
PARAMETRIC_REPRESENTATION_CONTEXT() REPRESENTATION_CONTEXT('2D SPACE',''
  ) );
#487 = ORIENTED_EDGE('',*,*,#488,.F.);
#488 = EDGE_CURVE('',#489,#456,#491,.T.);
#489 = VERTEX_POINT('',#490);
#490 = CARTESIAN_POINT('',(45.,19.5,30.));
#491 = SURFACE_CURVE('',#492,(#496,#502),.PCURVE_S1.);
#492 = LINE('',#493,#494);
#493 = CARTESIAN_POINT('',(48.,19.5,30.));
#494 = VECTOR('',#495,1.);
#495 = DIRECTION('',(-1.,0.,0.));
#496 = PCURVE('',#66,#497);
#497 = DEFINITIONAL_REPRESENTATION('',(#498),#501);
#498 = B_SPLINE_CURVE_WITH_KNOTS('',1,(#499,#500),.UNSPECIFIED.,.F.,.F.,
  (2,2),(3.,7.),.PIECEWISE_BEZIER_KNOTS.);
#499 = CARTESIAN_POINT('',(13.,-29.3));
#500 = CARTESIAN_POINT('',(17.,-29.3));
#501 = ( GEOMETRIC_REPRESENTATION_CONTEXT(2) 
PARAMETRIC_REPRESENTATION_CONTEXT() REPRESENTATION_CONTEXT('2D SPACE',''
  ) );
#502 = PCURVE('',#503,#508);
#503 = PLANE('',#504);
#504 = AXIS2_PLACEMENT_3D('',#505,#506,#507);
#505 = CARTESIAN_POINT('',(38.,-25.,30.));
#506 = DIRECTION('',(0.,0.,1.));
#507 = DIRECTION('',(1.,0.,0.));
#508 = DEFINITIONAL_REPRESENTATION('',(#509),#512);
#509 = B_SPLINE_CURVE_WITH_KNOTS('',1,(#510,#511),.UNSPECIFIED.,.F.,.F.,
  (2,2),(3.,7.),.PIECEWISE_BEZIER_KNOTS.);
#510 = CARTESIAN_POINT('',(7.,44.5));
#511 = CARTESIAN_POINT('',(3.,44.5));
#512 = ( GEOMETRIC_REPRESENTATION_CONTEXT(2) 
PARAMETRIC_REPRESENTATION_CONTEXT() REPRESENTATION_CONTEXT('2D SPACE',''
  ) );
#513 = ORIENTED_EDGE('',*,*,#514,.T.);
#514 = EDGE_CURVE('',#489,#515,#517,.T.);
#515 = VERTEX_POINT('',#516);
#516 = CARTESIAN_POINT('',(48.,19.5,27.));
#517 = SURFACE_CURVE('',#518,(#523,#534),.PCURVE_S1.);
#518 = CIRCLE('',#519,3.);
#519 = AXIS2_PLACEMENT_3D('',#520,#521,#522);
#520 = CARTESIAN_POINT('',(45.,19.5,27.));
#521 = DIRECTION('',(0.,1.,0.));
#522 = DIRECTION('',(1.,0.,-0.));
#523 = PCURVE('',#66,#524);
#524 = DEFINITIONAL_REPRESENTATION('',(#525),#533);
#525 = ( BOUNDED_CURVE() B_SPLINE_CURVE(2,(#526,#527,#528,#529,#530,#531
,#532),.UNSPECIFIED.,.T.,.F.) B_SPLINE_CURVE_WITH_KNOTS((1,2,2,2,2,1),(
    -2.094395102393,0.,2.094395102393,4.188790204786,6.28318530718,
8.377580409573),.UNSPECIFIED.) CURVE() GEOMETRIC_REPRESENTATION_ITEM() 
RATIONAL_B_SPLINE_CURVE((1.,0.5,1.,0.5,1.,0.5,1.)) REPRESENTATION_ITEM(
  '') );
#526 = CARTESIAN_POINT('',(10.,-26.3));
#527 = CARTESIAN_POINT('',(10.,-21.10384757729));
#528 = CARTESIAN_POINT('',(14.5,-23.70192378864));
#529 = CARTESIAN_POINT('',(19.,-26.3));
#530 = CARTESIAN_POINT('',(14.5,-28.89807621135));
#531 = CARTESIAN_POINT('',(10.,-31.4961524227));
#532 = CARTESIAN_POINT('',(10.,-26.3));
#533 = ( GEOMETRIC_REPRESENTATION_CONTEXT(2) 
PARAMETRIC_REPRESENTATION_CONTEXT() REPRESENTATION_CONTEXT('2D SPACE',''
  ) );
#534 = PCURVE('',#535,#540);
#535 = CYLINDRICAL_SURFACE('',#536,3.);
#536 = AXIS2_PLACEMENT_3D('',#537,#538,#539);
#537 = CARTESIAN_POINT('',(45.,-25.,27.));
#538 = DIRECTION('',(0.,1.,0.));
#539 = DIRECTION('',(1.,0.,-0.));
#540 = DEFINITIONAL_REPRESENTATION('',(#541),#545);
#541 = LINE('',#542,#543);
#542 = CARTESIAN_POINT('',(-6.28318530718,44.5));
#543 = VECTOR('',#544,1.);
#544 = DIRECTION('',(1.,-0.));
#545 = ( GEOMETRIC_REPRESENTATION_CONTEXT(2) 
PARAMETRIC_REPRESENTATION_CONTEXT() REPRESENTATION_CONTEXT('2D SPACE',''
  ) );
#546 = ORIENTED_EDGE('',*,*,#547,.F.);
#547 = EDGE_CURVE('',#548,#515,#550,.T.);
#548 = VERTEX_POINT('',#549);
#549 = CARTESIAN_POINT('',(48.,19.5,8.));
#550 = SURFACE_CURVE('',#551,(#555,#561),.PCURVE_S1.);
#551 = LINE('',#552,#553);
#552 = CARTESIAN_POINT('',(48.,19.5,2.85));
#553 = VECTOR('',#554,1.);
#554 = DIRECTION('',(-0.,0.,1.));
#555 = PCURVE('',#66,#556);
#556 = DEFINITIONAL_REPRESENTATION('',(#557),#560);
#557 = B_SPLINE_CURVE_WITH_KNOTS('',1,(#558,#559),.UNSPECIFIED.,.F.,.F.,
  (2,2),(5.15,24.15),.PIECEWISE_BEZIER_KNOTS.);
#558 = CARTESIAN_POINT('',(10.,-7.3));
#559 = CARTESIAN_POINT('',(10.,-26.3));
#560 = ( GEOMETRIC_REPRESENTATION_CONTEXT(2) 
PARAMETRIC_REPRESENTATION_CONTEXT() REPRESENTATION_CONTEXT('2D SPACE',''
  ) );
#561 = PCURVE('',#562,#567);
#562 = PLANE('',#563);
#563 = AXIS2_PLACEMENT_3D('',#564,#565,#566);
#564 = CARTESIAN_POINT('',(48.,-25.,5.));
#565 = DIRECTION('',(1.,0.,0.));
#566 = DIRECTION('',(0.,0.,1.));
#567 = DEFINITIONAL_REPRESENTATION('',(#568),#571);
#568 = B_SPLINE_CURVE_WITH_KNOTS('',1,(#569,#570),.UNSPECIFIED.,.F.,.F.,
  (2,2),(5.15,24.15),.PIECEWISE_BEZIER_KNOTS.);
#569 = CARTESIAN_POINT('',(3.,-44.5));
#570 = CARTESIAN_POINT('',(22.,-44.5));
#571 = ( GEOMETRIC_REPRESENTATION_CONTEXT(2) 
PARAMETRIC_REPRESENTATION_CONTEXT() REPRESENTATION_CONTEXT('2D SPACE',''
  ) );
#572 = ORIENTED_EDGE('',*,*,#573,.T.);
#573 = EDGE_CURVE('',#548,#574,#576,.T.);
#574 = VERTEX_POINT('',#575);
#575 = CARTESIAN_POINT('',(45.,19.5,5.));
#576 = SURFACE_CURVE('',#577,(#582,#593),.PCURVE_S1.);
#577 = CIRCLE('',#578,3.);
#578 = AXIS2_PLACEMENT_3D('',#579,#580,#581);
#579 = CARTESIAN_POINT('',(45.,19.5,8.));
#580 = DIRECTION('',(0.,1.,0.));
#581 = DIRECTION('',(1.,0.,-0.));
#582 = PCURVE('',#66,#583);
#583 = DEFINITIONAL_REPRESENTATION('',(#584),#592);
#584 = ( BOUNDED_CURVE() B_SPLINE_CURVE(2,(#585,#586,#587,#588,#589,#590
,#591),.UNSPECIFIED.,.T.,.F.) B_SPLINE_CURVE_WITH_KNOTS((1,2,2,2,2,1),(
    -2.094395102393,0.,2.094395102393,4.188790204786,6.28318530718,
8.377580409573),.UNSPECIFIED.) CURVE() GEOMETRIC_REPRESENTATION_ITEM() 
RATIONAL_B_SPLINE_CURVE((1.,0.5,1.,0.5,1.,0.5,1.)) REPRESENTATION_ITEM(
  '') );
#585 = CARTESIAN_POINT('',(10.,-7.3));
#586 = CARTESIAN_POINT('',(10.,-2.103847577293));
#587 = CARTESIAN_POINT('',(14.5,-4.701923788647));
#588 = CARTESIAN_POINT('',(19.,-7.3));
#589 = CARTESIAN_POINT('',(14.5,-9.898076211353));
#590 = CARTESIAN_POINT('',(10.,-12.4961524227));
#591 = CARTESIAN_POINT('',(10.,-7.3));
#592 = ( GEOMETRIC_REPRESENTATION_CONTEXT(2) 
PARAMETRIC_REPRESENTATION_CONTEXT() REPRESENTATION_CONTEXT('2D SPACE',''
  ) );
#593 = PCURVE('',#594,#599);
#594 = CYLINDRICAL_SURFACE('',#595,3.);
#595 = AXIS2_PLACEMENT_3D('',#596,#597,#598);
#596 = CARTESIAN_POINT('',(45.,-25.,8.));
#597 = DIRECTION('',(0.,1.,0.));
#598 = DIRECTION('',(1.,0.,-0.));
#599 = DEFINITIONAL_REPRESENTATION('',(#600),#604);
#600 = LINE('',#601,#602);
#601 = CARTESIAN_POINT('',(0.,44.5));
#602 = VECTOR('',#603,1.);
#603 = DIRECTION('',(1.,0.));
#604 = ( GEOMETRIC_REPRESENTATION_CONTEXT(2) 
PARAMETRIC_REPRESENTATION_CONTEXT() REPRESENTATION_CONTEXT('2D SPACE',''
  ) );
#605 = ORIENTED_EDGE('',*,*,#606,.T.);
#606 = EDGE_CURVE('',#574,#395,#607,.T.);
#607 = SURFACE_CURVE('',#608,(#612,#618),.PCURVE_S1.);
#608 = LINE('',#609,#610);
#609 = CARTESIAN_POINT('',(48.,19.5,5.));
#610 = VECTOR('',#611,1.);
#611 = DIRECTION('',(-1.,0.,0.));
#612 = PCURVE('',#66,#613);
#613 = DEFINITIONAL_REPRESENTATION('',(#614),#617);
#614 = B_SPLINE_CURVE_WITH_KNOTS('',1,(#615,#616),.UNSPECIFIED.,.F.,.F.,
  (2,2),(3.,7.),.PIECEWISE_BEZIER_KNOTS.);
#615 = CARTESIAN_POINT('',(13.,-4.3));
#616 = CARTESIAN_POINT('',(17.,-4.3));
#617 = ( GEOMETRIC_REPRESENTATION_CONTEXT(2) 
PARAMETRIC_REPRESENTATION_CONTEXT() REPRESENTATION_CONTEXT('2D SPACE',''
  ) );
#618 = PCURVE('',#619,#624);
#619 = PLANE('',#620);
#620 = AXIS2_PLACEMENT_3D('',#621,#622,#623);
#621 = CARTESIAN_POINT('',(38.,-25.,5.));
#622 = DIRECTION('',(0.,0.,1.));
#623 = DIRECTION('',(1.,0.,0.));
#624 = DEFINITIONAL_REPRESENTATION('',(#625),#628);
#625 = B_SPLINE_CURVE_WITH_KNOTS('',1,(#626,#627),.UNSPECIFIED.,.F.,.F.,
  (2,2),(3.,7.),.PIECEWISE_BEZIER_KNOTS.);
#626 = CARTESIAN_POINT('',(7.,44.5));
#627 = CARTESIAN_POINT('',(3.,44.5));
#628 = ( GEOMETRIC_REPRESENTATION_CONTEXT(2) 
PARAMETRIC_REPRESENTATION_CONTEXT() REPRESENTATION_CONTEXT('2D SPACE',''
  ) );
#629 = FACE_BOUND('',#630,.F.);
#630 = EDGE_LOOP('',(#631,#659,#685,#711,#737,#770,#796,#829,#855,#888,
    #914,#947));
#631 = ORIENTED_EDGE('',*,*,#632,.F.);
#632 = EDGE_CURVE('',#633,#635,#637,.T.);
#633 = VERTEX_POINT('',#634);
#634 = CARTESIAN_POINT('',(29.,19.5,0.65));
#635 = VERTEX_POINT('',#636);
#636 = CARTESIAN_POINT('',(29.,19.5,5.));
#637 = SURFACE_CURVE('',#638,(#642,#648),.PCURVE_S1.);
#638 = LINE('',#639,#640);
#639 = CARTESIAN_POINT('',(29.,19.5,0.675));
#640 = VECTOR('',#641,1.);
#641 = DIRECTION('',(-0.,0.,1.));
#642 = PCURVE('',#66,#643);
#643 = DEFINITIONAL_REPRESENTATION('',(#644),#647);
#644 = B_SPLINE_CURVE_WITH_KNOTS('',1,(#645,#646),.UNSPECIFIED.,.F.,.F.,
  (2,2),(-2.5E-02,4.325),.PIECEWISE_BEZIER_KNOTS.);
#645 = CARTESIAN_POINT('',(29.,5.E-02));
#646 = CARTESIAN_POINT('',(29.,-4.3));
#647 = ( GEOMETRIC_REPRESENTATION_CONTEXT(2) 
PARAMETRIC_REPRESENTATION_CONTEXT() REPRESENTATION_CONTEXT('2D SPACE',''
  ) );
#648 = PCURVE('',#649,#654);
#649 = PLANE('',#650);
#650 = AXIS2_PLACEMENT_3D('',#651,#652,#653);
#651 = CARTESIAN_POINT('',(29.,-25.,0.65));
#652 = DIRECTION('',(1.,0.,0.));
#653 = DIRECTION('',(0.,0.,1.));
#654 = DEFINITIONAL_REPRESENTATION('',(#655),#658);
#655 = B_SPLINE_CURVE_WITH_KNOTS('',1,(#656,#657),.UNSPECIFIED.,.F.,.F.,
  (2,2),(-2.5E-02,4.325),.PIECEWISE_BEZIER_KNOTS.);
#656 = CARTESIAN_POINT('',(0.,-44.5));
#657 = CARTESIAN_POINT('',(4.35,-44.5));
#658 = ( GEOMETRIC_REPRESENTATION_CONTEXT(2) 
PARAMETRIC_REPRESENTATION_CONTEXT() REPRESENTATION_CONTEXT('2D SPACE',''
  ) );
#659 = ORIENTED_EDGE('',*,*,#660,.T.);
#660 = EDGE_CURVE('',#633,#661,#663,.T.);
#661 = VERTEX_POINT('',#662);
#662 = CARTESIAN_POINT('',(25.,19.5,0.65));
#663 = SURFACE_CURVE('',#664,(#668,#674),.PCURVE_S1.);
#664 = LINE('',#665,#666);
#665 = CARTESIAN_POINT('',(41.5,19.5,0.65));
#666 = VECTOR('',#667,1.);
#667 = DIRECTION('',(-1.,0.,0.));
#668 = PCURVE('',#66,#669);
#669 = DEFINITIONAL_REPRESENTATION('',(#670),#673);
#670 = B_SPLINE_CURVE_WITH_KNOTS('',1,(#671,#672),.UNSPECIFIED.,.F.,.F.,
  (2,2),(12.5,16.5),.PIECEWISE_BEZIER_KNOTS.);
#671 = CARTESIAN_POINT('',(29.,5.E-02));
#672 = CARTESIAN_POINT('',(33.,5.E-02));
#673 = ( GEOMETRIC_REPRESENTATION_CONTEXT(2) 
PARAMETRIC_REPRESENTATION_CONTEXT() REPRESENTATION_CONTEXT('2D SPACE',''
  ) );
#674 = PCURVE('',#675,#680);
#675 = PLANE('',#676);
#676 = AXIS2_PLACEMENT_3D('',#677,#678,#679);
#677 = CARTESIAN_POINT('',(25.,-25.,0.65));
#678 = DIRECTION('',(0.,0.,1.));
#679 = DIRECTION('',(1.,0.,0.));
#680 = DEFINITIONAL_REPRESENTATION('',(#681),#684);
#681 = B_SPLINE_CURVE_WITH_KNOTS('',1,(#682,#683),.UNSPECIFIED.,.F.,.F.,
  (2,2),(12.5,16.5),.PIECEWISE_BEZIER_KNOTS.);
#682 = CARTESIAN_POINT('',(4.,44.5));
#683 = CARTESIAN_POINT('',(0.,44.5));
#684 = ( GEOMETRIC_REPRESENTATION_CONTEXT(2) 
PARAMETRIC_REPRESENTATION_CONTEXT() REPRESENTATION_CONTEXT('2D SPACE',''
  ) );
#685 = ORIENTED_EDGE('',*,*,#686,.T.);
#686 = EDGE_CURVE('',#661,#687,#689,.T.);
#687 = VERTEX_POINT('',#688);
#688 = CARTESIAN_POINT('',(25.,19.5,5.));
#689 = SURFACE_CURVE('',#690,(#694,#700),.PCURVE_S1.);
#690 = LINE('',#691,#692);
#691 = CARTESIAN_POINT('',(25.,19.5,0.675));
#692 = VECTOR('',#693,1.);
#693 = DIRECTION('',(-0.,0.,1.));
#694 = PCURVE('',#66,#695);
#695 = DEFINITIONAL_REPRESENTATION('',(#696),#699);
#696 = B_SPLINE_CURVE_WITH_KNOTS('',1,(#697,#698),.UNSPECIFIED.,.F.,.F.,
  (2,2),(-2.5E-02,4.325),.PIECEWISE_BEZIER_KNOTS.);
#697 = CARTESIAN_POINT('',(33.,5.E-02));
#698 = CARTESIAN_POINT('',(33.,-4.3));
#699 = ( GEOMETRIC_REPRESENTATION_CONTEXT(2) 
PARAMETRIC_REPRESENTATION_CONTEXT() REPRESENTATION_CONTEXT('2D SPACE',''
  ) );
#700 = PCURVE('',#701,#706);
#701 = PLANE('',#702);
#702 = AXIS2_PLACEMENT_3D('',#703,#704,#705);
#703 = CARTESIAN_POINT('',(25.,-25.,0.65));
#704 = DIRECTION('',(1.,0.,0.));
#705 = DIRECTION('',(0.,0.,1.));
#706 = DEFINITIONAL_REPRESENTATION('',(#707),#710);
#707 = B_SPLINE_CURVE_WITH_KNOTS('',1,(#708,#709),.UNSPECIFIED.,.F.,.F.,
  (2,2),(-2.5E-02,4.325),.PIECEWISE_BEZIER_KNOTS.);
#708 = CARTESIAN_POINT('',(0.,-44.5));
#709 = CARTESIAN_POINT('',(4.35,-44.5));
#710 = ( GEOMETRIC_REPRESENTATION_CONTEXT(2) 
PARAMETRIC_REPRESENTATION_CONTEXT() REPRESENTATION_CONTEXT('2D SPACE',''
  ) );
#711 = ORIENTED_EDGE('',*,*,#712,.F.);
#712 = EDGE_CURVE('',#713,#687,#715,.T.);
#713 = VERTEX_POINT('',#714);
#714 = CARTESIAN_POINT('',(27.,19.5,5.));
#715 = SURFACE_CURVE('',#716,(#720,#726),.PCURVE_S1.);
#716 = LINE('',#717,#718);
#717 = CARTESIAN_POINT('',(41.5,19.5,5.));
#718 = VECTOR('',#719,1.);
#719 = DIRECTION('',(-1.,0.,0.));
#720 = PCURVE('',#66,#721);
#721 = DEFINITIONAL_REPRESENTATION('',(#722),#725);
#722 = B_SPLINE_CURVE_WITH_KNOTS('',1,(#723,#724),.UNSPECIFIED.,.F.,.F.,
  (2,2),(12.5,16.5),.PIECEWISE_BEZIER_KNOTS.);
#723 = CARTESIAN_POINT('',(29.,-4.3));
#724 = CARTESIAN_POINT('',(33.,-4.3));
#725 = ( GEOMETRIC_REPRESENTATION_CONTEXT(2) 
PARAMETRIC_REPRESENTATION_CONTEXT() REPRESENTATION_CONTEXT('2D SPACE',''
  ) );
#726 = PCURVE('',#727,#732);
#727 = PLANE('',#728);
#728 = AXIS2_PLACEMENT_3D('',#729,#730,#731);
#729 = CARTESIAN_POINT('',(25.,-25.,5.));
#730 = DIRECTION('',(0.,0.,1.));
#731 = DIRECTION('',(1.,0.,0.));
#732 = DEFINITIONAL_REPRESENTATION('',(#733),#736);
#733 = B_SPLINE_CURVE_WITH_KNOTS('',1,(#734,#735),.UNSPECIFIED.,.F.,.F.,
  (2,2),(12.5,16.5),.PIECEWISE_BEZIER_KNOTS.);
#734 = CARTESIAN_POINT('',(4.,44.5));
#735 = CARTESIAN_POINT('',(0.,44.5));
#736 = ( GEOMETRIC_REPRESENTATION_CONTEXT(2) 
PARAMETRIC_REPRESENTATION_CONTEXT() REPRESENTATION_CONTEXT('2D SPACE',''
  ) );
#737 = ORIENTED_EDGE('',*,*,#738,.T.);
#738 = EDGE_CURVE('',#713,#739,#741,.T.);
#739 = VERTEX_POINT('',#740);
#740 = CARTESIAN_POINT('',(24.,19.5,8.));
#741 = SURFACE_CURVE('',#742,(#747,#758),.PCURVE_S1.);
#742 = CIRCLE('',#743,3.);
#743 = AXIS2_PLACEMENT_3D('',#744,#745,#746);
#744 = CARTESIAN_POINT('',(27.,19.5,8.));
#745 = DIRECTION('',(0.,1.,0.));
#746 = DIRECTION('',(-1.,0.,0.));
#747 = PCURVE('',#66,#748);
#748 = DEFINITIONAL_REPRESENTATION('',(#749),#757);
#749 = ( BOUNDED_CURVE() B_SPLINE_CURVE(2,(#750,#751,#752,#753,#754,#755
,#756),.UNSPECIFIED.,.T.,.F.) B_SPLINE_CURVE_WITH_KNOTS((1,2,2,2,2,1),(
    -2.094395102393,0.,2.094395102393,4.188790204786,6.28318530718,
8.377580409573),.UNSPECIFIED.) CURVE() GEOMETRIC_REPRESENTATION_ITEM() 
RATIONAL_B_SPLINE_CURVE((1.,0.5,1.,0.5,1.,0.5,1.)) REPRESENTATION_ITEM(
  '') );
#750 = CARTESIAN_POINT('',(34.,-7.3));
#751 = CARTESIAN_POINT('',(34.,-12.4961524227));
#752 = CARTESIAN_POINT('',(29.5,-9.898076211353));
#753 = CARTESIAN_POINT('',(25.,-7.3));
#754 = CARTESIAN_POINT('',(29.5,-4.701923788647));
#755 = CARTESIAN_POINT('',(34.,-2.103847577293));
#756 = CARTESIAN_POINT('',(34.,-7.3));
#757 = ( GEOMETRIC_REPRESENTATION_CONTEXT(2) 
PARAMETRIC_REPRESENTATION_CONTEXT() REPRESENTATION_CONTEXT('2D SPACE',''
  ) );
#758 = PCURVE('',#759,#764);
#759 = CYLINDRICAL_SURFACE('',#760,3.);
#760 = AXIS2_PLACEMENT_3D('',#761,#762,#763);
#761 = CARTESIAN_POINT('',(27.,-25.,8.));
#762 = DIRECTION('',(0.,1.,0.));
#763 = DIRECTION('',(-1.,0.,0.));
#764 = DEFINITIONAL_REPRESENTATION('',(#765),#769);
#765 = LINE('',#766,#767);
#766 = CARTESIAN_POINT('',(-6.28318530718,44.5));
#767 = VECTOR('',#768,1.);
#768 = DIRECTION('',(1.,-0.));
#769 = ( GEOMETRIC_REPRESENTATION_CONTEXT(2) 
PARAMETRIC_REPRESENTATION_CONTEXT() REPRESENTATION_CONTEXT('2D SPACE',''
  ) );
#770 = ORIENTED_EDGE('',*,*,#771,.T.);
#771 = EDGE_CURVE('',#739,#772,#774,.T.);
#772 = VERTEX_POINT('',#773);
#773 = CARTESIAN_POINT('',(24.,19.5,27.));
#774 = SURFACE_CURVE('',#775,(#779,#785),.PCURVE_S1.);
#775 = LINE('',#776,#777);
#776 = CARTESIAN_POINT('',(24.,19.5,2.85));
#777 = VECTOR('',#778,1.);
#778 = DIRECTION('',(-0.,0.,1.));
#779 = PCURVE('',#66,#780);
#780 = DEFINITIONAL_REPRESENTATION('',(#781),#784);
#781 = B_SPLINE_CURVE_WITH_KNOTS('',1,(#782,#783),.UNSPECIFIED.,.F.,.F.,
  (2,2),(5.15,24.15),.PIECEWISE_BEZIER_KNOTS.);
#782 = CARTESIAN_POINT('',(34.,-7.3));
#783 = CARTESIAN_POINT('',(34.,-26.3));
#784 = ( GEOMETRIC_REPRESENTATION_CONTEXT(2) 
PARAMETRIC_REPRESENTATION_CONTEXT() REPRESENTATION_CONTEXT('2D SPACE',''
  ) );
#785 = PCURVE('',#786,#791);
#786 = PLANE('',#787);
#787 = AXIS2_PLACEMENT_3D('',#788,#789,#790);
#788 = CARTESIAN_POINT('',(24.,-25.,5.));
#789 = DIRECTION('',(1.,0.,0.));
#790 = DIRECTION('',(0.,0.,1.));
#791 = DEFINITIONAL_REPRESENTATION('',(#792),#795);
#792 = B_SPLINE_CURVE_WITH_KNOTS('',1,(#793,#794),.UNSPECIFIED.,.F.,.F.,
  (2,2),(5.15,24.15),.PIECEWISE_BEZIER_KNOTS.);
#793 = CARTESIAN_POINT('',(3.,-44.5));
#794 = CARTESIAN_POINT('',(22.,-44.5));
#795 = ( GEOMETRIC_REPRESENTATION_CONTEXT(2) 
PARAMETRIC_REPRESENTATION_CONTEXT() REPRESENTATION_CONTEXT('2D SPACE',''
  ) );
#796 = ORIENTED_EDGE('',*,*,#797,.T.);
#797 = EDGE_CURVE('',#772,#798,#800,.T.);
#798 = VERTEX_POINT('',#799);
#799 = CARTESIAN_POINT('',(27.,19.5,30.));
#800 = SURFACE_CURVE('',#801,(#806,#817),.PCURVE_S1.);
#801 = CIRCLE('',#802,3.);
#802 = AXIS2_PLACEMENT_3D('',#803,#804,#805);
#803 = CARTESIAN_POINT('',(27.,19.5,27.));
#804 = DIRECTION('',(0.,1.,0.));
#805 = DIRECTION('',(-1.,0.,0.));
#806 = PCURVE('',#66,#807);
#807 = DEFINITIONAL_REPRESENTATION('',(#808),#816);
#808 = ( BOUNDED_CURVE() B_SPLINE_CURVE(2,(#809,#810,#811,#812,#813,#814
,#815),.UNSPECIFIED.,.T.,.F.) B_SPLINE_CURVE_WITH_KNOTS((1,2,2,2,2,1),(
    -2.094395102393,0.,2.094395102393,4.188790204786,6.28318530718,
8.377580409573),.UNSPECIFIED.) CURVE() GEOMETRIC_REPRESENTATION_ITEM() 
RATIONAL_B_SPLINE_CURVE((1.,0.5,1.,0.5,1.,0.5,1.)) REPRESENTATION_ITEM(
  '') );
#809 = CARTESIAN_POINT('',(34.,-26.3));
#810 = CARTESIAN_POINT('',(34.,-31.4961524227));
#811 = CARTESIAN_POINT('',(29.5,-28.89807621135));
#812 = CARTESIAN_POINT('',(25.,-26.3));
#813 = CARTESIAN_POINT('',(29.5,-23.70192378864));
#814 = CARTESIAN_POINT('',(34.,-21.10384757729));
#815 = CARTESIAN_POINT('',(34.,-26.3));
#816 = ( GEOMETRIC_REPRESENTATION_CONTEXT(2) 
PARAMETRIC_REPRESENTATION_CONTEXT() REPRESENTATION_CONTEXT('2D SPACE',''
  ) );
#817 = PCURVE('',#818,#823);
#818 = CYLINDRICAL_SURFACE('',#819,3.);
#819 = AXIS2_PLACEMENT_3D('',#820,#821,#822);
#820 = CARTESIAN_POINT('',(27.,-25.,27.));
#821 = DIRECTION('',(0.,1.,0.));
#822 = DIRECTION('',(-1.,0.,0.));
#823 = DEFINITIONAL_REPRESENTATION('',(#824),#828);
#824 = LINE('',#825,#826);
#825 = CARTESIAN_POINT('',(0.,44.5));
#826 = VECTOR('',#827,1.);
#827 = DIRECTION('',(1.,0.));
#828 = ( GEOMETRIC_REPRESENTATION_CONTEXT(2) 
PARAMETRIC_REPRESENTATION_CONTEXT() REPRESENTATION_CONTEXT('2D SPACE',''
  ) );
#829 = ORIENTED_EDGE('',*,*,#830,.F.);
#830 = EDGE_CURVE('',#831,#798,#833,.T.);
#831 = VERTEX_POINT('',#832);
#832 = CARTESIAN_POINT('',(30.,19.5,30.));
#833 = SURFACE_CURVE('',#834,(#838,#844),.PCURVE_S1.);
#834 = LINE('',#835,#836);
#835 = CARTESIAN_POINT('',(41.,19.5,30.));
#836 = VECTOR('',#837,1.);
#837 = DIRECTION('',(-1.,0.,0.));
#838 = PCURVE('',#66,#839);
#839 = DEFINITIONAL_REPRESENTATION('',(#840),#843);
#840 = B_SPLINE_CURVE_WITH_KNOTS('',1,(#841,#842),.UNSPECIFIED.,.F.,.F.,
  (2,2),(11.,14.),.PIECEWISE_BEZIER_KNOTS.);
#841 = CARTESIAN_POINT('',(28.,-29.3));
#842 = CARTESIAN_POINT('',(31.,-29.3));
#843 = ( GEOMETRIC_REPRESENTATION_CONTEXT(2) 
PARAMETRIC_REPRESENTATION_CONTEXT() REPRESENTATION_CONTEXT('2D SPACE',''
  ) );
#844 = PCURVE('',#845,#850);
#845 = PLANE('',#846);
#846 = AXIS2_PLACEMENT_3D('',#847,#848,#849);
#847 = CARTESIAN_POINT('',(24.,-25.,30.));
#848 = DIRECTION('',(0.,0.,1.));
#849 = DIRECTION('',(1.,0.,0.));
#850 = DEFINITIONAL_REPRESENTATION('',(#851),#854);
#851 = B_SPLINE_CURVE_WITH_KNOTS('',1,(#852,#853),.UNSPECIFIED.,.F.,.F.,
  (2,2),(11.,14.),.PIECEWISE_BEZIER_KNOTS.);
#852 = CARTESIAN_POINT('',(6.,44.5));
#853 = CARTESIAN_POINT('',(3.,44.5));
#854 = ( GEOMETRIC_REPRESENTATION_CONTEXT(2) 
PARAMETRIC_REPRESENTATION_CONTEXT() REPRESENTATION_CONTEXT('2D SPACE',''
  ) );
#855 = ORIENTED_EDGE('',*,*,#856,.T.);
#856 = EDGE_CURVE('',#831,#857,#859,.T.);
#857 = VERTEX_POINT('',#858);
#858 = CARTESIAN_POINT('',(33.,19.5,27.));
#859 = SURFACE_CURVE('',#860,(#865,#876),.PCURVE_S1.);
#860 = CIRCLE('',#861,3.);
#861 = AXIS2_PLACEMENT_3D('',#862,#863,#864);
#862 = CARTESIAN_POINT('',(30.,19.5,27.));
#863 = DIRECTION('',(0.,1.,0.));
#864 = DIRECTION('',(1.,0.,-0.));
#865 = PCURVE('',#66,#866);
#866 = DEFINITIONAL_REPRESENTATION('',(#867),#875);
#867 = ( BOUNDED_CURVE() B_SPLINE_CURVE(2,(#868,#869,#870,#871,#872,#873
,#874),.UNSPECIFIED.,.T.,.F.) B_SPLINE_CURVE_WITH_KNOTS((1,2,2,2,2,1),(
    -2.094395102393,0.,2.094395102393,4.188790204786,6.28318530718,
8.377580409573),.UNSPECIFIED.) CURVE() GEOMETRIC_REPRESENTATION_ITEM() 
RATIONAL_B_SPLINE_CURVE((1.,0.5,1.,0.5,1.,0.5,1.)) REPRESENTATION_ITEM(
  '') );
#868 = CARTESIAN_POINT('',(25.,-26.3));
#869 = CARTESIAN_POINT('',(25.,-21.10384757729));
#870 = CARTESIAN_POINT('',(29.5,-23.70192378864));
#871 = CARTESIAN_POINT('',(34.,-26.3));
#872 = CARTESIAN_POINT('',(29.5,-28.89807621135));
#873 = CARTESIAN_POINT('',(25.,-31.4961524227));
#874 = CARTESIAN_POINT('',(25.,-26.3));
#875 = ( GEOMETRIC_REPRESENTATION_CONTEXT(2) 
PARAMETRIC_REPRESENTATION_CONTEXT() REPRESENTATION_CONTEXT('2D SPACE',''
  ) );
#876 = PCURVE('',#877,#882);
#877 = CYLINDRICAL_SURFACE('',#878,3.);
#878 = AXIS2_PLACEMENT_3D('',#879,#880,#881);
#879 = CARTESIAN_POINT('',(30.,-25.,27.));
#880 = DIRECTION('',(0.,1.,0.));
#881 = DIRECTION('',(1.,0.,-0.));
#882 = DEFINITIONAL_REPRESENTATION('',(#883),#887);
#883 = LINE('',#884,#885);
#884 = CARTESIAN_POINT('',(-6.28318530718,44.5));
#885 = VECTOR('',#886,1.);
#886 = DIRECTION('',(1.,-0.));
#887 = ( GEOMETRIC_REPRESENTATION_CONTEXT(2) 
PARAMETRIC_REPRESENTATION_CONTEXT() REPRESENTATION_CONTEXT('2D SPACE',''
  ) );
#888 = ORIENTED_EDGE('',*,*,#889,.F.);
#889 = EDGE_CURVE('',#890,#857,#892,.T.);
#890 = VERTEX_POINT('',#891);
#891 = CARTESIAN_POINT('',(33.,19.5,8.));
#892 = SURFACE_CURVE('',#893,(#897,#903),.PCURVE_S1.);
#893 = LINE('',#894,#895);
#894 = CARTESIAN_POINT('',(33.,19.5,2.85));
#895 = VECTOR('',#896,1.);
#896 = DIRECTION('',(-0.,0.,1.));
#897 = PCURVE('',#66,#898);
#898 = DEFINITIONAL_REPRESENTATION('',(#899),#902);
#899 = B_SPLINE_CURVE_WITH_KNOTS('',1,(#900,#901),.UNSPECIFIED.,.F.,.F.,
  (2,2),(5.15,24.15),.PIECEWISE_BEZIER_KNOTS.);
#900 = CARTESIAN_POINT('',(25.,-7.3));
#901 = CARTESIAN_POINT('',(25.,-26.3));
#902 = ( GEOMETRIC_REPRESENTATION_CONTEXT(2) 
PARAMETRIC_REPRESENTATION_CONTEXT() REPRESENTATION_CONTEXT('2D SPACE',''
  ) );
#903 = PCURVE('',#904,#909);
#904 = PLANE('',#905);
#905 = AXIS2_PLACEMENT_3D('',#906,#907,#908);
#906 = CARTESIAN_POINT('',(33.,-25.,5.));
#907 = DIRECTION('',(1.,0.,0.));
#908 = DIRECTION('',(0.,0.,1.));
#909 = DEFINITIONAL_REPRESENTATION('',(#910),#913);
#910 = B_SPLINE_CURVE_WITH_KNOTS('',1,(#911,#912),.UNSPECIFIED.,.F.,.F.,
  (2,2),(5.15,24.15),.PIECEWISE_BEZIER_KNOTS.);
#911 = CARTESIAN_POINT('',(3.,-44.5));
#912 = CARTESIAN_POINT('',(22.,-44.5));
#913 = ( GEOMETRIC_REPRESENTATION_CONTEXT(2) 
PARAMETRIC_REPRESENTATION_CONTEXT() REPRESENTATION_CONTEXT('2D SPACE',''
  ) );
#914 = ORIENTED_EDGE('',*,*,#915,.T.);
#915 = EDGE_CURVE('',#890,#916,#918,.T.);
#916 = VERTEX_POINT('',#917);
#917 = CARTESIAN_POINT('',(30.,19.5,5.));
#918 = SURFACE_CURVE('',#919,(#924,#935),.PCURVE_S1.);
#919 = CIRCLE('',#920,3.);
#920 = AXIS2_PLACEMENT_3D('',#921,#922,#923);
#921 = CARTESIAN_POINT('',(30.,19.5,8.));
#922 = DIRECTION('',(0.,1.,0.));
#923 = DIRECTION('',(1.,0.,-0.));
#924 = PCURVE('',#66,#925);
#925 = DEFINITIONAL_REPRESENTATION('',(#926),#934);
#926 = ( BOUNDED_CURVE() B_SPLINE_CURVE(2,(#927,#928,#929,#930,#931,#932
,#933),.UNSPECIFIED.,.T.,.F.) B_SPLINE_CURVE_WITH_KNOTS((1,2,2,2,2,1),(
    -2.094395102393,0.,2.094395102393,4.188790204786,6.28318530718,
8.377580409573),.UNSPECIFIED.) CURVE() GEOMETRIC_REPRESENTATION_ITEM() 
RATIONAL_B_SPLINE_CURVE((1.,0.5,1.,0.5,1.,0.5,1.)) REPRESENTATION_ITEM(
  '') );
#927 = CARTESIAN_POINT('',(25.,-7.3));
#928 = CARTESIAN_POINT('',(25.,-2.103847577293));
#929 = CARTESIAN_POINT('',(29.5,-4.701923788647));
#930 = CARTESIAN_POINT('',(34.,-7.3));
#931 = CARTESIAN_POINT('',(29.5,-9.898076211353));
#932 = CARTESIAN_POINT('',(25.,-12.4961524227));
#933 = CARTESIAN_POINT('',(25.,-7.3));
#934 = ( GEOMETRIC_REPRESENTATION_CONTEXT(2) 
PARAMETRIC_REPRESENTATION_CONTEXT() REPRESENTATION_CONTEXT('2D SPACE',''
  ) );
#935 = PCURVE('',#936,#941);
#936 = CYLINDRICAL_SURFACE('',#937,3.);
#937 = AXIS2_PLACEMENT_3D('',#938,#939,#940);
#938 = CARTESIAN_POINT('',(30.,-25.,8.));
#939 = DIRECTION('',(0.,1.,0.));
#940 = DIRECTION('',(1.,0.,-0.));
#941 = DEFINITIONAL_REPRESENTATION('',(#942),#946);
#942 = LINE('',#943,#944);
#943 = CARTESIAN_POINT('',(0.,44.5));
#944 = VECTOR('',#945,1.);
#945 = DIRECTION('',(1.,0.));
#946 = ( GEOMETRIC_REPRESENTATION_CONTEXT(2) 
PARAMETRIC_REPRESENTATION_CONTEXT() REPRESENTATION_CONTEXT('2D SPACE',''
  ) );
#947 = ORIENTED_EDGE('',*,*,#948,.T.);
#948 = EDGE_CURVE('',#916,#635,#949,.T.);
#949 = SURFACE_CURVE('',#950,(#954,#960),.PCURVE_S1.);
#950 = LINE('',#951,#952);
#951 = CARTESIAN_POINT('',(41.,19.5,5.));
#952 = VECTOR('',#953,1.);
#953 = DIRECTION('',(-1.,0.,0.));
#954 = PCURVE('',#66,#955);
#955 = DEFINITIONAL_REPRESENTATION('',(#956),#959);
#956 = B_SPLINE_CURVE_WITH_KNOTS('',1,(#957,#958),.UNSPECIFIED.,.F.,.F.,
  (2,2),(11.,14.),.PIECEWISE_BEZIER_KNOTS.);
#957 = CARTESIAN_POINT('',(28.,-4.3));
#958 = CARTESIAN_POINT('',(31.,-4.3));
#959 = ( GEOMETRIC_REPRESENTATION_CONTEXT(2) 
PARAMETRIC_REPRESENTATION_CONTEXT() REPRESENTATION_CONTEXT('2D SPACE',''
  ) );
#960 = PCURVE('',#961,#966);
#961 = PLANE('',#962);
#962 = AXIS2_PLACEMENT_3D('',#963,#964,#965);
#963 = CARTESIAN_POINT('',(24.,-25.,5.));
#964 = DIRECTION('',(0.,0.,1.));
#965 = DIRECTION('',(1.,0.,0.));
#966 = DEFINITIONAL_REPRESENTATION('',(#967),#970);
#967 = B_SPLINE_CURVE_WITH_KNOTS('',1,(#968,#969),.UNSPECIFIED.,.F.,.F.,
  (2,2),(11.,14.),.PIECEWISE_BEZIER_KNOTS.);
#968 = CARTESIAN_POINT('',(6.,44.5));
#969 = CARTESIAN_POINT('',(3.,44.5));
#970 = ( GEOMETRIC_REPRESENTATION_CONTEXT(2) 
PARAMETRIC_REPRESENTATION_CONTEXT() REPRESENTATION_CONTEXT('2D SPACE',''
  ) );
#971 = ADVANCED_FACE('',(#972),#252,.F.);
#972 = FACE_BOUND('',#973,.F.);
#973 = EDGE_LOOP('',(#974,#1004,#1030,#1058,#1086,#1112,#1113,#1114,
    #1135,#1163,#1192,#1220,#1249,#1277,#1305,#1331,#1359,#1387,#1415,
    #1441,#1469,#1497,#1525,#1546,#1574,#1602,#1630,#1656,#1684,#1712,
    #1741,#1769));
#974 = ORIENTED_EDGE('',*,*,#975,.F.);
#975 = EDGE_CURVE('',#976,#978,#980,.T.);
#976 = VERTEX_POINT('',#977);
#977 = CARTESIAN_POINT('',(22.,-9.,-2.3));
#978 = VERTEX_POINT('',#979);
#979 = CARTESIAN_POINT('',(22.,-10.46887112585,-2.3));
#980 = SURFACE_CURVE('',#981,(#985,#992),.PCURVE_S1.);
#981 = LINE('',#982,#983);
#982 = CARTESIAN_POINT('',(22.,-8.5,-2.3));
#983 = VECTOR('',#984,1.);
#984 = DIRECTION('',(0.,-1.,0.));
#985 = PCURVE('',#252,#986);
#986 = DEFINITIONAL_REPRESENTATION('',(#987),#991);
#987 = LINE('',#988,#989);
#988 = CARTESIAN_POINT('',(-22.39158783172,-8.5));
#989 = VECTOR('',#990,1.);
#990 = DIRECTION('',(0.,-1.));
#991 = ( GEOMETRIC_REPRESENTATION_CONTEXT(2) 
PARAMETRIC_REPRESENTATION_CONTEXT() REPRESENTATION_CONTEXT('2D SPACE',''
  ) );
#992 = PCURVE('',#993,#998);
#993 = PLANE('',#994);
#994 = AXIS2_PLACEMENT_3D('',#995,#996,#997);
#995 = CARTESIAN_POINT('',(22.,-10.,-3.037002071054));
#996 = DIRECTION('',(1.,0.,0.));
#997 = DIRECTION('',(-0.,0.,1.));
#998 = DEFINITIONAL_REPRESENTATION('',(#999),#1003);
#999 = LINE('',#1000,#1001);
#1000 = CARTESIAN_POINT('',(0.737002071054,-1.5));
#1001 = VECTOR('',#1002,1.);
#1002 = DIRECTION('',(0.,1.));
#1003 = ( GEOMETRIC_REPRESENTATION_CONTEXT(2) 
PARAMETRIC_REPRESENTATION_CONTEXT() REPRESENTATION_CONTEXT('2D SPACE',''
  ) );
#1004 = ORIENTED_EDGE('',*,*,#1005,.T.);
#1005 = EDGE_CURVE('',#976,#1006,#1008,.T.);
#1006 = VERTEX_POINT('',#1007);
#1007 = CARTESIAN_POINT('',(18.593173431734,-9.,-2.3));
#1008 = SURFACE_CURVE('',#1009,(#1013,#1019),.PCURVE_S1.);
#1009 = LINE('',#1010,#1011);
#1010 = CARTESIAN_POINT('',(27.195793915863,-9.,-2.3));
#1011 = VECTOR('',#1012,1.);
#1012 = DIRECTION('',(-1.,0.,0.));
#1013 = PCURVE('',#252,#1014);
#1014 = DEFINITIONAL_REPRESENTATION('',(#1015),#1018);
#1015 = B_SPLINE_CURVE_WITH_KNOTS('',1,(#1016,#1017),.UNSPECIFIED.,.F.,
  .F.,(2,2),(5.195793915863,8.615793915863),.PIECEWISE_BEZIER_KNOTS.);
#1016 = CARTESIAN_POINT('',(-22.39158783172,-9.));
#1017 = CARTESIAN_POINT('',(-25.81158783172,-9.));
#1018 = ( GEOMETRIC_REPRESENTATION_CONTEXT(2) 
PARAMETRIC_REPRESENTATION_CONTEXT() REPRESENTATION_CONTEXT('2D SPACE',''
  ) );
#1019 = PCURVE('',#1020,#1025);
#1020 = PLANE('',#1021);
#1021 = AXIS2_PLACEMENT_3D('',#1022,#1023,#1024);
#1022 = CARTESIAN_POINT('',(10.,-9.,-3.45));
#1023 = DIRECTION('',(0.,1.,0.));
#1024 = DIRECTION('',(0.,0.,1.));
#1025 = DEFINITIONAL_REPRESENTATION('',(#1026),#1029);
#1026 = B_SPLINE_CURVE_WITH_KNOTS('',1,(#1027,#1028),.UNSPECIFIED.,.F.,
  .F.,(2,2),(5.195793915863,8.615793915863),.PIECEWISE_BEZIER_KNOTS.);
#1027 = CARTESIAN_POINT('',(1.15,12.));
#1028 = CARTESIAN_POINT('',(1.15,8.58));
#1029 = ( GEOMETRIC_REPRESENTATION_CONTEXT(2) 
PARAMETRIC_REPRESENTATION_CONTEXT() REPRESENTATION_CONTEXT('2D SPACE',''
  ) );
#1030 = ORIENTED_EDGE('',*,*,#1031,.T.);
#1031 = EDGE_CURVE('',#1006,#1032,#1034,.T.);
#1032 = VERTEX_POINT('',#1033);
#1033 = CARTESIAN_POINT('',(19.,-19.5,-2.3));
#1034 = SURFACE_CURVE('',#1035,(#1039,#1046),.PCURVE_S1.);
#1035 = LINE('',#1036,#1037);
#1036 = CARTESIAN_POINT('',(18.58,-8.66,-2.3));
#1037 = VECTOR('',#1038,1.);
#1038 = DIRECTION('',(3.87163377713E-02,-0.999250241526,0.));
#1039 = PCURVE('',#252,#1040);
#1040 = DEFINITIONAL_REPRESENTATION('',(#1041),#1045);
#1041 = LINE('',#1042,#1043);
#1042 = CARTESIAN_POINT('',(-25.81158783172,-8.66));
#1043 = VECTOR('',#1044,1.);
#1044 = DIRECTION('',(3.87163377713E-02,-0.999250241526));
#1045 = ( GEOMETRIC_REPRESENTATION_CONTEXT(2) 
PARAMETRIC_REPRESENTATION_CONTEXT() REPRESENTATION_CONTEXT('2D SPACE',''
  ) );
#1046 = PCURVE('',#1047,#1052);
#1047 = PLANE('',#1048);
#1048 = AXIS2_PLACEMENT_3D('',#1049,#1050,#1051);
#1049 = CARTESIAN_POINT('',(18.58,-8.66,0.7));
#1050 = DIRECTION('',(0.999250241526,3.87163377713E-02,-0.));
#1051 = DIRECTION('',(3.87163377713E-02,-0.999250241526,0.));
#1052 = DEFINITIONAL_REPRESENTATION('',(#1053),#1057);
#1053 = LINE('',#1054,#1055);
#1054 = CARTESIAN_POINT('',(0.,3.));
#1055 = VECTOR('',#1056,1.);
#1056 = DIRECTION('',(1.,0.));
#1057 = ( GEOMETRIC_REPRESENTATION_CONTEXT(2) 
PARAMETRIC_REPRESENTATION_CONTEXT() REPRESENTATION_CONTEXT('2D SPACE',''
  ) );
#1058 = ORIENTED_EDGE('',*,*,#1059,.T.);
#1059 = EDGE_CURVE('',#1032,#1060,#1062,.T.);
#1060 = VERTEX_POINT('',#1061);
#1061 = CARTESIAN_POINT('',(50.20577136594,-19.5,-2.3));
#1062 = SURFACE_CURVE('',#1063,(#1067,#1074),.PCURVE_S1.);
#1063 = LINE('',#1064,#1065);
#1064 = CARTESIAN_POINT('',(19.,-19.5,-2.3));
#1065 = VECTOR('',#1066,1.);
#1066 = DIRECTION('',(1.,0.,0.));
#1067 = PCURVE('',#252,#1068);
#1068 = DEFINITIONAL_REPRESENTATION('',(#1069),#1073);
#1069 = LINE('',#1070,#1071);
#1070 = CARTESIAN_POINT('',(-25.39158783172,-19.5));
#1071 = VECTOR('',#1072,1.);
#1072 = DIRECTION('',(1.,0.));
#1073 = ( GEOMETRIC_REPRESENTATION_CONTEXT(2) 
PARAMETRIC_REPRESENTATION_CONTEXT() REPRESENTATION_CONTEXT('2D SPACE',''
  ) );
#1074 = PCURVE('',#1075,#1080);
#1075 = PLANE('',#1076);
#1076 = AXIS2_PLACEMENT_3D('',#1077,#1078,#1079);
#1077 = CARTESIAN_POINT('',(19.,-19.5,0.7));
#1078 = DIRECTION('',(0.,1.,0.));
#1079 = DIRECTION('',(1.,0.,0.));
#1080 = DEFINITIONAL_REPRESENTATION('',(#1081),#1085);
#1081 = LINE('',#1082,#1083);
#1082 = CARTESIAN_POINT('',(0.,3.));
#1083 = VECTOR('',#1084,1.);
#1084 = DIRECTION('',(1.,0.));
#1085 = ( GEOMETRIC_REPRESENTATION_CONTEXT(2) 
PARAMETRIC_REPRESENTATION_CONTEXT() REPRESENTATION_CONTEXT('2D SPACE',''
  ) );
#1086 = ORIENTED_EDGE('',*,*,#1087,.T.);
#1087 = EDGE_CURVE('',#1060,#320,#1088,.T.);
#1088 = SURFACE_CURVE('',#1089,(#1094,#1105),.PCURVE_S1.);
#1089 = CIRCLE('',#1090,21.);
#1090 = AXIS2_PLACEMENT_3D('',#1091,#1092,#1093);
#1091 = CARTESIAN_POINT('',(58.,0.,-2.3));
#1092 = DIRECTION('',(0.,0.,-1.));
#1093 = DIRECTION('',(1.,0.,0.));
#1094 = PCURVE('',#252,#1095);
#1095 = DEFINITIONAL_REPRESENTATION('',(#1096),#1104);
#1096 = ( BOUNDED_CURVE() B_SPLINE_CURVE(2,(#1097,#1098,#1099,#1100,
#1101,#1102,#1103),.UNSPECIFIED.,.T.,.F.) B_SPLINE_CURVE_WITH_KNOTS((1,2
    ,2,2,2,1),(-2.094395102393,0.,2.094395102393,4.188790204786,
6.28318530718,8.377580409573),.UNSPECIFIED.) CURVE() 
GEOMETRIC_REPRESENTATION_ITEM() RATIONAL_B_SPLINE_CURVE((1.,0.5,1.,0.5,
1.,0.5,1.)) REPRESENTATION_ITEM('') );
#1097 = CARTESIAN_POINT('',(34.608412168274,0.));
#1098 = CARTESIAN_POINT('',(34.608412168274,-36.37306695894));
#1099 = CARTESIAN_POINT('',(3.108412168274,-18.18653347947));
#1100 = CARTESIAN_POINT('',(-28.39158783172,-5.143516556419E-15));
#1101 = CARTESIAN_POINT('',(3.108412168274,18.186533479473));
#1102 = CARTESIAN_POINT('',(34.608412168274,36.373066958946));
#1103 = CARTESIAN_POINT('',(34.608412168274,0.));
#1104 = ( GEOMETRIC_REPRESENTATION_CONTEXT(2) 
PARAMETRIC_REPRESENTATION_CONTEXT() REPRESENTATION_CONTEXT('2D SPACE',''
  ) );
#1105 = PCURVE('',#357,#1106);
#1106 = DEFINITIONAL_REPRESENTATION('',(#1107),#1111);
#1107 = LINE('',#1108,#1109);
#1108 = CARTESIAN_POINT('',(-6.28318530718,-7.));
#1109 = VECTOR('',#1110,1.);
#1110 = DIRECTION('',(1.,-0.));
#1111 = ( GEOMETRIC_REPRESENTATION_CONTEXT(2) 
PARAMETRIC_REPRESENTATION_CONTEXT() REPRESENTATION_CONTEXT('2D SPACE',''
  ) );
#1112 = ORIENTED_EDGE('',*,*,#319,.T.);
#1113 = ORIENTED_EDGE('',*,*,#238,.T.);
#1114 = ORIENTED_EDGE('',*,*,#1115,.F.);
#1115 = EDGE_CURVE('',#1116,#213,#1118,.T.);
#1116 = VERTEX_POINT('',#1117);
#1117 = CARTESIAN_POINT('',(22.,9.,-2.3));
#1118 = SURFACE_CURVE('',#1119,(#1123,#1129),.PCURVE_S1.);
#1119 = LINE('',#1120,#1121);
#1120 = CARTESIAN_POINT('',(27.195793915863,9.,-2.3));
#1121 = VECTOR('',#1122,1.);
#1122 = DIRECTION('',(-1.,0.,0.));
#1123 = PCURVE('',#252,#1124);
#1124 = DEFINITIONAL_REPRESENTATION('',(#1125),#1128);
#1125 = B_SPLINE_CURVE_WITH_KNOTS('',1,(#1126,#1127),.UNSPECIFIED.,.F.,
  .F.,(2,2),(5.195793915863,8.615793915863),.PIECEWISE_BEZIER_KNOTS.);
#1126 = CARTESIAN_POINT('',(-22.39158783172,9.));
#1127 = CARTESIAN_POINT('',(-25.81158783172,9.));
#1128 = ( GEOMETRIC_REPRESENTATION_CONTEXT(2) 
PARAMETRIC_REPRESENTATION_CONTEXT() REPRESENTATION_CONTEXT('2D SPACE',''
  ) );
#1129 = PCURVE('',#227,#1130);
#1130 = DEFINITIONAL_REPRESENTATION('',(#1131),#1134);
#1131 = B_SPLINE_CURVE_WITH_KNOTS('',1,(#1132,#1133),.UNSPECIFIED.,.F.,
  .F.,(2,2),(5.195793915863,8.615793915863),.PIECEWISE_BEZIER_KNOTS.);
#1132 = CARTESIAN_POINT('',(1.15,12.));
#1133 = CARTESIAN_POINT('',(1.15,8.58));
#1134 = ( GEOMETRIC_REPRESENTATION_CONTEXT(2) 
PARAMETRIC_REPRESENTATION_CONTEXT() REPRESENTATION_CONTEXT('2D SPACE',''
  ) );
#1135 = ORIENTED_EDGE('',*,*,#1136,.F.);
#1136 = EDGE_CURVE('',#1137,#1116,#1139,.T.);
#1137 = VERTEX_POINT('',#1138);
#1138 = CARTESIAN_POINT('',(22.,10.468871125851,-2.3));
#1139 = SURFACE_CURVE('',#1140,(#1144,#1151),.PCURVE_S1.);
#1140 = LINE('',#1141,#1142);
#1141 = CARTESIAN_POINT('',(22.,11.5,-2.3));
#1142 = VECTOR('',#1143,1.);
#1143 = DIRECTION('',(0.,-1.,0.));
#1144 = PCURVE('',#252,#1145);
#1145 = DEFINITIONAL_REPRESENTATION('',(#1146),#1150);
#1146 = LINE('',#1147,#1148);
#1147 = CARTESIAN_POINT('',(-22.39158783172,11.5));
#1148 = VECTOR('',#1149,1.);
#1149 = DIRECTION('',(0.,-1.));
#1150 = ( GEOMETRIC_REPRESENTATION_CONTEXT(2) 
PARAMETRIC_REPRESENTATION_CONTEXT() REPRESENTATION_CONTEXT('2D SPACE',''
  ) );
#1151 = PCURVE('',#1152,#1157);
#1152 = PLANE('',#1153);
#1153 = AXIS2_PLACEMENT_3D('',#1154,#1155,#1156);
#1154 = CARTESIAN_POINT('',(22.,10.,-3.037002071054));
#1155 = DIRECTION('',(1.,0.,0.));
#1156 = DIRECTION('',(-0.,0.,1.));
#1157 = DEFINITIONAL_REPRESENTATION('',(#1158),#1162);
#1158 = LINE('',#1159,#1160);
#1159 = CARTESIAN_POINT('',(0.737002071054,-1.5));
#1160 = VECTOR('',#1161,1.);
#1161 = DIRECTION('',(0.,1.));
#1162 = ( GEOMETRIC_REPRESENTATION_CONTEXT(2) 
PARAMETRIC_REPRESENTATION_CONTEXT() REPRESENTATION_CONTEXT('2D SPACE',''
  ) );
#1163 = ORIENTED_EDGE('',*,*,#1164,.F.);
#1164 = EDGE_CURVE('',#1165,#1137,#1167,.T.);
#1165 = VERTEX_POINT('',#1166);
#1166 = CARTESIAN_POINT('',(27.35410196625,11.5,-2.3));
#1167 = SURFACE_CURVE('',#1168,(#1173,#1180),.PCURVE_S1.);
#1168 = CIRCLE('',#1169,4.5);
#1169 = AXIS2_PLACEMENT_3D('',#1170,#1171,#1172);
#1170 = CARTESIAN_POINT('',(24.,14.5,-2.3));
#1171 = DIRECTION('',(-0.,0.,1.));
#1172 = DIRECTION('',(0.7453559925,-0.666666666667,0.));
#1173 = PCURVE('',#252,#1174);
#1174 = DEFINITIONAL_REPRESENTATION('',(#1175),#1179);
#1175 = CIRCLE('',#1176,4.5);
#1176 = AXIS2_PLACEMENT_2D('',#1177,#1178);
#1177 = CARTESIAN_POINT('',(-20.39158783172,14.5));
#1178 = DIRECTION('',(0.7453559925,-0.666666666667));
#1179 = ( GEOMETRIC_REPRESENTATION_CONTEXT(2) 
PARAMETRIC_REPRESENTATION_CONTEXT() REPRESENTATION_CONTEXT('2D SPACE',''
  ) );
#1180 = PCURVE('',#1181,#1186);
#1181 = CYLINDRICAL_SURFACE('',#1182,4.5);
#1182 = AXIS2_PLACEMENT_3D('',#1183,#1184,#1185);
#1183 = CARTESIAN_POINT('',(24.,14.5,-4.3));
#1184 = DIRECTION('',(-0.,-0.,-1.));
#1185 = DIRECTION('',(1.,0.,0.));
#1186 = DEFINITIONAL_REPRESENTATION('',(#1187),#1191);
#1187 = LINE('',#1188,#1189);
#1188 = CARTESIAN_POINT('',(-5.553457650953,-2.));
#1189 = VECTOR('',#1190,1.);
#1190 = DIRECTION('',(-1.,-0.));
#1191 = ( GEOMETRIC_REPRESENTATION_CONTEXT(2) 
PARAMETRIC_REPRESENTATION_CONTEXT() REPRESENTATION_CONTEXT('2D SPACE',''
  ) );
#1192 = ORIENTED_EDGE('',*,*,#1193,.T.);
#1193 = EDGE_CURVE('',#1165,#1194,#1196,.T.);
#1194 = VERTEX_POINT('',#1195);
#1195 = CARTESIAN_POINT('',(30.64589803375,11.5,-2.3));
#1196 = SURFACE_CURVE('',#1197,(#1201,#1208),.PCURVE_S1.);
#1197 = LINE('',#1198,#1199);
#1198 = CARTESIAN_POINT('',(22.,11.5,-2.3));
#1199 = VECTOR('',#1200,1.);
#1200 = DIRECTION('',(1.,0.,0.));
#1201 = PCURVE('',#252,#1202);
#1202 = DEFINITIONAL_REPRESENTATION('',(#1203),#1207);
#1203 = LINE('',#1204,#1205);
#1204 = CARTESIAN_POINT('',(-22.39158783172,11.5));
#1205 = VECTOR('',#1206,1.);
#1206 = DIRECTION('',(1.,0.));
#1207 = ( GEOMETRIC_REPRESENTATION_CONTEXT(2) 
PARAMETRIC_REPRESENTATION_CONTEXT() REPRESENTATION_CONTEXT('2D SPACE',''
  ) );
#1208 = PCURVE('',#1209,#1214);
#1209 = PLANE('',#1210);
#1210 = AXIS2_PLACEMENT_3D('',#1211,#1212,#1213);
#1211 = CARTESIAN_POINT('',(22.,10.4,-4.3));
#1212 = DIRECTION('',(0.,-0.876215908677,0.481918749772));
#1213 = DIRECTION('',(0.,0.481918749772,0.876215908677));
#1214 = DEFINITIONAL_REPRESENTATION('',(#1215),#1219);
#1215 = LINE('',#1216,#1217);
#1216 = CARTESIAN_POINT('',(2.282542442103,0.));
#1217 = VECTOR('',#1218,1.);
#1218 = DIRECTION('',(0.,-1.));
#1219 = ( GEOMETRIC_REPRESENTATION_CONTEXT(2) 
PARAMETRIC_REPRESENTATION_CONTEXT() REPRESENTATION_CONTEXT('2D SPACE',''
  ) );
#1220 = ORIENTED_EDGE('',*,*,#1221,.F.);
#1221 = EDGE_CURVE('',#1222,#1194,#1224,.T.);
#1222 = VERTEX_POINT('',#1223);
#1223 = CARTESIAN_POINT('',(35.,10.112517806304,-2.3));
#1224 = SURFACE_CURVE('',#1225,(#1230,#1237),.PCURVE_S1.);
#1225 = CIRCLE('',#1226,4.5);
#1226 = AXIS2_PLACEMENT_3D('',#1227,#1228,#1229);
#1227 = CARTESIAN_POINT('',(34.,14.5,-2.3));
#1228 = DIRECTION('',(-0.,0.,1.));
#1229 = DIRECTION('',(0.222222222222,-0.974996043044,0.));
#1230 = PCURVE('',#252,#1231);
#1231 = DEFINITIONAL_REPRESENTATION('',(#1232),#1236);
#1232 = CIRCLE('',#1233,4.5);
#1233 = AXIS2_PLACEMENT_2D('',#1234,#1235);
#1234 = CARTESIAN_POINT('',(-10.39158783172,14.5));
#1235 = DIRECTION('',(0.222222222222,-0.974996043044));
#1236 = ( GEOMETRIC_REPRESENTATION_CONTEXT(2) 
PARAMETRIC_REPRESENTATION_CONTEXT() REPRESENTATION_CONTEXT('2D SPACE',''
  ) );
#1237 = PCURVE('',#1238,#1243);
#1238 = CYLINDRICAL_SURFACE('',#1239,4.5);
#1239 = AXIS2_PLACEMENT_3D('',#1240,#1241,#1242);
#1240 = CARTESIAN_POINT('',(34.,14.5,-4.3));
#1241 = DIRECTION('',(-0.,-0.,-1.));
#1242 = DIRECTION('',(1.,0.,0.));
#1243 = DEFINITIONAL_REPRESENTATION('',(#1244),#1248);
#1244 = LINE('',#1245,#1246);
#1245 = CARTESIAN_POINT('',(-4.936482072686,-2.));
#1246 = VECTOR('',#1247,1.);
#1247 = DIRECTION('',(-1.,-0.));
#1248 = ( GEOMETRIC_REPRESENTATION_CONTEXT(2) 
PARAMETRIC_REPRESENTATION_CONTEXT() REPRESENTATION_CONTEXT('2D SPACE',''
  ) );
#1249 = ORIENTED_EDGE('',*,*,#1250,.T.);
#1250 = EDGE_CURVE('',#1222,#1251,#1253,.T.);
#1251 = VERTEX_POINT('',#1252);
#1252 = CARTESIAN_POINT('',(35.,8.5,-2.3));
#1253 = SURFACE_CURVE('',#1254,(#1258,#1265),.PCURVE_S1.);
#1254 = LINE('',#1255,#1256);
#1255 = CARTESIAN_POINT('',(35.,11.5,-2.3));
#1256 = VECTOR('',#1257,1.);
#1257 = DIRECTION('',(0.,-1.,0.));
#1258 = PCURVE('',#252,#1259);
#1259 = DEFINITIONAL_REPRESENTATION('',(#1260),#1264);
#1260 = LINE('',#1261,#1262);
#1261 = CARTESIAN_POINT('',(-9.391587831726,11.5));
#1262 = VECTOR('',#1263,1.);
#1263 = DIRECTION('',(0.,-1.));
#1264 = ( GEOMETRIC_REPRESENTATION_CONTEXT(2) 
PARAMETRIC_REPRESENTATION_CONTEXT() REPRESENTATION_CONTEXT('2D SPACE',''
  ) );
#1265 = PCURVE('',#1266,#1271);
#1266 = PLANE('',#1267);
#1267 = AXIS2_PLACEMENT_3D('',#1268,#1269,#1270);
#1268 = CARTESIAN_POINT('',(35.,10.,-3.037002071054));
#1269 = DIRECTION('',(1.,0.,0.));
#1270 = DIRECTION('',(-0.,0.,1.));
#1271 = DEFINITIONAL_REPRESENTATION('',(#1272),#1276);
#1272 = LINE('',#1273,#1274);
#1273 = CARTESIAN_POINT('',(0.737002071054,-1.5));
#1274 = VECTOR('',#1275,1.);
#1275 = DIRECTION('',(0.,1.));
#1276 = ( GEOMETRIC_REPRESENTATION_CONTEXT(2) 
PARAMETRIC_REPRESENTATION_CONTEXT() REPRESENTATION_CONTEXT('2D SPACE',''
  ) );
#1277 = ORIENTED_EDGE('',*,*,#1278,.F.);
#1278 = EDGE_CURVE('',#1279,#1251,#1281,.T.);
#1279 = VERTEX_POINT('',#1280);
#1280 = CARTESIAN_POINT('',(22.,8.5,-2.3));
#1281 = SURFACE_CURVE('',#1282,(#1286,#1293),.PCURVE_S1.);
#1282 = LINE('',#1283,#1284);
#1283 = CARTESIAN_POINT('',(22.,8.5,-2.3));
#1284 = VECTOR('',#1285,1.);
#1285 = DIRECTION('',(1.,0.,0.));
#1286 = PCURVE('',#252,#1287);
#1287 = DEFINITIONAL_REPRESENTATION('',(#1288),#1292);
#1288 = LINE('',#1289,#1290);
#1289 = CARTESIAN_POINT('',(-22.39158783172,8.5));
#1290 = VECTOR('',#1291,1.);
#1291 = DIRECTION('',(1.,0.));
#1292 = ( GEOMETRIC_REPRESENTATION_CONTEXT(2) 
PARAMETRIC_REPRESENTATION_CONTEXT() REPRESENTATION_CONTEXT('2D SPACE',''
  ) );
#1293 = PCURVE('',#1294,#1299);
#1294 = PLANE('',#1295);
#1295 = AXIS2_PLACEMENT_3D('',#1296,#1297,#1298);
#1296 = CARTESIAN_POINT('',(22.,8.5,-2.3));
#1297 = DIRECTION('',(-0.,0.876215908677,0.481918749772));
#1298 = DIRECTION('',(0.,0.481918749772,-0.876215908677));
#1299 = DEFINITIONAL_REPRESENTATION('',(#1300),#1304);
#1300 = LINE('',#1301,#1302);
#1301 = CARTESIAN_POINT('',(0.,0.));
#1302 = VECTOR('',#1303,1.);
#1303 = DIRECTION('',(0.,-1.));
#1304 = ( GEOMETRIC_REPRESENTATION_CONTEXT(2) 
PARAMETRIC_REPRESENTATION_CONTEXT() REPRESENTATION_CONTEXT('2D SPACE',''
  ) );
#1305 = ORIENTED_EDGE('',*,*,#1306,.F.);
#1306 = EDGE_CURVE('',#1307,#1279,#1309,.T.);
#1307 = VERTEX_POINT('',#1308);
#1308 = CARTESIAN_POINT('',(22.,6.5,-2.3));
#1309 = SURFACE_CURVE('',#1310,(#1314,#1320),.PCURVE_S1.);
#1310 = LINE('',#1311,#1312);
#1311 = CARTESIAN_POINT('',(22.,-4.5,-2.3));
#1312 = VECTOR('',#1313,1.);
#1313 = DIRECTION('',(0.,1.,0.));
#1314 = PCURVE('',#252,#1315);
#1315 = DEFINITIONAL_REPRESENTATION('',(#1316),#1319);
#1316 = B_SPLINE_CURVE_WITH_KNOTS('',1,(#1317,#1318),.UNSPECIFIED.,.F.,
  .F.,(2,2),(-4.5,13.5),.PIECEWISE_BEZIER_KNOTS.);
#1317 = CARTESIAN_POINT('',(-22.39158783172,-9.));
#1318 = CARTESIAN_POINT('',(-22.39158783172,9.));
#1319 = ( GEOMETRIC_REPRESENTATION_CONTEXT(2) 
PARAMETRIC_REPRESENTATION_CONTEXT() REPRESENTATION_CONTEXT('2D SPACE',''
  ) );
#1320 = PCURVE('',#1321,#1326);
#1321 = PLANE('',#1322);
#1322 = AXIS2_PLACEMENT_3D('',#1323,#1324,#1325);
#1323 = CARTESIAN_POINT('',(22.,-9.,-3.45));
#1324 = DIRECTION('',(1.,0.,0.));
#1325 = DIRECTION('',(0.,0.,1.));
#1326 = DEFINITIONAL_REPRESENTATION('',(#1327),#1330);
#1327 = B_SPLINE_CURVE_WITH_KNOTS('',1,(#1328,#1329),.UNSPECIFIED.,.F.,
  .F.,(2,2),(-4.5,13.5),.PIECEWISE_BEZIER_KNOTS.);
#1328 = CARTESIAN_POINT('',(1.15,0.));
#1329 = CARTESIAN_POINT('',(1.15,-18.));
#1330 = ( GEOMETRIC_REPRESENTATION_CONTEXT(2) 
PARAMETRIC_REPRESENTATION_CONTEXT() REPRESENTATION_CONTEXT('2D SPACE',''
  ) );
#1331 = ORIENTED_EDGE('',*,*,#1332,.T.);
#1332 = EDGE_CURVE('',#1307,#1333,#1335,.T.);
#1333 = VERTEX_POINT('',#1334);
#1334 = CARTESIAN_POINT('',(35.,6.5,-2.3));
#1335 = SURFACE_CURVE('',#1336,(#1340,#1347),.PCURVE_S1.);
#1336 = LINE('',#1337,#1338);
#1337 = CARTESIAN_POINT('',(22.,6.5,-2.3));
#1338 = VECTOR('',#1339,1.);
#1339 = DIRECTION('',(1.,0.,0.));
#1340 = PCURVE('',#252,#1341);
#1341 = DEFINITIONAL_REPRESENTATION('',(#1342),#1346);
#1342 = LINE('',#1343,#1344);
#1343 = CARTESIAN_POINT('',(-22.39158783172,6.5));
#1344 = VECTOR('',#1345,1.);
#1345 = DIRECTION('',(1.,0.));
#1346 = ( GEOMETRIC_REPRESENTATION_CONTEXT(2) 
PARAMETRIC_REPRESENTATION_CONTEXT() REPRESENTATION_CONTEXT('2D SPACE',''
  ) );
#1347 = PCURVE('',#1348,#1353);
#1348 = PLANE('',#1349);
#1349 = AXIS2_PLACEMENT_3D('',#1350,#1351,#1352);
#1350 = CARTESIAN_POINT('',(22.,5.4,-4.3));
#1351 = DIRECTION('',(0.,-0.876215908677,0.481918749772));
#1352 = DIRECTION('',(0.,0.481918749772,0.876215908677));
#1353 = DEFINITIONAL_REPRESENTATION('',(#1354),#1358);
#1354 = LINE('',#1355,#1356);
#1355 = CARTESIAN_POINT('',(2.282542442103,0.));
#1356 = VECTOR('',#1357,1.);
#1357 = DIRECTION('',(0.,-1.));
#1358 = ( GEOMETRIC_REPRESENTATION_CONTEXT(2) 
PARAMETRIC_REPRESENTATION_CONTEXT() REPRESENTATION_CONTEXT('2D SPACE',''
  ) );
#1359 = ORIENTED_EDGE('',*,*,#1360,.T.);
#1360 = EDGE_CURVE('',#1333,#1361,#1363,.T.);
#1361 = VERTEX_POINT('',#1362);
#1362 = CARTESIAN_POINT('',(35.,3.5,-2.3));
#1363 = SURFACE_CURVE('',#1364,(#1368,#1375),.PCURVE_S1.);
#1364 = LINE('',#1365,#1366);
#1365 = CARTESIAN_POINT('',(35.,6.5,-2.3));
#1366 = VECTOR('',#1367,1.);
#1367 = DIRECTION('',(0.,-1.,0.));
#1368 = PCURVE('',#252,#1369);
#1369 = DEFINITIONAL_REPRESENTATION('',(#1370),#1374);
#1370 = LINE('',#1371,#1372);
#1371 = CARTESIAN_POINT('',(-9.391587831726,6.5));
#1372 = VECTOR('',#1373,1.);
#1373 = DIRECTION('',(0.,-1.));
#1374 = ( GEOMETRIC_REPRESENTATION_CONTEXT(2) 
PARAMETRIC_REPRESENTATION_CONTEXT() REPRESENTATION_CONTEXT('2D SPACE',''
  ) );
#1375 = PCURVE('',#1376,#1381);
#1376 = PLANE('',#1377);
#1377 = AXIS2_PLACEMENT_3D('',#1378,#1379,#1380);
#1378 = CARTESIAN_POINT('',(35.,5.,-3.037002071054));
#1379 = DIRECTION('',(1.,0.,0.));
#1380 = DIRECTION('',(-0.,0.,1.));
#1381 = DEFINITIONAL_REPRESENTATION('',(#1382),#1386);
#1382 = LINE('',#1383,#1384);
#1383 = CARTESIAN_POINT('',(0.737002071054,-1.5));
#1384 = VECTOR('',#1385,1.);
#1385 = DIRECTION('',(0.,1.));
#1386 = ( GEOMETRIC_REPRESENTATION_CONTEXT(2) 
PARAMETRIC_REPRESENTATION_CONTEXT() REPRESENTATION_CONTEXT('2D SPACE',''
  ) );
#1387 = ORIENTED_EDGE('',*,*,#1388,.F.);
#1388 = EDGE_CURVE('',#1389,#1361,#1391,.T.);
#1389 = VERTEX_POINT('',#1390);
#1390 = CARTESIAN_POINT('',(28.5,3.5,-2.3));
#1391 = SURFACE_CURVE('',#1392,(#1396,#1403),.PCURVE_S1.);
#1392 = LINE('',#1393,#1394);
#1393 = CARTESIAN_POINT('',(22.,3.5,-2.3));
#1394 = VECTOR('',#1395,1.);
#1395 = DIRECTION('',(1.,0.,0.));
#1396 = PCURVE('',#252,#1397);
#1397 = DEFINITIONAL_REPRESENTATION('',(#1398),#1402);
#1398 = LINE('',#1399,#1400);
#1399 = CARTESIAN_POINT('',(-22.39158783172,3.5));
#1400 = VECTOR('',#1401,1.);
#1401 = DIRECTION('',(1.,0.));
#1402 = ( GEOMETRIC_REPRESENTATION_CONTEXT(2) 
PARAMETRIC_REPRESENTATION_CONTEXT() REPRESENTATION_CONTEXT('2D SPACE',''
  ) );
#1403 = PCURVE('',#1404,#1409);
#1404 = PLANE('',#1405);
#1405 = AXIS2_PLACEMENT_3D('',#1406,#1407,#1408);
#1406 = CARTESIAN_POINT('',(22.,3.5,-2.3));
#1407 = DIRECTION('',(-0.,0.876215908677,0.481918749772));
#1408 = DIRECTION('',(0.,0.481918749772,-0.876215908677));
#1409 = DEFINITIONAL_REPRESENTATION('',(#1410),#1414);
#1410 = LINE('',#1411,#1412);
#1411 = CARTESIAN_POINT('',(0.,0.));
#1412 = VECTOR('',#1413,1.);
#1413 = DIRECTION('',(0.,-1.));
#1414 = ( GEOMETRIC_REPRESENTATION_CONTEXT(2) 
PARAMETRIC_REPRESENTATION_CONTEXT() REPRESENTATION_CONTEXT('2D SPACE',''
  ) );
#1415 = ORIENTED_EDGE('',*,*,#1416,.F.);
#1416 = EDGE_CURVE('',#1417,#1389,#1419,.T.);
#1417 = VERTEX_POINT('',#1418);
#1418 = CARTESIAN_POINT('',(28.5,1.5,-2.3));
#1419 = SURFACE_CURVE('',#1420,(#1424,#1430),.PCURVE_S1.);
#1420 = LINE('',#1421,#1422);
#1421 = CARTESIAN_POINT('',(28.5,-3.,-2.3));
#1422 = VECTOR('',#1423,1.);
#1423 = DIRECTION('',(0.,1.,0.));
#1424 = PCURVE('',#252,#1425);
#1425 = DEFINITIONAL_REPRESENTATION('',(#1426),#1429);
#1426 = B_SPLINE_CURVE_WITH_KNOTS('',1,(#1427,#1428),.UNSPECIFIED.,.F.,
  .F.,(2,2),(-3.,9.),.PIECEWISE_BEZIER_KNOTS.);
#1427 = CARTESIAN_POINT('',(-15.89158783172,-6.));
#1428 = CARTESIAN_POINT('',(-15.89158783172,6.));
#1429 = ( GEOMETRIC_REPRESENTATION_CONTEXT(2) 
PARAMETRIC_REPRESENTATION_CONTEXT() REPRESENTATION_CONTEXT('2D SPACE',''
  ) );
#1430 = PCURVE('',#1431,#1436);
#1431 = PLANE('',#1432);
#1432 = AXIS2_PLACEMENT_3D('',#1433,#1434,#1435);
#1433 = CARTESIAN_POINT('',(28.5,-6.,-5.3));
#1434 = DIRECTION('',(1.,0.,0.));
#1435 = DIRECTION('',(0.,0.,1.));
#1436 = DEFINITIONAL_REPRESENTATION('',(#1437),#1440);
#1437 = B_SPLINE_CURVE_WITH_KNOTS('',1,(#1438,#1439),.UNSPECIFIED.,.F.,
  .F.,(2,2),(-3.,9.),.PIECEWISE_BEZIER_KNOTS.);
#1438 = CARTESIAN_POINT('',(3.,0.));
#1439 = CARTESIAN_POINT('',(3.,-12.));
#1440 = ( GEOMETRIC_REPRESENTATION_CONTEXT(2) 
PARAMETRIC_REPRESENTATION_CONTEXT() REPRESENTATION_CONTEXT('2D SPACE',''
  ) );
#1441 = ORIENTED_EDGE('',*,*,#1442,.T.);
#1442 = EDGE_CURVE('',#1417,#1443,#1445,.T.);
#1443 = VERTEX_POINT('',#1444);
#1444 = CARTESIAN_POINT('',(35.,1.5,-2.3));
#1445 = SURFACE_CURVE('',#1446,(#1450,#1457),.PCURVE_S1.);
#1446 = LINE('',#1447,#1448);
#1447 = CARTESIAN_POINT('',(22.,1.5,-2.3));
#1448 = VECTOR('',#1449,1.);
#1449 = DIRECTION('',(1.,0.,0.));
#1450 = PCURVE('',#252,#1451);
#1451 = DEFINITIONAL_REPRESENTATION('',(#1452),#1456);
#1452 = LINE('',#1453,#1454);
#1453 = CARTESIAN_POINT('',(-22.39158783172,1.5));
#1454 = VECTOR('',#1455,1.);
#1455 = DIRECTION('',(1.,0.));
#1456 = ( GEOMETRIC_REPRESENTATION_CONTEXT(2) 
PARAMETRIC_REPRESENTATION_CONTEXT() REPRESENTATION_CONTEXT('2D SPACE',''
  ) );
#1457 = PCURVE('',#1458,#1463);
#1458 = PLANE('',#1459);
#1459 = AXIS2_PLACEMENT_3D('',#1460,#1461,#1462);
#1460 = CARTESIAN_POINT('',(22.,0.4,-4.3));
#1461 = DIRECTION('',(0.,-0.876215908677,0.481918749772));
#1462 = DIRECTION('',(0.,0.481918749772,0.876215908677));
#1463 = DEFINITIONAL_REPRESENTATION('',(#1464),#1468);
#1464 = LINE('',#1465,#1466);
#1465 = CARTESIAN_POINT('',(2.282542442103,0.));
#1466 = VECTOR('',#1467,1.);
#1467 = DIRECTION('',(0.,-1.));
#1468 = ( GEOMETRIC_REPRESENTATION_CONTEXT(2) 
PARAMETRIC_REPRESENTATION_CONTEXT() REPRESENTATION_CONTEXT('2D SPACE',''
  ) );
#1469 = ORIENTED_EDGE('',*,*,#1470,.T.);
#1470 = EDGE_CURVE('',#1443,#1471,#1473,.T.);
#1471 = VERTEX_POINT('',#1472);
#1472 = CARTESIAN_POINT('',(35.,-1.5,-2.3));
#1473 = SURFACE_CURVE('',#1474,(#1478,#1485),.PCURVE_S1.);
#1474 = LINE('',#1475,#1476);
#1475 = CARTESIAN_POINT('',(35.,1.5,-2.3));
#1476 = VECTOR('',#1477,1.);
#1477 = DIRECTION('',(0.,-1.,0.));
#1478 = PCURVE('',#252,#1479);
#1479 = DEFINITIONAL_REPRESENTATION('',(#1480),#1484);
#1480 = LINE('',#1481,#1482);
#1481 = CARTESIAN_POINT('',(-9.391587831726,1.5));
#1482 = VECTOR('',#1483,1.);
#1483 = DIRECTION('',(0.,-1.));
#1484 = ( GEOMETRIC_REPRESENTATION_CONTEXT(2) 
PARAMETRIC_REPRESENTATION_CONTEXT() REPRESENTATION_CONTEXT('2D SPACE',''
  ) );
#1485 = PCURVE('',#1486,#1491);
#1486 = PLANE('',#1487);
#1487 = AXIS2_PLACEMENT_3D('',#1488,#1489,#1490);
#1488 = CARTESIAN_POINT('',(35.,0.,-3.037002071054));
#1489 = DIRECTION('',(1.,0.,0.));
#1490 = DIRECTION('',(-0.,0.,1.));
#1491 = DEFINITIONAL_REPRESENTATION('',(#1492),#1496);
#1492 = LINE('',#1493,#1494);
#1493 = CARTESIAN_POINT('',(0.737002071054,-1.5));
#1494 = VECTOR('',#1495,1.);
#1495 = DIRECTION('',(0.,1.));
#1496 = ( GEOMETRIC_REPRESENTATION_CONTEXT(2) 
PARAMETRIC_REPRESENTATION_CONTEXT() REPRESENTATION_CONTEXT('2D SPACE',''
  ) );
#1497 = ORIENTED_EDGE('',*,*,#1498,.F.);
#1498 = EDGE_CURVE('',#1499,#1471,#1501,.T.);
#1499 = VERTEX_POINT('',#1500);
#1500 = CARTESIAN_POINT('',(28.5,-1.5,-2.3));
#1501 = SURFACE_CURVE('',#1502,(#1506,#1513),.PCURVE_S1.);
#1502 = LINE('',#1503,#1504);
#1503 = CARTESIAN_POINT('',(22.,-1.5,-2.3));
#1504 = VECTOR('',#1505,1.);
#1505 = DIRECTION('',(1.,0.,0.));
#1506 = PCURVE('',#252,#1507);
#1507 = DEFINITIONAL_REPRESENTATION('',(#1508),#1512);
#1508 = LINE('',#1509,#1510);
#1509 = CARTESIAN_POINT('',(-22.39158783172,-1.5));
#1510 = VECTOR('',#1511,1.);
#1511 = DIRECTION('',(1.,0.));
#1512 = ( GEOMETRIC_REPRESENTATION_CONTEXT(2) 
PARAMETRIC_REPRESENTATION_CONTEXT() REPRESENTATION_CONTEXT('2D SPACE',''
  ) );
#1513 = PCURVE('',#1514,#1519);
#1514 = PLANE('',#1515);
#1515 = AXIS2_PLACEMENT_3D('',#1516,#1517,#1518);
#1516 = CARTESIAN_POINT('',(22.,-1.5,-2.3));
#1517 = DIRECTION('',(-0.,0.876215908677,0.481918749772));
#1518 = DIRECTION('',(0.,0.481918749772,-0.876215908677));
#1519 = DEFINITIONAL_REPRESENTATION('',(#1520),#1524);
#1520 = LINE('',#1521,#1522);
#1521 = CARTESIAN_POINT('',(0.,0.));
#1522 = VECTOR('',#1523,1.);
#1523 = DIRECTION('',(0.,-1.));
#1524 = ( GEOMETRIC_REPRESENTATION_CONTEXT(2) 
PARAMETRIC_REPRESENTATION_CONTEXT() REPRESENTATION_CONTEXT('2D SPACE',''
  ) );
#1525 = ORIENTED_EDGE('',*,*,#1526,.F.);
#1526 = EDGE_CURVE('',#1527,#1499,#1529,.T.);
#1527 = VERTEX_POINT('',#1528);
#1528 = CARTESIAN_POINT('',(28.5,-3.5,-2.3));
#1529 = SURFACE_CURVE('',#1530,(#1534,#1540),.PCURVE_S1.);
#1530 = LINE('',#1531,#1532);
#1531 = CARTESIAN_POINT('',(28.5,-3.,-2.3));
#1532 = VECTOR('',#1533,1.);
#1533 = DIRECTION('',(0.,1.,0.));
#1534 = PCURVE('',#252,#1535);
#1535 = DEFINITIONAL_REPRESENTATION('',(#1536),#1539);
#1536 = B_SPLINE_CURVE_WITH_KNOTS('',1,(#1537,#1538),.UNSPECIFIED.,.F.,
  .F.,(2,2),(-3.,9.),.PIECEWISE_BEZIER_KNOTS.);
#1537 = CARTESIAN_POINT('',(-15.89158783172,-6.));
#1538 = CARTESIAN_POINT('',(-15.89158783172,6.));
#1539 = ( GEOMETRIC_REPRESENTATION_CONTEXT(2) 
PARAMETRIC_REPRESENTATION_CONTEXT() REPRESENTATION_CONTEXT('2D SPACE',''
  ) );
#1540 = PCURVE('',#1431,#1541);
#1541 = DEFINITIONAL_REPRESENTATION('',(#1542),#1545);
#1542 = B_SPLINE_CURVE_WITH_KNOTS('',1,(#1543,#1544),.UNSPECIFIED.,.F.,
  .F.,(2,2),(-3.,9.),.PIECEWISE_BEZIER_KNOTS.);
#1543 = CARTESIAN_POINT('',(3.,0.));
#1544 = CARTESIAN_POINT('',(3.,-12.));
#1545 = ( GEOMETRIC_REPRESENTATION_CONTEXT(2) 
PARAMETRIC_REPRESENTATION_CONTEXT() REPRESENTATION_CONTEXT('2D SPACE',''
  ) );
#1546 = ORIENTED_EDGE('',*,*,#1547,.T.);
#1547 = EDGE_CURVE('',#1527,#1548,#1550,.T.);
#1548 = VERTEX_POINT('',#1549);
#1549 = CARTESIAN_POINT('',(35.,-3.5,-2.3));
#1550 = SURFACE_CURVE('',#1551,(#1555,#1562),.PCURVE_S1.);
#1551 = LINE('',#1552,#1553);
#1552 = CARTESIAN_POINT('',(22.,-3.5,-2.3));
#1553 = VECTOR('',#1554,1.);
#1554 = DIRECTION('',(1.,0.,0.));
#1555 = PCURVE('',#252,#1556);
#1556 = DEFINITIONAL_REPRESENTATION('',(#1557),#1561);
#1557 = LINE('',#1558,#1559);
#1558 = CARTESIAN_POINT('',(-22.39158783172,-3.5));
#1559 = VECTOR('',#1560,1.);
#1560 = DIRECTION('',(1.,0.));
#1561 = ( GEOMETRIC_REPRESENTATION_CONTEXT(2) 
PARAMETRIC_REPRESENTATION_CONTEXT() REPRESENTATION_CONTEXT('2D SPACE',''
  ) );
#1562 = PCURVE('',#1563,#1568);
#1563 = PLANE('',#1564);
#1564 = AXIS2_PLACEMENT_3D('',#1565,#1566,#1567);
#1565 = CARTESIAN_POINT('',(22.,-4.6,-4.3));
#1566 = DIRECTION('',(0.,-0.876215908677,0.481918749772));
#1567 = DIRECTION('',(0.,0.481918749772,0.876215908677));
#1568 = DEFINITIONAL_REPRESENTATION('',(#1569),#1573);
#1569 = LINE('',#1570,#1571);
#1570 = CARTESIAN_POINT('',(2.282542442103,0.));
#1571 = VECTOR('',#1572,1.);
#1572 = DIRECTION('',(0.,-1.));
#1573 = ( GEOMETRIC_REPRESENTATION_CONTEXT(2) 
PARAMETRIC_REPRESENTATION_CONTEXT() REPRESENTATION_CONTEXT('2D SPACE',''
  ) );
#1574 = ORIENTED_EDGE('',*,*,#1575,.T.);
#1575 = EDGE_CURVE('',#1548,#1576,#1578,.T.);
#1576 = VERTEX_POINT('',#1577);
#1577 = CARTESIAN_POINT('',(35.,-6.5,-2.3));
#1578 = SURFACE_CURVE('',#1579,(#1583,#1590),.PCURVE_S1.);
#1579 = LINE('',#1580,#1581);
#1580 = CARTESIAN_POINT('',(35.,-3.5,-2.3));
#1581 = VECTOR('',#1582,1.);
#1582 = DIRECTION('',(0.,-1.,0.));
#1583 = PCURVE('',#252,#1584);
#1584 = DEFINITIONAL_REPRESENTATION('',(#1585),#1589);
#1585 = LINE('',#1586,#1587);
#1586 = CARTESIAN_POINT('',(-9.391587831726,-3.5));
#1587 = VECTOR('',#1588,1.);
#1588 = DIRECTION('',(0.,-1.));
#1589 = ( GEOMETRIC_REPRESENTATION_CONTEXT(2) 
PARAMETRIC_REPRESENTATION_CONTEXT() REPRESENTATION_CONTEXT('2D SPACE',''
  ) );
#1590 = PCURVE('',#1591,#1596);
#1591 = PLANE('',#1592);
#1592 = AXIS2_PLACEMENT_3D('',#1593,#1594,#1595);
#1593 = CARTESIAN_POINT('',(35.,-5.,-3.037002071054));
#1594 = DIRECTION('',(1.,0.,0.));
#1595 = DIRECTION('',(-0.,0.,1.));
#1596 = DEFINITIONAL_REPRESENTATION('',(#1597),#1601);
#1597 = LINE('',#1598,#1599);
#1598 = CARTESIAN_POINT('',(0.737002071054,-1.5));
#1599 = VECTOR('',#1600,1.);
#1600 = DIRECTION('',(0.,1.));
#1601 = ( GEOMETRIC_REPRESENTATION_CONTEXT(2) 
PARAMETRIC_REPRESENTATION_CONTEXT() REPRESENTATION_CONTEXT('2D SPACE',''
  ) );
#1602 = ORIENTED_EDGE('',*,*,#1603,.F.);
#1603 = EDGE_CURVE('',#1604,#1576,#1606,.T.);
#1604 = VERTEX_POINT('',#1605);
#1605 = CARTESIAN_POINT('',(22.,-6.5,-2.3));
#1606 = SURFACE_CURVE('',#1607,(#1611,#1618),.PCURVE_S1.);
#1607 = LINE('',#1608,#1609);
#1608 = CARTESIAN_POINT('',(22.,-6.5,-2.3));
#1609 = VECTOR('',#1610,1.);
#1610 = DIRECTION('',(1.,0.,0.));
#1611 = PCURVE('',#252,#1612);
#1612 = DEFINITIONAL_REPRESENTATION('',(#1613),#1617);
#1613 = LINE('',#1614,#1615);
#1614 = CARTESIAN_POINT('',(-22.39158783172,-6.5));
#1615 = VECTOR('',#1616,1.);
#1616 = DIRECTION('',(1.,0.));
#1617 = ( GEOMETRIC_REPRESENTATION_CONTEXT(2) 
PARAMETRIC_REPRESENTATION_CONTEXT() REPRESENTATION_CONTEXT('2D SPACE',''
  ) );
#1618 = PCURVE('',#1619,#1624);
#1619 = PLANE('',#1620);
#1620 = AXIS2_PLACEMENT_3D('',#1621,#1622,#1623);
#1621 = CARTESIAN_POINT('',(22.,-6.5,-2.3));
#1622 = DIRECTION('',(-0.,0.876215908677,0.481918749772));
#1623 = DIRECTION('',(0.,0.481918749772,-0.876215908677));
#1624 = DEFINITIONAL_REPRESENTATION('',(#1625),#1629);
#1625 = LINE('',#1626,#1627);
#1626 = CARTESIAN_POINT('',(0.,0.));
#1627 = VECTOR('',#1628,1.);
#1628 = DIRECTION('',(0.,-1.));
#1629 = ( GEOMETRIC_REPRESENTATION_CONTEXT(2) 
PARAMETRIC_REPRESENTATION_CONTEXT() REPRESENTATION_CONTEXT('2D SPACE',''
  ) );
#1630 = ORIENTED_EDGE('',*,*,#1631,.F.);
#1631 = EDGE_CURVE('',#1632,#1604,#1634,.T.);
#1632 = VERTEX_POINT('',#1633);
#1633 = CARTESIAN_POINT('',(22.,-8.5,-2.3));
#1634 = SURFACE_CURVE('',#1635,(#1639,#1645),.PCURVE_S1.);
#1635 = LINE('',#1636,#1637);
#1636 = CARTESIAN_POINT('',(22.,-4.5,-2.3));
#1637 = VECTOR('',#1638,1.);
#1638 = DIRECTION('',(0.,1.,0.));
#1639 = PCURVE('',#252,#1640);
#1640 = DEFINITIONAL_REPRESENTATION('',(#1641),#1644);
#1641 = B_SPLINE_CURVE_WITH_KNOTS('',1,(#1642,#1643),.UNSPECIFIED.,.F.,
  .F.,(2,2),(-4.5,13.5),.PIECEWISE_BEZIER_KNOTS.);
#1642 = CARTESIAN_POINT('',(-22.39158783172,-9.));
#1643 = CARTESIAN_POINT('',(-22.39158783172,9.));
#1644 = ( GEOMETRIC_REPRESENTATION_CONTEXT(2) 
PARAMETRIC_REPRESENTATION_CONTEXT() REPRESENTATION_CONTEXT('2D SPACE',''
  ) );
#1645 = PCURVE('',#1646,#1651);
#1646 = PLANE('',#1647);
#1647 = AXIS2_PLACEMENT_3D('',#1648,#1649,#1650);
#1648 = CARTESIAN_POINT('',(22.,-9.,-3.45));
#1649 = DIRECTION('',(1.,0.,0.));
#1650 = DIRECTION('',(0.,0.,1.));
#1651 = DEFINITIONAL_REPRESENTATION('',(#1652),#1655);
#1652 = B_SPLINE_CURVE_WITH_KNOTS('',1,(#1653,#1654),.UNSPECIFIED.,.F.,
  .F.,(2,2),(-4.5,13.5),.PIECEWISE_BEZIER_KNOTS.);
#1653 = CARTESIAN_POINT('',(1.15,0.));
#1654 = CARTESIAN_POINT('',(1.15,-18.));
#1655 = ( GEOMETRIC_REPRESENTATION_CONTEXT(2) 
PARAMETRIC_REPRESENTATION_CONTEXT() REPRESENTATION_CONTEXT('2D SPACE',''
  ) );
#1656 = ORIENTED_EDGE('',*,*,#1657,.T.);
#1657 = EDGE_CURVE('',#1632,#1658,#1660,.T.);
#1658 = VERTEX_POINT('',#1659);
#1659 = CARTESIAN_POINT('',(35.,-8.5,-2.3));
#1660 = SURFACE_CURVE('',#1661,(#1665,#1672),.PCURVE_S1.);
#1661 = LINE('',#1662,#1663);
#1662 = CARTESIAN_POINT('',(22.,-8.5,-2.3));
#1663 = VECTOR('',#1664,1.);
#1664 = DIRECTION('',(1.,0.,0.));
#1665 = PCURVE('',#252,#1666);
#1666 = DEFINITIONAL_REPRESENTATION('',(#1667),#1671);
#1667 = LINE('',#1668,#1669);
#1668 = CARTESIAN_POINT('',(-22.39158783172,-8.5));
#1669 = VECTOR('',#1670,1.);
#1670 = DIRECTION('',(1.,0.));
#1671 = ( GEOMETRIC_REPRESENTATION_CONTEXT(2) 
PARAMETRIC_REPRESENTATION_CONTEXT() REPRESENTATION_CONTEXT('2D SPACE',''
  ) );
#1672 = PCURVE('',#1673,#1678);
#1673 = PLANE('',#1674);
#1674 = AXIS2_PLACEMENT_3D('',#1675,#1676,#1677);
#1675 = CARTESIAN_POINT('',(22.,-9.6,-4.3));
#1676 = DIRECTION('',(0.,-0.876215908677,0.481918749772));
#1677 = DIRECTION('',(0.,0.481918749772,0.876215908677));
#1678 = DEFINITIONAL_REPRESENTATION('',(#1679),#1683);
#1679 = LINE('',#1680,#1681);
#1680 = CARTESIAN_POINT('',(2.282542442103,0.));
#1681 = VECTOR('',#1682,1.);
#1682 = DIRECTION('',(0.,-1.));
#1683 = ( GEOMETRIC_REPRESENTATION_CONTEXT(2) 
PARAMETRIC_REPRESENTATION_CONTEXT() REPRESENTATION_CONTEXT('2D SPACE',''
  ) );
#1684 = ORIENTED_EDGE('',*,*,#1685,.T.);
#1685 = EDGE_CURVE('',#1658,#1686,#1688,.T.);
#1686 = VERTEX_POINT('',#1687);
#1687 = CARTESIAN_POINT('',(35.,-10.1125178063,-2.3));
#1688 = SURFACE_CURVE('',#1689,(#1693,#1700),.PCURVE_S1.);
#1689 = LINE('',#1690,#1691);
#1690 = CARTESIAN_POINT('',(35.,-8.5,-2.3));
#1691 = VECTOR('',#1692,1.);
#1692 = DIRECTION('',(0.,-1.,0.));
#1693 = PCURVE('',#252,#1694);
#1694 = DEFINITIONAL_REPRESENTATION('',(#1695),#1699);
#1695 = LINE('',#1696,#1697);
#1696 = CARTESIAN_POINT('',(-9.391587831726,-8.5));
#1697 = VECTOR('',#1698,1.);
#1698 = DIRECTION('',(0.,-1.));
#1699 = ( GEOMETRIC_REPRESENTATION_CONTEXT(2) 
PARAMETRIC_REPRESENTATION_CONTEXT() REPRESENTATION_CONTEXT('2D SPACE',''
  ) );
#1700 = PCURVE('',#1701,#1706);
#1701 = PLANE('',#1702);
#1702 = AXIS2_PLACEMENT_3D('',#1703,#1704,#1705);
#1703 = CARTESIAN_POINT('',(35.,-10.,-3.037002071054));
#1704 = DIRECTION('',(1.,0.,0.));
#1705 = DIRECTION('',(-0.,0.,1.));
#1706 = DEFINITIONAL_REPRESENTATION('',(#1707),#1711);
#1707 = LINE('',#1708,#1709);
#1708 = CARTESIAN_POINT('',(0.737002071054,-1.5));
#1709 = VECTOR('',#1710,1.);
#1710 = DIRECTION('',(0.,1.));
#1711 = ( GEOMETRIC_REPRESENTATION_CONTEXT(2) 
PARAMETRIC_REPRESENTATION_CONTEXT() REPRESENTATION_CONTEXT('2D SPACE',''
  ) );
#1712 = ORIENTED_EDGE('',*,*,#1713,.F.);
#1713 = EDGE_CURVE('',#1714,#1686,#1716,.T.);
#1714 = VERTEX_POINT('',#1715);
#1715 = CARTESIAN_POINT('',(30.64589803375,-11.5,-2.3));
#1716 = SURFACE_CURVE('',#1717,(#1722,#1729),.PCURVE_S1.);
#1717 = CIRCLE('',#1718,4.5);
#1718 = AXIS2_PLACEMENT_3D('',#1719,#1720,#1721);
#1719 = CARTESIAN_POINT('',(34.,-14.5,-2.3));
#1720 = DIRECTION('',(0.,0.,1.));
#1721 = DIRECTION('',(-0.7453559925,0.666666666667,0.));
#1722 = PCURVE('',#252,#1723);
#1723 = DEFINITIONAL_REPRESENTATION('',(#1724),#1728);
#1724 = CIRCLE('',#1725,4.5);
#1725 = AXIS2_PLACEMENT_2D('',#1726,#1727);
#1726 = CARTESIAN_POINT('',(-10.39158783172,-14.5));
#1727 = DIRECTION('',(-0.7453559925,0.666666666667));
#1728 = ( GEOMETRIC_REPRESENTATION_CONTEXT(2) 
PARAMETRIC_REPRESENTATION_CONTEXT() REPRESENTATION_CONTEXT('2D SPACE',''
  ) );
#1729 = PCURVE('',#1730,#1735);
#1730 = CYLINDRICAL_SURFACE('',#1731,4.5);
#1731 = AXIS2_PLACEMENT_3D('',#1732,#1733,#1734);
#1732 = CARTESIAN_POINT('',(34.,-14.5,-4.3));
#1733 = DIRECTION('',(-0.,-0.,-1.));
#1734 = DIRECTION('',(1.,0.,0.));
#1735 = DEFINITIONAL_REPRESENTATION('',(#1736),#1740);
#1736 = LINE('',#1737,#1738);
#1737 = CARTESIAN_POINT('',(-2.411864997363,-2.));
#1738 = VECTOR('',#1739,1.);
#1739 = DIRECTION('',(-1.,-0.));
#1740 = ( GEOMETRIC_REPRESENTATION_CONTEXT(2) 
PARAMETRIC_REPRESENTATION_CONTEXT() REPRESENTATION_CONTEXT('2D SPACE',''
  ) );
#1741 = ORIENTED_EDGE('',*,*,#1742,.F.);
#1742 = EDGE_CURVE('',#1743,#1714,#1745,.T.);
#1743 = VERTEX_POINT('',#1744);
#1744 = CARTESIAN_POINT('',(27.35410196625,-11.5,-2.3));
#1745 = SURFACE_CURVE('',#1746,(#1750,#1757),.PCURVE_S1.);
#1746 = LINE('',#1747,#1748);
#1747 = CARTESIAN_POINT('',(22.,-11.5,-2.3));
#1748 = VECTOR('',#1749,1.);
#1749 = DIRECTION('',(1.,0.,0.));
#1750 = PCURVE('',#252,#1751);
#1751 = DEFINITIONAL_REPRESENTATION('',(#1752),#1756);
#1752 = LINE('',#1753,#1754);
#1753 = CARTESIAN_POINT('',(-22.39158783172,-11.5));
#1754 = VECTOR('',#1755,1.);
#1755 = DIRECTION('',(1.,0.));
#1756 = ( GEOMETRIC_REPRESENTATION_CONTEXT(2) 
PARAMETRIC_REPRESENTATION_CONTEXT() REPRESENTATION_CONTEXT('2D SPACE',''
  ) );
#1757 = PCURVE('',#1758,#1763);
#1758 = PLANE('',#1759);
#1759 = AXIS2_PLACEMENT_3D('',#1760,#1761,#1762);
#1760 = CARTESIAN_POINT('',(22.,-11.5,-2.3));
#1761 = DIRECTION('',(-0.,0.876215908677,0.481918749772));
#1762 = DIRECTION('',(0.,0.481918749772,-0.876215908677));
#1763 = DEFINITIONAL_REPRESENTATION('',(#1764),#1768);
#1764 = LINE('',#1765,#1766);
#1765 = CARTESIAN_POINT('',(0.,0.));
#1766 = VECTOR('',#1767,1.);
#1767 = DIRECTION('',(0.,-1.));
#1768 = ( GEOMETRIC_REPRESENTATION_CONTEXT(2) 
PARAMETRIC_REPRESENTATION_CONTEXT() REPRESENTATION_CONTEXT('2D SPACE',''
  ) );
#1769 = ORIENTED_EDGE('',*,*,#1770,.F.);
#1770 = EDGE_CURVE('',#978,#1743,#1771,.T.);
#1771 = SURFACE_CURVE('',#1772,(#1777,#1784),.PCURVE_S1.);
#1772 = CIRCLE('',#1773,4.5);
#1773 = AXIS2_PLACEMENT_3D('',#1774,#1775,#1776);
#1774 = CARTESIAN_POINT('',(24.,-14.5,-2.3));
#1775 = DIRECTION('',(0.,0.,1.));
#1776 = DIRECTION('',(-0.444444444444,0.895806416478,0.));
#1777 = PCURVE('',#252,#1778);
#1778 = DEFINITIONAL_REPRESENTATION('',(#1779),#1783);
#1779 = CIRCLE('',#1780,4.5);
#1780 = AXIS2_PLACEMENT_2D('',#1781,#1782);
#1781 = CARTESIAN_POINT('',(-20.39158783172,-14.5));
#1782 = DIRECTION('',(-0.444444444444,0.895806416478));
#1783 = ( GEOMETRIC_REPRESENTATION_CONTEXT(2) 
PARAMETRIC_REPRESENTATION_CONTEXT() REPRESENTATION_CONTEXT('2D SPACE',''
  ) );
#1784 = PCURVE('',#1785,#1790);
#1785 = CYLINDRICAL_SURFACE('',#1786,4.5);
#1786 = AXIS2_PLACEMENT_3D('',#1787,#1788,#1789);
#1787 = CARTESIAN_POINT('',(24.,-14.5,-4.3));
#1788 = DIRECTION('',(-0.,-0.,-1.));
#1789 = DIRECTION('',(1.,0.,0.));
#1790 = DEFINITIONAL_REPRESENTATION('',(#1791),#1795);
#1791 = LINE('',#1792,#1793);
#1792 = CARTESIAN_POINT('',(-2.031350318476,-2.));
#1793 = VECTOR('',#1794,1.);
#1794 = DIRECTION('',(-1.,-0.));
#1795 = ( GEOMETRIC_REPRESENTATION_CONTEXT(2) 
PARAMETRIC_REPRESENTATION_CONTEXT() REPRESENTATION_CONTEXT('2D SPACE',''
  ) );
#1796 = ADVANCED_FACE('',(#1797),#227,.T.);
#1797 = FACE_BOUND('',#1798,.T.);
#1798 = EDGE_LOOP('',(#1799,#1829,#1855,#1874,#1875,#1876,#1899));
#1799 = ORIENTED_EDGE('',*,*,#1800,.F.);
#1800 = EDGE_CURVE('',#1801,#1803,#1805,.T.);
#1801 = VERTEX_POINT('',#1802);
#1802 = CARTESIAN_POINT('',(12.,9.,-3.45));
#1803 = VERTEX_POINT('',#1804);
#1804 = CARTESIAN_POINT('',(22.,9.,-3.45));
#1805 = SURFACE_CURVE('',#1806,(#1810,#1817),.PCURVE_S1.);
#1806 = LINE('',#1807,#1808);
#1807 = CARTESIAN_POINT('',(10.,9.,-3.45));
#1808 = VECTOR('',#1809,1.);
#1809 = DIRECTION('',(1.,0.,0.));
#1810 = PCURVE('',#227,#1811);
#1811 = DEFINITIONAL_REPRESENTATION('',(#1812),#1816);
#1812 = LINE('',#1813,#1814);
#1813 = CARTESIAN_POINT('',(0.,0.));
#1814 = VECTOR('',#1815,1.);
#1815 = DIRECTION('',(0.,1.));
#1816 = ( GEOMETRIC_REPRESENTATION_CONTEXT(2) 
PARAMETRIC_REPRESENTATION_CONTEXT() REPRESENTATION_CONTEXT('2D SPACE',''
  ) );
#1817 = PCURVE('',#1818,#1823);
#1818 = PLANE('',#1819);
#1819 = AXIS2_PLACEMENT_3D('',#1820,#1821,#1822);
#1820 = CARTESIAN_POINT('',(10.,-9.,-3.45));
#1821 = DIRECTION('',(0.,0.,1.));
#1822 = DIRECTION('',(1.,0.,0.));
#1823 = DEFINITIONAL_REPRESENTATION('',(#1824),#1828);
#1824 = LINE('',#1825,#1826);
#1825 = CARTESIAN_POINT('',(0.,18.));
#1826 = VECTOR('',#1827,1.);
#1827 = DIRECTION('',(1.,0.));
#1828 = ( GEOMETRIC_REPRESENTATION_CONTEXT(2) 
PARAMETRIC_REPRESENTATION_CONTEXT() REPRESENTATION_CONTEXT('2D SPACE',''
  ) );
#1829 = ORIENTED_EDGE('',*,*,#1830,.F.);
#1830 = EDGE_CURVE('',#1831,#1801,#1833,.T.);
#1831 = VERTEX_POINT('',#1832);
#1832 = CARTESIAN_POINT('',(12.,9.,0.5));
#1833 = SURFACE_CURVE('',#1834,(#1838,#1844),.PCURVE_S1.);
#1834 = LINE('',#1835,#1836);
#1835 = CARTESIAN_POINT('',(12.,9.,-3.45));
#1836 = VECTOR('',#1837,1.);
#1837 = DIRECTION('',(-0.,-0.,-1.));
#1838 = PCURVE('',#227,#1839);
#1839 = DEFINITIONAL_REPRESENTATION('',(#1840),#1843);
#1840 = B_SPLINE_CURVE_WITH_KNOTS('',1,(#1841,#1842),.UNSPECIFIED.,.F.,
  .F.,(2,2),(-4.0000006,5.999999999062E-07),.PIECEWISE_BEZIER_KNOTS.);
#1841 = CARTESIAN_POINT('',(4.0000006,2.));
#1842 = CARTESIAN_POINT('',(-5.999999999062E-07,2.));
#1843 = ( GEOMETRIC_REPRESENTATION_CONTEXT(2) 
PARAMETRIC_REPRESENTATION_CONTEXT() REPRESENTATION_CONTEXT('2D SPACE',''
  ) );
#1844 = PCURVE('',#1845,#1850);
#1845 = CYLINDRICAL_SURFACE('',#1846,15.);
#1846 = AXIS2_PLACEMENT_3D('',#1847,#1848,#1849);
#1847 = CARTESIAN_POINT('',(0.,0.,-3.45));
#1848 = DIRECTION('',(-0.,-0.,-1.));
#1849 = DIRECTION('',(1.,0.,0.));
#1850 = DEFINITIONAL_REPRESENTATION('',(#1851),#1854);
#1851 = B_SPLINE_CURVE_WITH_KNOTS('',1,(#1852,#1853),.UNSPECIFIED.,.F.,
  .F.,(2,2),(-4.0000006,5.999999999062E-07),.PIECEWISE_BEZIER_KNOTS.);
#1852 = CARTESIAN_POINT('',(-0.643501108793,-4.0000006));
#1853 = CARTESIAN_POINT('',(-0.643501108793,5.999999999062E-07));
#1854 = ( GEOMETRIC_REPRESENTATION_CONTEXT(2) 
PARAMETRIC_REPRESENTATION_CONTEXT() REPRESENTATION_CONTEXT('2D SPACE',''
  ) );
#1855 = ORIENTED_EDGE('',*,*,#1856,.T.);
#1856 = EDGE_CURVE('',#1831,#187,#1857,.T.);
#1857 = SURFACE_CURVE('',#1858,(#1862,#1868),.PCURVE_S1.);
#1858 = LINE('',#1859,#1860);
#1859 = CARTESIAN_POINT('',(5.,9.,0.5));
#1860 = VECTOR('',#1861,1.);
#1861 = DIRECTION('',(1.,0.,0.));
#1862 = PCURVE('',#227,#1863);
#1863 = DEFINITIONAL_REPRESENTATION('',(#1864),#1867);
#1864 = B_SPLINE_CURVE_WITH_KNOTS('',1,(#1865,#1866),.UNSPECIFIED.,.F.,
  .F.,(2,2),(7.,16.),.PIECEWISE_BEZIER_KNOTS.);
#1865 = CARTESIAN_POINT('',(3.95,2.));
#1866 = CARTESIAN_POINT('',(3.95,11.));
#1867 = ( GEOMETRIC_REPRESENTATION_CONTEXT(2) 
PARAMETRIC_REPRESENTATION_CONTEXT() REPRESENTATION_CONTEXT('2D SPACE',''
  ) );
#1868 = PCURVE('',#201,#1869);
#1869 = DEFINITIONAL_REPRESENTATION('',(#1870),#1873);
#1870 = B_SPLINE_CURVE_WITH_KNOTS('',1,(#1871,#1872),.UNSPECIFIED.,.F.,
  .F.,(2,2),(7.,16.),.PIECEWISE_BEZIER_KNOTS.);
#1871 = CARTESIAN_POINT('',(12.,9.));
#1872 = CARTESIAN_POINT('',(21.,9.));
#1873 = ( GEOMETRIC_REPRESENTATION_CONTEXT(2) 
PARAMETRIC_REPRESENTATION_CONTEXT() REPRESENTATION_CONTEXT('2D SPACE',''
  ) );
#1874 = ORIENTED_EDGE('',*,*,#212,.F.);
#1875 = ORIENTED_EDGE('',*,*,#1115,.F.);
#1876 = ORIENTED_EDGE('',*,*,#1877,.F.);
#1877 = EDGE_CURVE('',#1878,#1116,#1880,.T.);
#1878 = VERTEX_POINT('',#1879);
#1879 = CARTESIAN_POINT('',(22.,9.,-3.209090909091));
#1880 = SURFACE_CURVE('',#1881,(#1885,#1892),.PCURVE_S1.);
#1881 = LINE('',#1882,#1883);
#1882 = CARTESIAN_POINT('',(22.,9.,-3.45));
#1883 = VECTOR('',#1884,1.);
#1884 = DIRECTION('',(0.,0.,1.));
#1885 = PCURVE('',#227,#1886);
#1886 = DEFINITIONAL_REPRESENTATION('',(#1887),#1891);
#1887 = LINE('',#1888,#1889);
#1888 = CARTESIAN_POINT('',(0.,12.));
#1889 = VECTOR('',#1890,1.);
#1890 = DIRECTION('',(1.,0.));
#1891 = ( GEOMETRIC_REPRESENTATION_CONTEXT(2) 
PARAMETRIC_REPRESENTATION_CONTEXT() REPRESENTATION_CONTEXT('2D SPACE',''
  ) );
#1892 = PCURVE('',#1152,#1893);
#1893 = DEFINITIONAL_REPRESENTATION('',(#1894),#1898);
#1894 = LINE('',#1895,#1896);
#1895 = CARTESIAN_POINT('',(-0.412997928946,1.));
#1896 = VECTOR('',#1897,1.);
#1897 = DIRECTION('',(1.,0.));
#1898 = ( GEOMETRIC_REPRESENTATION_CONTEXT(2) 
PARAMETRIC_REPRESENTATION_CONTEXT() REPRESENTATION_CONTEXT('2D SPACE',''
  ) );
#1899 = ORIENTED_EDGE('',*,*,#1900,.F.);
#1900 = EDGE_CURVE('',#1803,#1878,#1901,.T.);
#1901 = SURFACE_CURVE('',#1902,(#1906,#1913),.PCURVE_S1.);
#1902 = LINE('',#1903,#1904);
#1903 = CARTESIAN_POINT('',(22.,9.,-3.45));
#1904 = VECTOR('',#1905,1.);
#1905 = DIRECTION('',(0.,0.,1.));
#1906 = PCURVE('',#227,#1907);
#1907 = DEFINITIONAL_REPRESENTATION('',(#1908),#1912);
#1908 = LINE('',#1909,#1910);
#1909 = CARTESIAN_POINT('',(0.,12.));
#1910 = VECTOR('',#1911,1.);
#1911 = DIRECTION('',(1.,0.));
#1912 = ( GEOMETRIC_REPRESENTATION_CONTEXT(2) 
PARAMETRIC_REPRESENTATION_CONTEXT() REPRESENTATION_CONTEXT('2D SPACE',''
  ) );
#1913 = PCURVE('',#1321,#1914);
#1914 = DEFINITIONAL_REPRESENTATION('',(#1915),#1919);
#1915 = LINE('',#1916,#1917);
#1916 = CARTESIAN_POINT('',(0.,-18.));
#1917 = VECTOR('',#1918,1.);
#1918 = DIRECTION('',(1.,0.));
#1919 = ( GEOMETRIC_REPRESENTATION_CONTEXT(2) 
PARAMETRIC_REPRESENTATION_CONTEXT() REPRESENTATION_CONTEXT('2D SPACE',''
  ) );
#1920 = ADVANCED_FACE('',(#1921,#2017,#2052,#2087,#2122,#2157),#201,.T.
  );
#1921 = FACE_BOUND('',#1922,.T.);
#1922 = EDGE_LOOP('',(#1923,#1947,#1948,#1949,#1977,#1998));
#1923 = ORIENTED_EDGE('',*,*,#1924,.T.);
#1924 = EDGE_CURVE('',#1925,#161,#1927,.T.);
#1925 = VERTEX_POINT('',#1926);
#1926 = CARTESIAN_POINT('',(18.620656799767,-9.709332641603,0.5));
#1927 = SURFACE_CURVE('',#1928,(#1933,#1940),.PCURVE_S1.);
#1928 = CIRCLE('',#1929,21.);
#1929 = AXIS2_PLACEMENT_3D('',#1930,#1931,#1932);
#1930 = CARTESIAN_POINT('',(0.,0.,0.5));
#1931 = DIRECTION('',(0.,0.,1.));
#1932 = DIRECTION('',(0.886697942846,-0.46234917341,0.));
#1933 = PCURVE('',#201,#1934);
#1934 = DEFINITIONAL_REPRESENTATION('',(#1935),#1939);
#1935 = CIRCLE('',#1936,21.);
#1936 = AXIS2_PLACEMENT_2D('',#1937,#1938);
#1937 = CARTESIAN_POINT('',(1.041859148601E-15,-1.846063891983E-16));
#1938 = DIRECTION('',(0.886697942846,-0.46234917341));
#1939 = ( GEOMETRIC_REPRESENTATION_CONTEXT(2) 
PARAMETRIC_REPRESENTATION_CONTEXT() REPRESENTATION_CONTEXT('2D SPACE',''
  ) );
#1940 = PCURVE('',#175,#1941);
#1941 = DEFINITIONAL_REPRESENTATION('',(#1942),#1946);
#1942 = LINE('',#1943,#1944);
#1943 = CARTESIAN_POINT('',(-5.802542582772,0.));
#1944 = VECTOR('',#1945,1.);
#1945 = DIRECTION('',(-1.,0.));
#1946 = ( GEOMETRIC_REPRESENTATION_CONTEXT(2) 
PARAMETRIC_REPRESENTATION_CONTEXT() REPRESENTATION_CONTEXT('2D SPACE',''
  ) );
#1947 = ORIENTED_EDGE('',*,*,#186,.T.);
#1948 = ORIENTED_EDGE('',*,*,#1856,.F.);
#1949 = ORIENTED_EDGE('',*,*,#1950,.F.);
#1950 = EDGE_CURVE('',#1951,#1831,#1953,.T.);
#1951 = VERTEX_POINT('',#1952);
#1952 = CARTESIAN_POINT('',(12.,-9.,0.5));
#1953 = SURFACE_CURVE('',#1954,(#1959,#1970),.PCURVE_S1.);
#1954 = CIRCLE('',#1955,15.);
#1955 = AXIS2_PLACEMENT_3D('',#1956,#1957,#1958);
#1956 = CARTESIAN_POINT('',(0.,0.,0.5));
#1957 = DIRECTION('',(0.,0.,-1.));
#1958 = DIRECTION('',(1.,0.,0.));
#1959 = PCURVE('',#201,#1960);
#1960 = DEFINITIONAL_REPRESENTATION('',(#1961),#1969);
#1961 = ( BOUNDED_CURVE() B_SPLINE_CURVE(2,(#1962,#1963,#1964,#1965,
#1966,#1967,#1968),.UNSPECIFIED.,.T.,.F.) B_SPLINE_CURVE_WITH_KNOTS((1,2
    ,2,2,2,1),(-2.094395102393,0.,2.094395102393,4.188790204786,
6.28318530718,8.377580409573),.UNSPECIFIED.) CURVE() 
GEOMETRIC_REPRESENTATION_ITEM() RATIONAL_B_SPLINE_CURVE((1.,0.5,1.,0.5,
1.,0.5,1.)) REPRESENTATION_ITEM('') );
#1962 = CARTESIAN_POINT('',(15.,-1.846063891983E-16));
#1963 = CARTESIAN_POINT('',(15.,-25.98076211353));
#1964 = CARTESIAN_POINT('',(-7.5,-12.99038105676));
#1965 = CARTESIAN_POINT('',(-30.,-3.85854678664E-15));
#1966 = CARTESIAN_POINT('',(-7.5,12.990381056767));
#1967 = CARTESIAN_POINT('',(15.,25.980762113533));
#1968 = CARTESIAN_POINT('',(15.,-1.846063891983E-16));
#1969 = ( GEOMETRIC_REPRESENTATION_CONTEXT(2) 
PARAMETRIC_REPRESENTATION_CONTEXT() REPRESENTATION_CONTEXT('2D SPACE',''
  ) );
#1970 = PCURVE('',#1845,#1971);
#1971 = DEFINITIONAL_REPRESENTATION('',(#1972),#1976);
#1972 = LINE('',#1973,#1974);
#1973 = CARTESIAN_POINT('',(-6.28318530718,-3.95));
#1974 = VECTOR('',#1975,1.);
#1975 = DIRECTION('',(1.,-0.));
#1976 = ( GEOMETRIC_REPRESENTATION_CONTEXT(2) 
PARAMETRIC_REPRESENTATION_CONTEXT() REPRESENTATION_CONTEXT('2D SPACE',''
  ) );
#1977 = ORIENTED_EDGE('',*,*,#1978,.T.);
#1978 = EDGE_CURVE('',#1951,#1979,#1981,.T.);
#1979 = VERTEX_POINT('',#1980);
#1980 = CARTESIAN_POINT('',(18.593173431734,-9.,0.5));
#1981 = SURFACE_CURVE('',#1982,(#1986,#1992),.PCURVE_S1.);
#1982 = LINE('',#1983,#1984);
#1983 = CARTESIAN_POINT('',(5.,-9.,0.5));
#1984 = VECTOR('',#1985,1.);
#1985 = DIRECTION('',(1.,0.,0.));
#1986 = PCURVE('',#201,#1987);
#1987 = DEFINITIONAL_REPRESENTATION('',(#1988),#1991);
#1988 = B_SPLINE_CURVE_WITH_KNOTS('',1,(#1989,#1990),.UNSPECIFIED.,.F.,
  .F.,(2,2),(7.,16.),.PIECEWISE_BEZIER_KNOTS.);
#1989 = CARTESIAN_POINT('',(12.,-9.));
#1990 = CARTESIAN_POINT('',(21.,-9.));
#1991 = ( GEOMETRIC_REPRESENTATION_CONTEXT(2) 
PARAMETRIC_REPRESENTATION_CONTEXT() REPRESENTATION_CONTEXT('2D SPACE',''
  ) );
#1992 = PCURVE('',#1020,#1993);
#1993 = DEFINITIONAL_REPRESENTATION('',(#1994),#1997);
#1994 = B_SPLINE_CURVE_WITH_KNOTS('',1,(#1995,#1996),.UNSPECIFIED.,.F.,
  .F.,(2,2),(7.,16.),.PIECEWISE_BEZIER_KNOTS.);
#1995 = CARTESIAN_POINT('',(3.95,2.));
#1996 = CARTESIAN_POINT('',(3.95,11.));
#1997 = ( GEOMETRIC_REPRESENTATION_CONTEXT(2) 
PARAMETRIC_REPRESENTATION_CONTEXT() REPRESENTATION_CONTEXT('2D SPACE',''
  ) );
#1998 = ORIENTED_EDGE('',*,*,#1999,.T.);
#1999 = EDGE_CURVE('',#1979,#1925,#2000,.T.);
#2000 = SURFACE_CURVE('',#2001,(#2005,#2011),.PCURVE_S1.);
#2001 = LINE('',#2002,#2003);
#2002 = CARTESIAN_POINT('',(18.398558658079,-3.977085365646,0.5));
#2003 = VECTOR('',#2004,1.);
#2004 = DIRECTION('',(3.87163377713E-02,-0.999250241526,0.));
#2005 = PCURVE('',#201,#2006);
#2006 = DEFINITIONAL_REPRESENTATION('',(#2007),#2010);
#2007 = B_SPLINE_CURVE_WITH_KNOTS('',1,(#2008,#2009),.UNSPECIFIED.,.F.,
  .F.,(2,2),(4.686428323703,15.534561803707),.PIECEWISE_BEZIER_KNOTS.);
#2008 = CARTESIAN_POINT('',(18.58,-8.66));
#2009 = CARTESIAN_POINT('',(19.,-19.5));
#2010 = ( GEOMETRIC_REPRESENTATION_CONTEXT(2) 
PARAMETRIC_REPRESENTATION_CONTEXT() REPRESENTATION_CONTEXT('2D SPACE',''
  ) );
#2011 = PCURVE('',#1047,#2012);
#2012 = DEFINITIONAL_REPRESENTATION('',(#2013),#2016);
#2013 = B_SPLINE_CURVE_WITH_KNOTS('',1,(#2014,#2015),.UNSPECIFIED.,.F.,
  .F.,(2,2),(4.686428323703,15.534561803707),.PIECEWISE_BEZIER_KNOTS.);
#2014 = CARTESIAN_POINT('',(0.,0.2));
#2015 = CARTESIAN_POINT('',(10.848133480005,0.2));
#2016 = ( GEOMETRIC_REPRESENTATION_CONTEXT(2) 
PARAMETRIC_REPRESENTATION_CONTEXT() REPRESENTATION_CONTEXT('2D SPACE',''
  ) );
#2017 = FACE_BOUND('',#2018,.T.);
#2018 = EDGE_LOOP('',(#2019));
#2019 = ORIENTED_EDGE('',*,*,#2020,.T.);
#2020 = EDGE_CURVE('',#2021,#2021,#2023,.T.);
#2021 = VERTEX_POINT('',#2022);
#2022 = CARTESIAN_POINT('',(1.35,-7.,0.5));
#2023 = SURFACE_CURVE('',#2024,(#2029,#2040),.PCURVE_S1.);
#2024 = CIRCLE('',#2025,1.35);
#2025 = AXIS2_PLACEMENT_3D('',#2026,#2027,#2028);
#2026 = CARTESIAN_POINT('',(-1.285879139105E-15,-7.,0.5));
#2027 = DIRECTION('',(0.,0.,-1.));
#2028 = DIRECTION('',(1.,0.,0.));
#2029 = PCURVE('',#201,#2030);
#2030 = DEFINITIONAL_REPRESENTATION('',(#2031),#2039);
#2031 = ( BOUNDED_CURVE() B_SPLINE_CURVE(2,(#2032,#2033,#2034,#2035,
#2036,#2037,#2038),.UNSPECIFIED.,.T.,.F.) B_SPLINE_CURVE_WITH_KNOTS((1,2
    ,2,2,2,1),(-2.094395102393,0.,2.094395102393,4.188790204786,
6.28318530718,8.377580409573),.UNSPECIFIED.) CURVE() 
GEOMETRIC_REPRESENTATION_ITEM() RATIONAL_B_SPLINE_CURVE((1.,0.5,1.,0.5,
1.,0.5,1.)) REPRESENTATION_ITEM('') );
#2032 = CARTESIAN_POINT('',(1.35,-7.));
#2033 = CARTESIAN_POINT('',(1.35,-9.338268590218));
#2034 = CARTESIAN_POINT('',(-0.675,-8.169134295109));
#2035 = CARTESIAN_POINT('',(-2.7,-7.));
#2036 = CARTESIAN_POINT('',(-0.675,-5.830865704891));
#2037 = CARTESIAN_POINT('',(1.35,-4.661731409782));
#2038 = CARTESIAN_POINT('',(1.35,-7.));
#2039 = ( GEOMETRIC_REPRESENTATION_CONTEXT(2) 
PARAMETRIC_REPRESENTATION_CONTEXT() REPRESENTATION_CONTEXT('2D SPACE',''
  ) );
#2040 = PCURVE('',#2041,#2046);
#2041 = CYLINDRICAL_SURFACE('',#2042,1.35);
#2042 = AXIS2_PLACEMENT_3D('',#2043,#2044,#2045);
#2043 = CARTESIAN_POINT('',(-1.285879139105E-15,-7.,-10.));
#2044 = DIRECTION('',(-0.,-0.,-1.));
#2045 = DIRECTION('',(1.,0.,0.));
#2046 = DEFINITIONAL_REPRESENTATION('',(#2047),#2051);
#2047 = LINE('',#2048,#2049);
#2048 = CARTESIAN_POINT('',(-6.28318530718,-10.5));
#2049 = VECTOR('',#2050,1.);
#2050 = DIRECTION('',(1.,-0.));
#2051 = ( GEOMETRIC_REPRESENTATION_CONTEXT(2) 
PARAMETRIC_REPRESENTATION_CONTEXT() REPRESENTATION_CONTEXT('2D SPACE',''
  ) );
#2052 = FACE_BOUND('',#2053,.T.);
#2053 = EDGE_LOOP('',(#2054));
#2054 = ORIENTED_EDGE('',*,*,#2055,.T.);
#2055 = EDGE_CURVE('',#2056,#2056,#2058,.T.);
#2056 = VERTEX_POINT('',#2057);
#2057 = CARTESIAN_POINT('',(-5.65,8.572527594031E-16,0.5));
#2058 = SURFACE_CURVE('',#2059,(#2064,#2075),.PCURVE_S1.);
#2059 = CIRCLE('',#2060,1.35);
#2060 = AXIS2_PLACEMENT_3D('',#2061,#2062,#2063);
#2061 = CARTESIAN_POINT('',(-7.,8.572527594031E-16,0.5));
#2062 = DIRECTION('',(0.,0.,-1.));
#2063 = DIRECTION('',(1.,0.,0.));
#2064 = PCURVE('',#201,#2065);
#2065 = DEFINITIONAL_REPRESENTATION('',(#2066),#2074);
#2066 = ( BOUNDED_CURVE() B_SPLINE_CURVE(2,(#2067,#2068,#2069,#2070,
#2071,#2072,#2073),.UNSPECIFIED.,.T.,.F.) B_SPLINE_CURVE_WITH_KNOTS((1,2
    ,2,2,2,1),(-2.094395102393,0.,2.094395102393,4.188790204786,
6.28318530718,8.377580409573),.UNSPECIFIED.) CURVE() 
GEOMETRIC_REPRESENTATION_ITEM() RATIONAL_B_SPLINE_CURVE((1.,0.5,1.,0.5,
1.,0.5,1.)) REPRESENTATION_ITEM('') );
#2067 = CARTESIAN_POINT('',(-5.65,6.726463702048E-16));
#2068 = CARTESIAN_POINT('',(-5.65,-2.338268590218));
#2069 = CARTESIAN_POINT('',(-7.675,-1.169134295109));
#2070 = CARTESIAN_POINT('',(-9.7,3.41991734435E-16));
#2071 = CARTESIAN_POINT('',(-7.675,1.169134295109));
#2072 = CARTESIAN_POINT('',(-5.65,2.338268590218));
#2073 = CARTESIAN_POINT('',(-5.65,6.726463702048E-16));
#2074 = ( GEOMETRIC_REPRESENTATION_CONTEXT(2) 
PARAMETRIC_REPRESENTATION_CONTEXT() REPRESENTATION_CONTEXT('2D SPACE',''
  ) );
#2075 = PCURVE('',#2076,#2081);
#2076 = CYLINDRICAL_SURFACE('',#2077,1.35);
#2077 = AXIS2_PLACEMENT_3D('',#2078,#2079,#2080);
#2078 = CARTESIAN_POINT('',(-7.,8.572527594031E-16,-10.));
#2079 = DIRECTION('',(-0.,-0.,-1.));
#2080 = DIRECTION('',(1.,0.,0.));
#2081 = DEFINITIONAL_REPRESENTATION('',(#2082),#2086);
#2082 = LINE('',#2083,#2084);
#2083 = CARTESIAN_POINT('',(-6.28318530718,-10.5));
#2084 = VECTOR('',#2085,1.);
#2085 = DIRECTION('',(1.,-0.));
#2086 = ( GEOMETRIC_REPRESENTATION_CONTEXT(2) 
PARAMETRIC_REPRESENTATION_CONTEXT() REPRESENTATION_CONTEXT('2D SPACE',''
  ) );
#2087 = FACE_BOUND('',#2088,.T.);
#2088 = EDGE_LOOP('',(#2089));
#2089 = ORIENTED_EDGE('',*,*,#2090,.T.);
#2090 = EDGE_CURVE('',#2091,#2091,#2093,.T.);
#2091 = VERTEX_POINT('',#2092);
#2092 = CARTESIAN_POINT('',(4.,0.,0.5));
#2093 = SURFACE_CURVE('',#2094,(#2099,#2110),.PCURVE_S1.);
#2094 = CIRCLE('',#2095,4.);
#2095 = AXIS2_PLACEMENT_3D('',#2096,#2097,#2098);
#2096 = CARTESIAN_POINT('',(0.,0.,0.5));
#2097 = DIRECTION('',(0.,0.,-1.));
#2098 = DIRECTION('',(1.,0.,0.));
#2099 = PCURVE('',#201,#2100);
#2100 = DEFINITIONAL_REPRESENTATION('',(#2101),#2109);
#2101 = ( BOUNDED_CURVE() B_SPLINE_CURVE(2,(#2102,#2103,#2104,#2105,
#2106,#2107,#2108),.UNSPECIFIED.,.T.,.F.) B_SPLINE_CURVE_WITH_KNOTS((1,2
    ,2,2,2,1),(-2.094395102393,0.,2.094395102393,4.188790204786,
6.28318530718,8.377580409573),.UNSPECIFIED.) CURVE() 
GEOMETRIC_REPRESENTATION_ITEM() RATIONAL_B_SPLINE_CURVE((1.,0.5,1.,0.5,
1.,0.5,1.)) REPRESENTATION_ITEM('') );
#2102 = CARTESIAN_POINT('',(4.,-1.846063891983E-16));
#2103 = CARTESIAN_POINT('',(4.,-6.928203230276));
#2104 = CARTESIAN_POINT('',(-2.,-3.464101615138));
#2105 = CARTESIAN_POINT('',(-8.,-1.164323828516E-15));
#2106 = CARTESIAN_POINT('',(-2.,3.464101615138));
#2107 = CARTESIAN_POINT('',(4.,6.928203230276));
#2108 = CARTESIAN_POINT('',(4.,-1.846063891983E-16));
#2109 = ( GEOMETRIC_REPRESENTATION_CONTEXT(2) 
PARAMETRIC_REPRESENTATION_CONTEXT() REPRESENTATION_CONTEXT('2D SPACE',''
  ) );
#2110 = PCURVE('',#2111,#2116);
#2111 = CYLINDRICAL_SURFACE('',#2112,4.);
#2112 = AXIS2_PLACEMENT_3D('',#2113,#2114,#2115);
#2113 = CARTESIAN_POINT('',(0.,0.,-10.));
#2114 = DIRECTION('',(-0.,-0.,-1.));
#2115 = DIRECTION('',(1.,0.,0.));
#2116 = DEFINITIONAL_REPRESENTATION('',(#2117),#2121);
#2117 = LINE('',#2118,#2119);
#2118 = CARTESIAN_POINT('',(-6.28318530718,-10.5));
#2119 = VECTOR('',#2120,1.);
#2120 = DIRECTION('',(1.,-0.));
#2121 = ( GEOMETRIC_REPRESENTATION_CONTEXT(2) 
PARAMETRIC_REPRESENTATION_CONTEXT() REPRESENTATION_CONTEXT('2D SPACE',''
  ) );
#2122 = FACE_BOUND('',#2123,.T.);
#2123 = EDGE_LOOP('',(#2124));
#2124 = ORIENTED_EDGE('',*,*,#2125,.T.);
#2125 = EDGE_CURVE('',#2126,#2126,#2128,.T.);
#2126 = VERTEX_POINT('',#2127);
#2127 = CARTESIAN_POINT('',(8.35,0.,0.5));
#2128 = SURFACE_CURVE('',#2129,(#2134,#2145),.PCURVE_S1.);
#2129 = CIRCLE('',#2130,1.35);
#2130 = AXIS2_PLACEMENT_3D('',#2131,#2132,#2133);
#2131 = CARTESIAN_POINT('',(7.,0.,0.5));
#2132 = DIRECTION('',(0.,0.,-1.));
#2133 = DIRECTION('',(1.,0.,0.));
#2134 = PCURVE('',#201,#2135);
#2135 = DEFINITIONAL_REPRESENTATION('',(#2136),#2144);
#2136 = ( BOUNDED_CURVE() B_SPLINE_CURVE(2,(#2137,#2138,#2139,#2140,
#2141,#2142,#2143),.UNSPECIFIED.,.T.,.F.) B_SPLINE_CURVE_WITH_KNOTS((1,2
    ,2,2,2,1),(-2.094395102393,0.,2.094395102393,4.188790204786,
6.28318530718,8.377580409573),.UNSPECIFIED.) CURVE() 
GEOMETRIC_REPRESENTATION_ITEM() RATIONAL_B_SPLINE_CURVE((1.,0.5,1.,0.5,
1.,0.5,1.)) REPRESENTATION_ITEM('') );
#2137 = CARTESIAN_POINT('',(8.35,-1.846063891983E-16));
#2138 = CARTESIAN_POINT('',(8.35,-2.338268590218));
#2139 = CARTESIAN_POINT('',(6.325,-1.169134295109));
#2140 = CARTESIAN_POINT('',(4.3,-5.152610249681E-16));
#2141 = CARTESIAN_POINT('',(6.325,1.169134295109));
#2142 = CARTESIAN_POINT('',(8.35,2.338268590218));
#2143 = CARTESIAN_POINT('',(8.35,-1.846063891983E-16));
#2144 = ( GEOMETRIC_REPRESENTATION_CONTEXT(2) 
PARAMETRIC_REPRESENTATION_CONTEXT() REPRESENTATION_CONTEXT('2D SPACE',''
  ) );
#2145 = PCURVE('',#2146,#2151);
#2146 = CYLINDRICAL_SURFACE('',#2147,1.35);
#2147 = AXIS2_PLACEMENT_3D('',#2148,#2149,#2150);
#2148 = CARTESIAN_POINT('',(7.,0.,-10.));
#2149 = DIRECTION('',(-0.,-0.,-1.));
#2150 = DIRECTION('',(1.,0.,0.));
#2151 = DEFINITIONAL_REPRESENTATION('',(#2152),#2156);
#2152 = LINE('',#2153,#2154);
#2153 = CARTESIAN_POINT('',(-6.28318530718,-10.5));
#2154 = VECTOR('',#2155,1.);
#2155 = DIRECTION('',(1.,-0.));
#2156 = ( GEOMETRIC_REPRESENTATION_CONTEXT(2) 
PARAMETRIC_REPRESENTATION_CONTEXT() REPRESENTATION_CONTEXT('2D SPACE',''
  ) );
#2157 = FACE_BOUND('',#2158,.T.);
#2158 = EDGE_LOOP('',(#2159));
#2159 = ORIENTED_EDGE('',*,*,#2160,.T.);
#2160 = EDGE_CURVE('',#2161,#2161,#2163,.T.);
#2161 = VERTEX_POINT('',#2162);
#2162 = CARTESIAN_POINT('',(1.35,7.,0.5));
#2163 = SURFACE_CURVE('',#2164,(#2169,#2180),.PCURVE_S1.);
#2164 = CIRCLE('',#2165,1.35);
#2165 = AXIS2_PLACEMENT_3D('',#2166,#2167,#2168);
#2166 = CARTESIAN_POINT('',(4.286263797016E-16,7.,0.5));
#2167 = DIRECTION('',(0.,0.,-1.));
#2168 = DIRECTION('',(1.,0.,0.));
#2169 = PCURVE('',#201,#2170);
#2170 = DEFINITIONAL_REPRESENTATION('',(#2171),#2179);
#2171 = ( BOUNDED_CURVE() B_SPLINE_CURVE(2,(#2172,#2173,#2174,#2175,
#2176,#2177,#2178),.UNSPECIFIED.,.T.,.F.) B_SPLINE_CURVE_WITH_KNOTS((1,2
    ,2,2,2,1),(-2.094395102393,0.,2.094395102393,4.188790204786,
6.28318530718,8.377580409573),.UNSPECIFIED.) CURVE() 
GEOMETRIC_REPRESENTATION_ITEM() RATIONAL_B_SPLINE_CURVE((1.,0.5,1.,0.5,
1.,0.5,1.)) REPRESENTATION_ITEM('') );
#2172 = CARTESIAN_POINT('',(1.35,7.));
#2173 = CARTESIAN_POINT('',(1.35,4.661731409782));
#2174 = CARTESIAN_POINT('',(-0.675,5.830865704891));
#2175 = CARTESIAN_POINT('',(-2.7,7.));
#2176 = CARTESIAN_POINT('',(-0.675,8.169134295109));
#2177 = CARTESIAN_POINT('',(1.35,9.338268590218));
#2178 = CARTESIAN_POINT('',(1.35,7.));
#2179 = ( GEOMETRIC_REPRESENTATION_CONTEXT(2) 
PARAMETRIC_REPRESENTATION_CONTEXT() REPRESENTATION_CONTEXT('2D SPACE',''
  ) );
#2180 = PCURVE('',#2181,#2186);
#2181 = CYLINDRICAL_SURFACE('',#2182,1.35);
#2182 = AXIS2_PLACEMENT_3D('',#2183,#2184,#2185);
#2183 = CARTESIAN_POINT('',(4.286263797016E-16,7.,-10.));
#2184 = DIRECTION('',(-0.,-0.,-1.));
#2185 = DIRECTION('',(1.,0.,0.));
#2186 = DEFINITIONAL_REPRESENTATION('',(#2187),#2191);
#2187 = LINE('',#2188,#2189);
#2188 = CARTESIAN_POINT('',(-6.28318530718,-10.5));
#2189 = VECTOR('',#2190,1.);
#2190 = DIRECTION('',(1.,-0.));
#2191 = ( GEOMETRIC_REPRESENTATION_CONTEXT(2) 
PARAMETRIC_REPRESENTATION_CONTEXT() REPRESENTATION_CONTEXT('2D SPACE',''
  ) );
#2192 = ADVANCED_FACE('',(#2193),#175,.F.);
#2193 = FACE_BOUND('',#2194,.T.);
#2194 = EDGE_LOOP('',(#2195,#2196,#2217,#2239));
#2195 = ORIENTED_EDGE('',*,*,#1924,.F.);
#2196 = ORIENTED_EDGE('',*,*,#2197,.F.);
#2197 = EDGE_CURVE('',#2198,#1925,#2200,.T.);
#2198 = VERTEX_POINT('',#2199);
#2199 = CARTESIAN_POINT('',(18.620656799767,-9.709332641603,0.75));
#2200 = SURFACE_CURVE('',#2201,(#2205,#2211),.PCURVE_S1.);
#2201 = LINE('',#2202,#2203);
#2202 = CARTESIAN_POINT('',(18.620656799767,-9.709332641603,0.5));
#2203 = VECTOR('',#2204,1.);
#2204 = DIRECTION('',(-0.,-0.,-1.));
#2205 = PCURVE('',#175,#2206);
#2206 = DEFINITIONAL_REPRESENTATION('',(#2207),#2210);
#2207 = B_SPLINE_CURVE_WITH_KNOTS('',1,(#2208,#2209),.UNSPECIFIED.,.F.,
  .F.,(2,2),(-0.25,-0.),.PIECEWISE_BEZIER_KNOTS.);
#2208 = CARTESIAN_POINT('',(-5.802542582772,-0.25));
#2209 = CARTESIAN_POINT('',(-5.802542582772,0.));
#2210 = ( GEOMETRIC_REPRESENTATION_CONTEXT(2) 
PARAMETRIC_REPRESENTATION_CONTEXT() REPRESENTATION_CONTEXT('2D SPACE',''
  ) );
#2211 = PCURVE('',#1047,#2212);
#2212 = DEFINITIONAL_REPRESENTATION('',(#2213),#2216);
#2213 = B_SPLINE_CURVE_WITH_KNOTS('',1,(#2214,#2215),.UNSPECIFIED.,.F.,
  .F.,(2,2),(-0.2500006,6.000000000173E-07),.PIECEWISE_BEZIER_KNOTS.);
#2214 = CARTESIAN_POINT('',(1.050119977955,-5.00006E-02));
#2215 = CARTESIAN_POINT('',(1.050119977955,0.2000006));
#2216 = ( GEOMETRIC_REPRESENTATION_CONTEXT(2) 
PARAMETRIC_REPRESENTATION_CONTEXT() REPRESENTATION_CONTEXT('2D SPACE',''
  ) );
#2217 = ORIENTED_EDGE('',*,*,#2218,.T.);
#2218 = EDGE_CURVE('',#2198,#135,#2219,.T.);
#2219 = SURFACE_CURVE('',#2220,(#2225,#2232),.PCURVE_S1.);
#2220 = CIRCLE('',#2221,21.);
#2221 = AXIS2_PLACEMENT_3D('',#2222,#2223,#2224);
#2222 = CARTESIAN_POINT('',(0.,0.,0.75));
#2223 = DIRECTION('',(0.,0.,1.));
#2224 = DIRECTION('',(0.886697942846,-0.46234917341,0.));
#2225 = PCURVE('',#175,#2226);
#2226 = DEFINITIONAL_REPRESENTATION('',(#2227),#2231);
#2227 = LINE('',#2228,#2229);
#2228 = CARTESIAN_POINT('',(-5.802542582772,-0.25));
#2229 = VECTOR('',#2230,1.);
#2230 = DIRECTION('',(-1.,0.));
#2231 = ( GEOMETRIC_REPRESENTATION_CONTEXT(2) 
PARAMETRIC_REPRESENTATION_CONTEXT() REPRESENTATION_CONTEXT('2D SPACE',''
  ) );
#2232 = PCURVE('',#149,#2233);
#2233 = DEFINITIONAL_REPRESENTATION('',(#2234),#2238);
#2234 = CIRCLE('',#2235,21.);
#2235 = AXIS2_PLACEMENT_2D('',#2236,#2237);
#2236 = CARTESIAN_POINT('',(1.041859148601E-15,-1.846063891983E-16));
#2237 = DIRECTION('',(0.886697942846,-0.46234917341));
#2238 = ( GEOMETRIC_REPRESENTATION_CONTEXT(2) 
PARAMETRIC_REPRESENTATION_CONTEXT() REPRESENTATION_CONTEXT('2D SPACE',''
  ) );
#2239 = ORIENTED_EDGE('',*,*,#160,.T.);
#2240 = ADVANCED_FACE('',(#2241),#149,.F.);
#2241 = FACE_BOUND('',#2242,.F.);
#2242 = EDGE_LOOP('',(#2243,#2244,#2245,#2273));
#2243 = ORIENTED_EDGE('',*,*,#2218,.T.);
#2244 = ORIENTED_EDGE('',*,*,#134,.T.);
#2245 = ORIENTED_EDGE('',*,*,#2246,.T.);
#2246 = EDGE_CURVE('',#107,#2247,#2249,.T.);
#2247 = VERTEX_POINT('',#2248);
#2248 = CARTESIAN_POINT('',(18.58,-8.66,0.75));
#2249 = SURFACE_CURVE('',#2250,(#2255,#2266),.PCURVE_S1.);
#2250 = CIRCLE('',#2251,20.490104166667);
#2251 = AXIS2_PLACEMENT_3D('',#2252,#2253,#2254);
#2252 = CARTESIAN_POINT('',(9.895833333328E-03,0.,0.75));
#2253 = DIRECTION('',(0.,0.,-1.));
#2254 = DIRECTION('',(0.906296230396,0.422643044152,0.));
#2255 = PCURVE('',#149,#2256);
#2256 = DEFINITIONAL_REPRESENTATION('',(#2257),#2265);
#2257 = ( BOUNDED_CURVE() B_SPLINE_CURVE(2,(#2258,#2259,#2260,#2261,
#2262,#2263,#2264),.UNSPECIFIED.,.T.,.F.) B_SPLINE_CURVE_WITH_KNOTS((1,2
    ,2,2,2,1),(-2.094395102393,0.,2.094395102393,4.188790204786,
6.28318530718,8.377580409573),.UNSPECIFIED.) CURVE() 
GEOMETRIC_REPRESENTATION_ITEM() RATIONAL_B_SPLINE_CURVE((1.,0.5,1.,0.5,
1.,0.5,1.)) REPRESENTATION_ITEM('') );
#2258 = CARTESIAN_POINT('',(18.58,8.66));
#2259 = CARTESIAN_POINT('',(33.579559993546,-23.50436391851));
#2260 = CARTESIAN_POINT('',(-1.775376253227,-20.41218195925));
#2261 = CARTESIAN_POINT('',(-37.1303125,-17.32));
#2262 = CARTESIAN_POINT('',(-16.77493624677,11.752181959257));
#2263 = CARTESIAN_POINT('',(3.580440006453,40.824363918513));
#2264 = CARTESIAN_POINT('',(18.58,8.66));
#2265 = ( GEOMETRIC_REPRESENTATION_CONTEXT(2) 
PARAMETRIC_REPRESENTATION_CONTEXT() REPRESENTATION_CONTEXT('2D SPACE',''
  ) );
#2266 = PCURVE('',#122,#2267);
#2267 = DEFINITIONAL_REPRESENTATION('',(#2268),#2272);
#2268 = LINE('',#2269,#2270);
#2269 = CARTESIAN_POINT('',(0.,-5.E-02));
#2270 = VECTOR('',#2271,1.);
#2271 = DIRECTION('',(1.,0.));
#2272 = ( GEOMETRIC_REPRESENTATION_CONTEXT(2) 
PARAMETRIC_REPRESENTATION_CONTEXT() REPRESENTATION_CONTEXT('2D SPACE',''
  ) );
#2273 = ORIENTED_EDGE('',*,*,#2274,.T.);
#2274 = EDGE_CURVE('',#2247,#2198,#2275,.T.);
#2275 = SURFACE_CURVE('',#2276,(#2280,#2286),.PCURVE_S1.);
#2276 = LINE('',#2277,#2278);
#2277 = CARTESIAN_POINT('',(18.398558658079,-3.977085365646,0.75));
#2278 = VECTOR('',#2279,1.);
#2279 = DIRECTION('',(3.87163377713E-02,-0.999250241526,0.));
#2280 = PCURVE('',#149,#2281);
#2281 = DEFINITIONAL_REPRESENTATION('',(#2282),#2285);
#2282 = B_SPLINE_CURVE_WITH_KNOTS('',1,(#2283,#2284),.UNSPECIFIED.,.F.,
  .F.,(2,2),(4.686428323703,15.534561803707),.PIECEWISE_BEZIER_KNOTS.);
#2283 = CARTESIAN_POINT('',(18.58,-8.66));
#2284 = CARTESIAN_POINT('',(19.,-19.5));
#2285 = ( GEOMETRIC_REPRESENTATION_CONTEXT(2) 
PARAMETRIC_REPRESENTATION_CONTEXT() REPRESENTATION_CONTEXT('2D SPACE',''
  ) );
#2286 = PCURVE('',#1047,#2287);
#2287 = DEFINITIONAL_REPRESENTATION('',(#2288),#2291);
#2288 = B_SPLINE_CURVE_WITH_KNOTS('',1,(#2289,#2290),.UNSPECIFIED.,.F.,
  .F.,(2,2),(4.686428323703,15.534561803707),.PIECEWISE_BEZIER_KNOTS.);
#2289 = CARTESIAN_POINT('',(0.,-5.E-02));
#2290 = CARTESIAN_POINT('',(10.848133480005,-5.E-02));
#2291 = ( GEOMETRIC_REPRESENTATION_CONTEXT(2) 
PARAMETRIC_REPRESENTATION_CONTEXT() REPRESENTATION_CONTEXT('2D SPACE',''
  ) );
#2292 = ADVANCED_FACE('',(#2293),#122,.F.);
#2293 = FACE_BOUND('',#2294,.F.);
#2294 = EDGE_LOOP('',(#2295,#2296,#2297,#2325));
#2295 = ORIENTED_EDGE('',*,*,#2246,.F.);
#2296 = ORIENTED_EDGE('',*,*,#106,.T.);
#2297 = ORIENTED_EDGE('',*,*,#2298,.T.);
#2298 = EDGE_CURVE('',#79,#2299,#2301,.T.);
#2299 = VERTEX_POINT('',#2300);
#2300 = CARTESIAN_POINT('',(18.58,-8.66,35.5));
#2301 = SURFACE_CURVE('',#2302,(#2307,#2314),.PCURVE_S1.);
#2302 = CIRCLE('',#2303,20.490104166667);
#2303 = AXIS2_PLACEMENT_3D('',#2304,#2305,#2306);
#2304 = CARTESIAN_POINT('',(9.895833333328E-03,0.,35.5));
#2305 = DIRECTION('',(0.,0.,-1.));
#2306 = DIRECTION('',(0.906296230396,0.422643044152,0.));
#2307 = PCURVE('',#122,#2308);
#2308 = DEFINITIONAL_REPRESENTATION('',(#2309),#2313);
#2309 = LINE('',#2310,#2311);
#2310 = CARTESIAN_POINT('',(0.,-34.8));
#2311 = VECTOR('',#2312,1.);
#2312 = DIRECTION('',(1.,0.));
#2313 = ( GEOMETRIC_REPRESENTATION_CONTEXT(2) 
PARAMETRIC_REPRESENTATION_CONTEXT() REPRESENTATION_CONTEXT('2D SPACE',''
  ) );
#2314 = PCURVE('',#94,#2315);
#2315 = DEFINITIONAL_REPRESENTATION('',(#2316),#2324);
#2316 = ( BOUNDED_CURVE() B_SPLINE_CURVE(2,(#2317,#2318,#2319,#2320,
#2321,#2322,#2323),.UNSPECIFIED.,.T.,.F.) B_SPLINE_CURVE_WITH_KNOTS((1,2
    ,2,2,2,1),(-2.094395102393,0.,2.094395102393,4.188790204786,
6.28318530718,8.377580409573),.UNSPECIFIED.) CURVE() 
GEOMETRIC_REPRESENTATION_ITEM() RATIONAL_B_SPLINE_CURVE((1.,0.5,1.,0.5,
1.,0.5,1.)) REPRESENTATION_ITEM('') );
#2317 = CARTESIAN_POINT('',(-25.81158783172,8.66));
#2318 = CARTESIAN_POINT('',(-10.81202783817,-23.50436391851));
#2319 = CARTESIAN_POINT('',(-46.16696408495,-20.41218195925));
#2320 = CARTESIAN_POINT('',(-81.52190033172,-17.32));
#2321 = CARTESIAN_POINT('',(-61.16652407849,11.752181959257));
#2322 = CARTESIAN_POINT('',(-40.81114782527,40.824363918513));
#2323 = CARTESIAN_POINT('',(-25.81158783172,8.66));
#2324 = ( GEOMETRIC_REPRESENTATION_CONTEXT(2) 
PARAMETRIC_REPRESENTATION_CONTEXT() REPRESENTATION_CONTEXT('2D SPACE',''
  ) );
#2325 = ORIENTED_EDGE('',*,*,#2326,.F.);
#2326 = EDGE_CURVE('',#2247,#2299,#2327,.T.);
#2327 = SURFACE_CURVE('',#2328,(#2332,#2339),.PCURVE_S1.);
#2328 = LINE('',#2329,#2330);
#2329 = CARTESIAN_POINT('',(18.58,-8.66,-2.3));
#2330 = VECTOR('',#2331,1.);
#2331 = DIRECTION('',(0.,0.,1.));
#2332 = PCURVE('',#122,#2333);
#2333 = DEFINITIONAL_REPRESENTATION('',(#2334),#2338);
#2334 = LINE('',#2335,#2336);
#2335 = CARTESIAN_POINT('',(0.872719315078,3.));
#2336 = VECTOR('',#2337,1.);
#2337 = DIRECTION('',(0.,-1.));
#2338 = ( GEOMETRIC_REPRESENTATION_CONTEXT(2) 
PARAMETRIC_REPRESENTATION_CONTEXT() REPRESENTATION_CONTEXT('2D SPACE',''
  ) );
#2339 = PCURVE('',#1047,#2340);
#2340 = DEFINITIONAL_REPRESENTATION('',(#2341),#2345);
#2341 = LINE('',#2342,#2343);
#2342 = CARTESIAN_POINT('',(0.,3.));
#2343 = VECTOR('',#2344,1.);
#2344 = DIRECTION('',(0.,-1.));
#2345 = ( GEOMETRIC_REPRESENTATION_CONTEXT(2) 
PARAMETRIC_REPRESENTATION_CONTEXT() REPRESENTATION_CONTEXT('2D SPACE',''
  ) );
#2346 = ADVANCED_FACE('',(#2347,#2420),#94,.T.);
#2347 = FACE_BOUND('',#2348,.T.);
#2348 = EDGE_LOOP('',(#2349,#2350,#2351,#2374,#2397,#2419));
#2349 = ORIENTED_EDGE('',*,*,#78,.T.);
#2350 = ORIENTED_EDGE('',*,*,#2298,.T.);
#2351 = ORIENTED_EDGE('',*,*,#2352,.T.);
#2352 = EDGE_CURVE('',#2299,#2353,#2355,.T.);
#2353 = VERTEX_POINT('',#2354);
#2354 = CARTESIAN_POINT('',(19.,-19.5,35.5));
#2355 = SURFACE_CURVE('',#2356,(#2360,#2367),.PCURVE_S1.);
#2356 = LINE('',#2357,#2358);
#2357 = CARTESIAN_POINT('',(18.58,-8.66,35.5));
#2358 = VECTOR('',#2359,1.);
#2359 = DIRECTION('',(3.87163377713E-02,-0.999250241526,0.));
#2360 = PCURVE('',#94,#2361);
#2361 = DEFINITIONAL_REPRESENTATION('',(#2362),#2366);
#2362 = LINE('',#2363,#2364);
#2363 = CARTESIAN_POINT('',(-25.81158783172,-8.66));
#2364 = VECTOR('',#2365,1.);
#2365 = DIRECTION('',(3.87163377713E-02,-0.999250241526));
#2366 = ( GEOMETRIC_REPRESENTATION_CONTEXT(2) 
PARAMETRIC_REPRESENTATION_CONTEXT() REPRESENTATION_CONTEXT('2D SPACE',''
  ) );
#2367 = PCURVE('',#1047,#2368);
#2368 = DEFINITIONAL_REPRESENTATION('',(#2369),#2373);
#2369 = LINE('',#2370,#2371);
#2370 = CARTESIAN_POINT('',(0.,-34.8));
#2371 = VECTOR('',#2372,1.);
#2372 = DIRECTION('',(1.,0.));
#2373 = ( GEOMETRIC_REPRESENTATION_CONTEXT(2) 
PARAMETRIC_REPRESENTATION_CONTEXT() REPRESENTATION_CONTEXT('2D SPACE',''
  ) );
#2374 = ORIENTED_EDGE('',*,*,#2375,.T.);
#2375 = EDGE_CURVE('',#2353,#2376,#2378,.T.);
#2376 = VERTEX_POINT('',#2377);
#2377 = CARTESIAN_POINT('',(58.,-19.5,35.5));
#2378 = SURFACE_CURVE('',#2379,(#2383,#2390),.PCURVE_S1.);
#2379 = LINE('',#2380,#2381);
#2380 = CARTESIAN_POINT('',(19.,-19.5,35.5));
#2381 = VECTOR('',#2382,1.);
#2382 = DIRECTION('',(1.,0.,0.));
#2383 = PCURVE('',#94,#2384);
#2384 = DEFINITIONAL_REPRESENTATION('',(#2385),#2389);
#2385 = LINE('',#2386,#2387);
#2386 = CARTESIAN_POINT('',(-25.39158783172,-19.5));
#2387 = VECTOR('',#2388,1.);
#2388 = DIRECTION('',(1.,0.));
#2389 = ( GEOMETRIC_REPRESENTATION_CONTEXT(2) 
PARAMETRIC_REPRESENTATION_CONTEXT() REPRESENTATION_CONTEXT('2D SPACE',''
  ) );
#2390 = PCURVE('',#1075,#2391);
#2391 = DEFINITIONAL_REPRESENTATION('',(#2392),#2396);
#2392 = LINE('',#2393,#2394);
#2393 = CARTESIAN_POINT('',(0.,-34.8));
#2394 = VECTOR('',#2395,1.);
#2395 = DIRECTION('',(1.,0.));
#2396 = ( GEOMETRIC_REPRESENTATION_CONTEXT(2) 
PARAMETRIC_REPRESENTATION_CONTEXT() REPRESENTATION_CONTEXT('2D SPACE',''
  ) );
#2397 = ORIENTED_EDGE('',*,*,#2398,.T.);
#2398 = EDGE_CURVE('',#2376,#268,#2399,.T.);
#2399 = SURFACE_CURVE('',#2400,(#2405,#2412),.PCURVE_S1.);
#2400 = CIRCLE('',#2401,19.5);
#2401 = AXIS2_PLACEMENT_3D('',#2402,#2403,#2404);
#2402 = CARTESIAN_POINT('',(58.,0.,35.5));
#2403 = DIRECTION('',(0.,0.,1.));
#2404 = DIRECTION('',(-0.,-1.,0.));
#2405 = PCURVE('',#94,#2406);
#2406 = DEFINITIONAL_REPRESENTATION('',(#2407),#2411);
#2407 = CIRCLE('',#2408,19.5);
#2408 = AXIS2_PLACEMENT_2D('',#2409,#2410);
#2409 = CARTESIAN_POINT('',(13.608412168274,0.));
#2410 = DIRECTION('',(0.,-1.));
#2411 = ( GEOMETRIC_REPRESENTATION_CONTEXT(2) 
PARAMETRIC_REPRESENTATION_CONTEXT() REPRESENTATION_CONTEXT('2D SPACE',''
  ) );
#2412 = PCURVE('',#285,#2413);
#2413 = DEFINITIONAL_REPRESENTATION('',(#2414),#2418);
#2414 = LINE('',#2415,#2416);
#2415 = CARTESIAN_POINT('',(-0.,-34.8));
#2416 = VECTOR('',#2417,1.);
#2417 = DIRECTION('',(-1.,0.));
#2418 = ( GEOMETRIC_REPRESENTATION_CONTEXT(2) 
PARAMETRIC_REPRESENTATION_CONTEXT() REPRESENTATION_CONTEXT('2D SPACE',''
  ) );
#2419 = ORIENTED_EDGE('',*,*,#297,.T.);
#2420 = FACE_BOUND('',#2421,.T.);
#2421 = EDGE_LOOP('',(#2422,#2450,#2476,#2502));
#2422 = ORIENTED_EDGE('',*,*,#2423,.T.);
#2423 = EDGE_CURVE('',#2424,#2426,#2428,.T.);
#2424 = VERTEX_POINT('',#2425);
#2425 = CARTESIAN_POINT('',(68.51,-12.76,35.5));
#2426 = VERTEX_POINT('',#2427);
#2427 = CARTESIAN_POINT('',(22.49,-12.76,35.5));
#2428 = SURFACE_CURVE('',#2429,(#2433,#2439),.PCURVE_S1.);
#2429 = LINE('',#2430,#2431);
#2430 = CARTESIAN_POINT('',(33.440793915863,-12.76,35.5));
#2431 = VECTOR('',#2432,1.);
#2432 = DIRECTION('',(-1.,0.,0.));
#2433 = PCURVE('',#94,#2434);
#2434 = DEFINITIONAL_REPRESENTATION('',(#2435),#2438);
#2435 = B_SPLINE_CURVE_WITH_KNOTS('',1,(#2436,#2437),.UNSPECIFIED.,.F.,
  .F.,(2,2),(-35.06920608413,10.950793915863),.PIECEWISE_BEZIER_KNOTS.);
#2436 = CARTESIAN_POINT('',(24.118412168274,-12.76));
#2437 = CARTESIAN_POINT('',(-21.90158783172,-12.76));
#2438 = ( GEOMETRIC_REPRESENTATION_CONTEXT(2) 
PARAMETRIC_REPRESENTATION_CONTEXT() REPRESENTATION_CONTEXT('2D SPACE',''
  ) );
#2439 = PCURVE('',#2440,#2445);
#2440 = PLANE('',#2441);
#2441 = AXIS2_PLACEMENT_3D('',#2442,#2443,#2444);
#2442 = CARTESIAN_POINT('',(22.49,-12.76,0.7));
#2443 = DIRECTION('',(0.,1.,0.));
#2444 = DIRECTION('',(0.,0.,1.));
#2445 = DEFINITIONAL_REPRESENTATION('',(#2446),#2449);
#2446 = B_SPLINE_CURVE_WITH_KNOTS('',1,(#2447,#2448),.UNSPECIFIED.,.F.,
  .F.,(2,2),(-35.06920608413,10.950793915863),.PIECEWISE_BEZIER_KNOTS.);
#2447 = CARTESIAN_POINT('',(34.8,46.02));
#2448 = CARTESIAN_POINT('',(34.8,0.));
#2449 = ( GEOMETRIC_REPRESENTATION_CONTEXT(2) 
PARAMETRIC_REPRESENTATION_CONTEXT() REPRESENTATION_CONTEXT('2D SPACE',''
  ) );
#2450 = ORIENTED_EDGE('',*,*,#2451,.T.);
#2451 = EDGE_CURVE('',#2426,#2452,#2454,.T.);
#2452 = VERTEX_POINT('',#2453);
#2453 = CARTESIAN_POINT('',(22.49,12.76,35.5));
#2454 = SURFACE_CURVE('',#2455,(#2459,#2465),.PCURVE_S1.);
#2455 = LINE('',#2456,#2457);
#2456 = CARTESIAN_POINT('',(22.49,-6.38,35.5));
#2457 = VECTOR('',#2458,1.);
#2458 = DIRECTION('',(0.,1.,0.));
#2459 = PCURVE('',#94,#2460);
#2460 = DEFINITIONAL_REPRESENTATION('',(#2461),#2464);
#2461 = B_SPLINE_CURVE_WITH_KNOTS('',1,(#2462,#2463),.UNSPECIFIED.,.F.,
  .F.,(2,2),(-6.38,19.14),.PIECEWISE_BEZIER_KNOTS.);
#2462 = CARTESIAN_POINT('',(-21.90158783172,-12.76));
#2463 = CARTESIAN_POINT('',(-21.90158783172,12.76));
#2464 = ( GEOMETRIC_REPRESENTATION_CONTEXT(2) 
PARAMETRIC_REPRESENTATION_CONTEXT() REPRESENTATION_CONTEXT('2D SPACE',''
  ) );
#2465 = PCURVE('',#2466,#2471);
#2466 = PLANE('',#2467);
#2467 = AXIS2_PLACEMENT_3D('',#2468,#2469,#2470);
#2468 = CARTESIAN_POINT('',(22.49,-12.76,0.7));
#2469 = DIRECTION('',(1.,0.,0.));
#2470 = DIRECTION('',(0.,0.,1.));
#2471 = DEFINITIONAL_REPRESENTATION('',(#2472),#2475);
#2472 = B_SPLINE_CURVE_WITH_KNOTS('',1,(#2473,#2474),.UNSPECIFIED.,.F.,
  .F.,(2,2),(-6.38,19.14),.PIECEWISE_BEZIER_KNOTS.);
#2473 = CARTESIAN_POINT('',(34.8,0.));
#2474 = CARTESIAN_POINT('',(34.8,-25.52));
#2475 = ( GEOMETRIC_REPRESENTATION_CONTEXT(2) 
PARAMETRIC_REPRESENTATION_CONTEXT() REPRESENTATION_CONTEXT('2D SPACE',''
  ) );
#2476 = ORIENTED_EDGE('',*,*,#2477,.F.);
#2477 = EDGE_CURVE('',#2478,#2452,#2480,.T.);
#2478 = VERTEX_POINT('',#2479);
#2479 = CARTESIAN_POINT('',(68.51,12.76,35.5));
#2480 = SURFACE_CURVE('',#2481,(#2485,#2491),.PCURVE_S1.);
#2481 = LINE('',#2482,#2483);
#2482 = CARTESIAN_POINT('',(33.440793915863,12.76,35.5));
#2483 = VECTOR('',#2484,1.);
#2484 = DIRECTION('',(-1.,0.,0.));
#2485 = PCURVE('',#94,#2486);
#2486 = DEFINITIONAL_REPRESENTATION('',(#2487),#2490);
#2487 = B_SPLINE_CURVE_WITH_KNOTS('',1,(#2488,#2489),.UNSPECIFIED.,.F.,
  .F.,(2,2),(-35.06920608413,10.950793915863),.PIECEWISE_BEZIER_KNOTS.);
#2488 = CARTESIAN_POINT('',(24.118412168274,12.76));
#2489 = CARTESIAN_POINT('',(-21.90158783172,12.76));
#2490 = ( GEOMETRIC_REPRESENTATION_CONTEXT(2) 
PARAMETRIC_REPRESENTATION_CONTEXT() REPRESENTATION_CONTEXT('2D SPACE',''
  ) );
#2491 = PCURVE('',#2492,#2497);
#2492 = PLANE('',#2493);
#2493 = AXIS2_PLACEMENT_3D('',#2494,#2495,#2496);
#2494 = CARTESIAN_POINT('',(22.49,12.76,0.7));
#2495 = DIRECTION('',(0.,1.,0.));
#2496 = DIRECTION('',(0.,0.,1.));
#2497 = DEFINITIONAL_REPRESENTATION('',(#2498),#2501);
#2498 = B_SPLINE_CURVE_WITH_KNOTS('',1,(#2499,#2500),.UNSPECIFIED.,.F.,
  .F.,(2,2),(-35.06920608413,10.950793915863),.PIECEWISE_BEZIER_KNOTS.);
#2499 = CARTESIAN_POINT('',(34.8,46.02));
#2500 = CARTESIAN_POINT('',(34.8,0.));
#2501 = ( GEOMETRIC_REPRESENTATION_CONTEXT(2) 
PARAMETRIC_REPRESENTATION_CONTEXT() REPRESENTATION_CONTEXT('2D SPACE',''
  ) );
#2502 = ORIENTED_EDGE('',*,*,#2503,.F.);
#2503 = EDGE_CURVE('',#2424,#2478,#2504,.T.);
#2504 = SURFACE_CURVE('',#2505,(#2509,#2515),.PCURVE_S1.);
#2505 = LINE('',#2506,#2507);
#2506 = CARTESIAN_POINT('',(68.51,-6.38,35.5));
#2507 = VECTOR('',#2508,1.);
#2508 = DIRECTION('',(0.,1.,0.));
#2509 = PCURVE('',#94,#2510);
#2510 = DEFINITIONAL_REPRESENTATION('',(#2511),#2514);
#2511 = B_SPLINE_CURVE_WITH_KNOTS('',1,(#2512,#2513),.UNSPECIFIED.,.F.,
  .F.,(2,2),(-6.38,19.14),.PIECEWISE_BEZIER_KNOTS.);
#2512 = CARTESIAN_POINT('',(24.118412168274,-12.76));
#2513 = CARTESIAN_POINT('',(24.118412168274,12.76));
#2514 = ( GEOMETRIC_REPRESENTATION_CONTEXT(2) 
PARAMETRIC_REPRESENTATION_CONTEXT() REPRESENTATION_CONTEXT('2D SPACE',''
  ) );
#2515 = PCURVE('',#2516,#2521);
#2516 = PLANE('',#2517);
#2517 = AXIS2_PLACEMENT_3D('',#2518,#2519,#2520);
#2518 = CARTESIAN_POINT('',(68.51,-12.76,0.7));
#2519 = DIRECTION('',(1.,0.,0.));
#2520 = DIRECTION('',(0.,0.,1.));
#2521 = DEFINITIONAL_REPRESENTATION('',(#2522),#2525);
#2522 = B_SPLINE_CURVE_WITH_KNOTS('',1,(#2523,#2524),.UNSPECIFIED.,.F.,
  .F.,(2,2),(-6.38,19.14),.PIECEWISE_BEZIER_KNOTS.);
#2523 = CARTESIAN_POINT('',(34.8,0.));
#2524 = CARTESIAN_POINT('',(34.8,-25.52));
#2525 = ( GEOMETRIC_REPRESENTATION_CONTEXT(2) 
PARAMETRIC_REPRESENTATION_CONTEXT() REPRESENTATION_CONTEXT('2D SPACE',''
  ) );
#2526 = ADVANCED_FACE('',(#2527,#2580,#2931),#285,.T.);
#2527 = FACE_BOUND('',#2528,.F.);
#2528 = EDGE_LOOP('',(#2529,#2552,#2553,#2554));
#2529 = ORIENTED_EDGE('',*,*,#2530,.F.);
#2530 = EDGE_CURVE('',#2376,#2531,#2533,.T.);
#2531 = VERTEX_POINT('',#2532);
#2532 = CARTESIAN_POINT('',(58.,-19.5,1.));
#2533 = SURFACE_CURVE('',#2534,(#2538,#2545),.PCURVE_S1.);
#2534 = LINE('',#2535,#2536);
#2535 = CARTESIAN_POINT('',(58.,-19.5,35.5));
#2536 = VECTOR('',#2537,1.);
#2537 = DIRECTION('',(0.,0.,-1.));
#2538 = PCURVE('',#285,#2539);
#2539 = DEFINITIONAL_REPRESENTATION('',(#2540),#2544);
#2540 = LINE('',#2541,#2542);
#2541 = CARTESIAN_POINT('',(-0.,-34.8));
#2542 = VECTOR('',#2543,1.);
#2543 = DIRECTION('',(0.,1.));
#2544 = ( GEOMETRIC_REPRESENTATION_CONTEXT(2) 
PARAMETRIC_REPRESENTATION_CONTEXT() REPRESENTATION_CONTEXT('2D SPACE',''
  ) );
#2545 = PCURVE('',#1075,#2546);
#2546 = DEFINITIONAL_REPRESENTATION('',(#2547),#2551);
#2547 = LINE('',#2548,#2549);
#2548 = CARTESIAN_POINT('',(39.,-34.8));
#2549 = VECTOR('',#2550,1.);
#2550 = DIRECTION('',(0.,1.));
#2551 = ( GEOMETRIC_REPRESENTATION_CONTEXT(2) 
PARAMETRIC_REPRESENTATION_CONTEXT() REPRESENTATION_CONTEXT('2D SPACE',''
  ) );
#2552 = ORIENTED_EDGE('',*,*,#2398,.T.);
#2553 = ORIENTED_EDGE('',*,*,#267,.T.);
#2554 = ORIENTED_EDGE('',*,*,#2555,.T.);
#2555 = EDGE_CURVE('',#270,#2531,#2556,.T.);
#2556 = SURFACE_CURVE('',#2557,(#2562,#2569),.PCURVE_S1.);
#2557 = CIRCLE('',#2558,19.5);
#2558 = AXIS2_PLACEMENT_3D('',#2559,#2560,#2561);
#2559 = CARTESIAN_POINT('',(58.,0.,1.));
#2560 = DIRECTION('',(-0.,0.,-1.));
#2561 = DIRECTION('',(-0.,-1.,0.));
#2562 = PCURVE('',#285,#2563);
#2563 = DEFINITIONAL_REPRESENTATION('',(#2564),#2568);
#2564 = LINE('',#2565,#2566);
#2565 = CARTESIAN_POINT('',(-6.28318530718,-0.3));
#2566 = VECTOR('',#2567,1.);
#2567 = DIRECTION('',(1.,-0.));
#2568 = ( GEOMETRIC_REPRESENTATION_CONTEXT(2) 
PARAMETRIC_REPRESENTATION_CONTEXT() REPRESENTATION_CONTEXT('2D SPACE',''
  ) );
#2569 = PCURVE('',#381,#2570);
#2570 = DEFINITIONAL_REPRESENTATION('',(#2571),#2579);
#2571 = ( BOUNDED_CURVE() B_SPLINE_CURVE(2,(#2572,#2573,#2574,#2575,
#2576,#2577,#2578),.UNSPECIFIED.,.T.,.F.) B_SPLINE_CURVE_WITH_KNOTS((1,2
    ,2,2,2,1),(-2.094395102393,0.,2.094395102393,4.188790204786,
6.28318530718,8.377580409573),.UNSPECIFIED.) CURVE() 
GEOMETRIC_REPRESENTATION_ITEM() RATIONAL_B_SPLINE_CURVE((1.,0.5,1.,0.5,
1.,0.5,1.)) REPRESENTATION_ITEM('') );
#2572 = CARTESIAN_POINT('',(-7.105427357601E-15,-19.5));
#2573 = CARTESIAN_POINT('',(-33.77499074759,-19.5));
#2574 = CARTESIAN_POINT('',(-16.88749537379,9.75));
#2575 = CARTESIAN_POINT('',(-1.188154987428E-14,39.));
#2576 = CARTESIAN_POINT('',(16.887495373797,9.75));
#2577 = CARTESIAN_POINT('',(33.774990747593,-19.5));
#2578 = CARTESIAN_POINT('',(-7.105427357601E-15,-19.5));
#2579 = ( GEOMETRIC_REPRESENTATION_CONTEXT(2) 
PARAMETRIC_REPRESENTATION_CONTEXT() REPRESENTATION_CONTEXT('2D SPACE',''
  ) );
#2580 = FACE_BOUND('',#2581,.F.);
#2581 = EDGE_LOOP('',(#2582));
#2582 = ORIENTED_EDGE('',*,*,#2583,.T.);
#2583 = EDGE_CURVE('',#2584,#2584,#2586,.T.);
#2584 = VERTEX_POINT('',#2585);
#2585 = CARTESIAN_POINT('',(75.5,-8.602325267043,18.));
#2586 = SURFACE_CURVE('',#2587,(#2698,#2812),.PCURVE_S1.);
#2587 = B_SPLINE_CURVE_WITH_KNOTS('',7,(#2588,#2589,#2590,#2591,#2592,
    #2593,#2594,#2595,#2596,#2597,#2598,#2599,#2600,#2601,#2602,#2603,
    #2604,#2605,#2606,#2607,#2608,#2609,#2610,#2611,#2612,#2613,#2614,
    #2615,#2616,#2617,#2618,#2619,#2620,#2621,#2622,#2623,#2624,#2625,
    #2626,#2627,#2628,#2629,#2630,#2631,#2632,#2633,#2634,#2635,#2636,
    #2637,#2638,#2639,#2640,#2641,#2642,#2643,#2644,#2645,#2646,#2647,
    #2648,#2649,#2650,#2651,#2652,#2653,#2654,#2655,#2656,#2657,#2658,
    #2659,#2660,#2661,#2662,#2663,#2664,#2665,#2666,#2667,#2668,#2669,
    #2670,#2671,#2672,#2673,#2674,#2675,#2676,#2677,#2678,#2679,#2680,
    #2681,#2682,#2683,#2684,#2685,#2686,#2687,#2688,#2689,#2690,#2691,
    #2692,#2693,#2694,#2695,#2696,#2697),.UNSPECIFIED.,.T.,.F.,(8,6,6,6,
    6,6,6,6,6,6,6,6,6,6,6,6,6,6,8),(0.,4.451032254894E-02,
    9.000939297821E-02,0.162357690346,0.250968819777,0.319743322867,
    0.376911221873,0.41402353622,0.454418254742,0.499724647526,
    0.546686739014,0.586985387542,0.622729212984,0.661897461137,
    0.712724404277,0.836745384007,0.911282038085,0.956688855115,1.),
  .UNSPECIFIED.);
#2588 = CARTESIAN_POINT('',(75.5,-8.602325267043,18.));
#2589 = CARTESIAN_POINT('',(75.5,-8.602325267043,18.183482757121));
#2590 = CARTESIAN_POINT('',(75.490180505742,-8.622300358995,
    18.364879670219));
#2591 = CARTESIAN_POINT('',(75.47094475545,-8.661435803655,
    18.543105456561));
#2592 = CARTESIAN_POINT('',(75.442881496319,-8.718158602466,
    18.717004651812));
#2593 = CARTESIAN_POINT('',(75.406826883696,-8.79013769022,
    18.885298862811));
#2594 = CARTESIAN_POINT('',(75.363976748206,-8.874298548053,
    19.046540037373));
#2595 = CARTESIAN_POINT('',(75.267057056301,-9.06146190395,
    19.354987744772));
#2596 = CARTESIAN_POINT('',(75.212081602765,-9.166149468983,
    19.503958625745));
#2597 = CARTESIAN_POINT('',(75.151903090012,-9.278822197112,
    19.646267187343));
#2598 = CARTESIAN_POINT('',(75.087132297629,-9.397809996817,
    19.782258291349));
#2599 = CARTESIAN_POINT('',(75.018219234045,-9.521865285515,
    19.912333106739));
#2600 = CARTESIAN_POINT('',(74.945437344023,-9.650153648218,
    20.03694476152));
#2601 = CARTESIAN_POINT('',(74.747050613362,-9.992258960999,
    20.346847312922));
#2602 = CARTESIAN_POINT('',(74.615428868776,-10.21220409053,
    20.524850213307));
#2603 = CARTESIAN_POINT('',(74.475070163322,-10.43876952634,
    20.69109914939));
#2604 = CARTESIAN_POINT('',(74.326633133784,-10.66989995925,
    20.846188982661));
#2605 = CARTESIAN_POINT('',(74.170307773189,-10.9045339032,
    20.990708726546));
#2606 = CARTESIAN_POINT('',(74.005843634174,-11.14230689,21.125092955399
    ));
#2607 = CARTESIAN_POINT('',(73.620505795226,-11.67826431125,
    21.401712380532));
#2608 = CARTESIAN_POINT('',(73.3958860366,-11.97714785371,
    21.538475030334));
#2609 = CARTESIAN_POINT('',(73.15887512797,-12.27833785783,
    21.659280688186));
#2610 = CARTESIAN_POINT('',(72.909395571809,-12.58074062585,
    21.763236215313));
#2611 = CARTESIAN_POINT('',(72.647351954981,-12.88333847584,
    21.848926711684));
#2612 = CARTESIAN_POINT('',(72.372823616853,-13.18497743261,
    21.914342694295));
#2613 = CARTESIAN_POINT('',(71.863913344127,-13.71660783294,
    21.989750311469));
#2614 = CARTESIAN_POINT('',(71.633916752837,-13.94792426437,
    22.008927835172));
#2615 = CARTESIAN_POINT('',(71.39715336931,-14.176906186,22.012891903457
    ));
#2616 = CARTESIAN_POINT('',(71.154637408382,-14.40227021836,
    22.000196788424));
#2617 = CARTESIAN_POINT('',(70.907588458288,-14.62278466882,
    21.969386112637));
#2618 = CARTESIAN_POINT('',(70.65747633996,-14.83726639372,
    21.918987918184));
#2619 = CARTESIAN_POINT('',(70.197098931328,-15.21690323771,
    21.7880931337));
#2620 = CARTESIAN_POINT('',(69.987288618836,-15.38422792163,
    21.714127252094));
#2621 = CARTESIAN_POINT('',(69.77859993584,-15.54512977456,
    21.625033308393));
#2622 = CARTESIAN_POINT('',(69.573016508885,-15.6984594724,
    21.520575255435));
#2623 = CARTESIAN_POINT('',(69.372513187624,-15.8433212902,
    21.400864200495));
#2624 = CARTESIAN_POINT('',(69.179004421658,-15.97904525312,
    21.266365506725));
#2625 = CARTESIAN_POINT('',(68.874354545349,-16.18701629163,
    21.021531982019));
#2626 = CARTESIAN_POINT('',(68.758257136002,-16.2647435558,
    20.919372696645));
#2627 = CARTESIAN_POINT('',(68.646457265499,-16.33821784926,
    20.811678028965));
#2628 = CARTESIAN_POINT('',(68.53939857776,-16.40736047959,
    20.698754460088));
#2629 = CARTESIAN_POINT('',(68.437487982443,-16.47212446707,
    20.580967162352));
#2630 = CARTESIAN_POINT('',(68.341088328593,-16.53249010604,
    20.458740230353));
#2631 = CARTESIAN_POINT('',(68.15192270956,-16.64938125881,
    20.195213291199));
#2632 = CARTESIAN_POINT('',(68.060236354653,-16.70509230667,
    20.05318830512));
#2633 = CARTESIAN_POINT('',(67.975726981981,-16.75567684747,
    19.906933839242));
#2634 = CARTESIAN_POINT('',(67.898631231497,-16.80122168031,
    19.75692536205));
#2635 = CARTESIAN_POINT('',(67.829143937073,-16.84181486966,
    19.603661600046));
#2636 = CARTESIAN_POINT('',(67.767414648893,-16.87754338897,
    19.447664212784));
#2637 = CARTESIAN_POINT('',(67.653123442267,-16.943201093,
    19.112056481719));
#2638 = CARTESIAN_POINT('',(67.602568703822,-16.97190861263,
    18.931823260045));
#2639 = CARTESIAN_POINT('',(67.561966904046,-16.99476322049,
    18.749348754955));
#2640 = CARTESIAN_POINT('',(67.531381566719,-17.01187855326,
    18.565201323603));
#2641 = CARTESIAN_POINT('',(67.510852813086,-17.023331993,
    18.379946809796));
#2642 = CARTESIAN_POINT('',(67.500397399087,-17.02916467292,
    18.194148625561));
#2643 = CARTESIAN_POINT('',(67.499605903203,-17.02960621672,
    17.815797776843));
#2644 = CARTESIAN_POINT('',(67.510018866794,-17.02379721292,
    17.623168991142));
#2645 = CARTESIAN_POINT('',(67.531256539326,-17.01195097633,
    17.431107185616));
#2646 = CARTESIAN_POINT('',(67.563300589646,-16.99402232027,
    17.240240697425));
#2647 = CARTESIAN_POINT('',(67.606105427136,-16.96992437206,
    17.051200594059));
#2648 = CARTESIAN_POINT('',(67.659598169366,-16.93952857826,
    16.864620776514));
#2649 = CARTESIAN_POINT('',(67.778666687638,-16.87103144932,
    16.523689715822));
#2650 = CARTESIAN_POINT('',(67.841466344981,-16.83462648639,
    16.368478975789));
#2651 = CARTESIAN_POINT('',(67.911972288478,-16.79336664298,
    16.216050735583));
#2652 = CARTESIAN_POINT('',(67.990029924086,-16.74716606398,
    16.066926222076));
#2653 = CARTESIAN_POINT('',(68.075438964455,-16.69593865314,
    15.921602692394));
#2654 = CARTESIAN_POINT('',(68.167957036356,-16.63960050895,
    15.780553110513));
#2655 = CARTESIAN_POINT('',(68.3554207613,-16.52349853535,
    15.523307159962));
#2656 = CARTESIAN_POINT('',(68.448902501258,-16.46484638741,
    15.406114060748));
#2657 = CARTESIAN_POINT('',(68.547465181132,-16.40211541868,
    15.293073846638));
#2658 = CARTESIAN_POINT('',(68.650781652875,-16.33532512847,
    15.184562732815));
#2659 = CARTESIAN_POINT('',(68.75848704827,-16.26451869695,
    15.080906022388));
#2660 = CARTESIAN_POINT('',(68.870184879938,-16.18976666863,
    14.982378299553));
#2661 = CARTESIAN_POINT('',(69.111764633949,-16.02504474197,
    14.78710238379));
#2662 = CARTESIAN_POINT('',(69.242293940877,-15.93435057434,
    14.691485152122));
#2663 = CARTESIAN_POINT('',(69.376447626633,-15.83925084755,
    14.602656403777));
#2664 = CARTESIAN_POINT('',(69.513598476569,-15.7399558387,
    14.520832146451));
#2665 = CARTESIAN_POINT('',(69.653095007212,-15.63672867421,
    14.446141095855));
#2666 = CARTESIAN_POINT('',(69.794270975573,-15.52989061656,
    14.378625852083));
#2667 = CARTESIAN_POINT('',(70.120960808355,-15.27700070958,
    14.239889254228));
#2668 = CARTESIAN_POINT('',(70.306984432981,-15.12888154995,
    14.173622521116));
#2669 = CARTESIAN_POINT('',(70.493501638717,-14.9759779076,
    14.119118334206));
#2670 = CARTESIAN_POINT('',(70.679541793296,-14.81886725657,
    14.075970193374));
#2671 = CARTESIAN_POINT('',(70.864190652486,-14.65819736181,
    14.043691394047));
#2672 = CARTESIAN_POINT('',(71.046593256776,-14.49468813148,
    14.021715780475));
#2673 = CARTESIAN_POINT('',(71.663615370206,-13.92516954534,
    13.979343547345));
#2674 = CARTESIAN_POINT('',(72.082832234074,-13.5093445671,
    14.006817700847));
#2675 = CARTESIAN_POINT('',(72.479126891403,-13.08676246779,
    14.081816718118));
#2676 = CARTESIAN_POINT('',(72.851033474645,-12.66146579317,
    14.196963327736));
#2677 = CARTESIAN_POINT('',(73.198227197111,-12.23681082372,
    14.34702550714));
#2678 = CARTESIAN_POINT('',(73.520884816037,-11.81573371152,
    14.528743226406));
#2679 = CARTESIAN_POINT('',(73.997719297524,-11.15422266526,
    14.867963207135));
#2680 = CARTESIAN_POINT('',(74.167423485106,-10.9092050172,
    15.005963712589));
#2681 = CARTESIAN_POINT('',(74.328498769197,-10.66748519088,
    15.154703293909));
#2682 = CARTESIAN_POINT('',(74.48123792523,-10.42944693364,
    15.314662179586));
#2683 = CARTESIAN_POINT('',(74.625412050568,-10.19624677857,
    15.486490818098));
#2684 = CARTESIAN_POINT('',(74.760287245585,-9.970183053408,
    15.670845316131));
#2685 = CARTESIAN_POINT('',(74.960373460004,-9.623858829148,
    15.988528728389));
#2686 = CARTESIAN_POINT('',(75.032305681088,-9.496610859754,
    16.113793520107));
#2687 = CARTESIAN_POINT('',(75.100348928839,-9.373695887662,
    16.244555567971));
#2688 = CARTESIAN_POINT('',(75.164213375099,-9.255983668816,
    16.381262907838));
#2689 = CARTESIAN_POINT('',(75.223434765483,-9.144757161938,
    16.524310751273));
#2690 = CARTESIAN_POINT('',(75.277389564742,-9.041720064669,
    16.674038613795));
#2691 = CARTESIAN_POINT('',(75.370969332435,-8.860549314756,
    16.98018574386));
#2692 = CARTESIAN_POINT('',(75.411712870271,-8.780378817455,
    17.137847701204));
#2693 = CARTESIAN_POINT('',(75.445932357056,-8.711991589677,
    17.302135872966));
#2694 = CARTESIAN_POINT('',(75.472525738924,-8.658219199465,
    17.47166886582));
#2695 = CARTESIAN_POINT('',(75.490725620039,-8.621191562577,
    17.645222074161));
#2696 = CARTESIAN_POINT('',(75.5,-8.602325267043,17.821682749613));
#2697 = CARTESIAN_POINT('',(75.5,-8.602325267043,18.));
#2698 = PCURVE('',#285,#2699);
#2699 = DEFINITIONAL_REPRESENTATION('',(#2700),#2811);
#2700 = B_SPLINE_CURVE_WITH_KNOTS('',7,(#2701,#2702,#2703,#2704,#2705,
    #2706,#2707,#2708,#2709,#2710,#2711,#2712,#2713,#2714,#2715,#2716,
    #2717,#2718,#2719,#2720,#2721,#2722,#2723,#2724,#2725,#2726,#2727,
    #2728,#2729,#2730,#2731,#2732,#2733,#2734,#2735,#2736,#2737,#2738,
    #2739,#2740,#2741,#2742,#2743,#2744,#2745,#2746,#2747,#2748,#2749,
    #2750,#2751,#2752,#2753,#2754,#2755,#2756,#2757,#2758,#2759,#2760,
    #2761,#2762,#2763,#2764,#2765,#2766,#2767,#2768,#2769,#2770,#2771,
    #2772,#2773,#2774,#2775,#2776,#2777,#2778,#2779,#2780,#2781,#2782,
    #2783,#2784,#2785,#2786,#2787,#2788,#2789,#2790,#2791,#2792,#2793,
    #2794,#2795,#2796,#2797,#2798,#2799,#2800,#2801,#2802,#2803,#2804,
    #2805,#2806,#2807,#2808,#2809,#2810),.UNSPECIFIED.,.T.,.F.,(8,6,6,6,
    6,6,6,6,6,6,6,6,6,6,6,6,6,6,8),(0.,4.451032254894E-02,
    9.000939297821E-02,0.162357690346,0.250968819777,0.319743322867,
    0.376911221873,0.41402353622,0.454418254742,0.499724647526,
    0.546686739014,0.586985387542,0.622729212984,0.661897461137,
    0.712724404277,0.836745384007,0.911282038085,0.956688855115,1.),
  .UNSPECIFIED.);
#2701 = CARTESIAN_POINT('',(-1.113922323262,-17.3));
#2702 = CARTESIAN_POINT('',(-1.113922323262,-17.48348275712));
#2703 = CARTESIAN_POINT('',(-1.112780883055,-17.66487967021));
#2704 = CARTESIAN_POINT('',(-1.110544592882,-17.84310545656));
#2705 = CARTESIAN_POINT('',(-1.107299231329,-18.01700465181));
#2706 = CARTESIAN_POINT('',(-1.103170915661,-18.18529886281));
#2707 = CARTESIAN_POINT('',(-1.098327885497,-18.34654003737));
#2708 = CARTESIAN_POINT('',(-1.087519221616,-18.65498774477));
#2709 = CARTESIAN_POINT('',(-1.081455494138,-18.80395862574));
#2710 = CARTESIAN_POINT('',(-1.074905178426,-18.94626718734));
#2711 = CARTESIAN_POINT('',(-1.067958180612,-19.08225829134));
#2712 = CARTESIAN_POINT('',(-1.060681155569,-19.21233310673));
#2713 = CARTESIAN_POINT('',(-1.05311758802,-19.33694476152));
#2714 = CARTESIAN_POINT('',(-1.032837281444,-19.64684731292));
#2715 = CARTESIAN_POINT('',(-1.019693888937,-19.8248502133));
#2716 = CARTESIAN_POINT('',(-1.006028890186,-19.99109914939));
#2717 = CARTESIAN_POINT('',(-0.991945652089,-20.14618898266));
#2718 = CARTESIAN_POINT('',(-0.977490569009,-20.29070872654));
#2719 = CARTESIAN_POINT('',(-0.962666887232,-20.42509295539));
#2720 = CARTESIAN_POINT('',(-0.928815465438,-20.70171238053));
#2721 = CARTESIAN_POINT('',(-0.909646484325,-20.83847503033));
#2722 = CARTESIAN_POINT('',(-0.88999989669,-20.95928068818));
#2723 = CARTESIAN_POINT('',(-0.869905794787,-21.06323621531));
#2724 = CARTESIAN_POINT('',(-0.849387883489,-21.14892671168));
#2725 = CARTESIAN_POINT('',(-0.828478504261,-21.21434269429));
#2726 = CARTESIAN_POINT('',(-0.790737543224,-21.28975031146));
#2727 = CARTESIAN_POINT('',(-0.774012403983,-21.30892783517));
#2728 = CARTESIAN_POINT('',(-0.757126459557,-21.31289190345));
#2729 = CARTESIAN_POINT('',(-0.740154956147,-21.30019678842));
#2730 = CARTESIAN_POINT('',(-0.723178326992,-21.26938611263));
#2731 = CARTESIAN_POINT('',(-0.706284947396,-21.21898791818));
#2732 = CARTESIAN_POINT('',(-0.675684062126,-21.0880931337));
#2733 = CARTESIAN_POINT('',(-0.661923771081,-21.01412725209));
#2734 = CARTESIAN_POINT('',(-0.648413039615,-20.92503330839));
#2735 = CARTESIAN_POINT('',(-0.635263815126,-20.82057525543));
#2736 = CARTESIAN_POINT('',(-0.622580783517,-20.70086420049));
#2737 = CARTESIAN_POINT('',(-0.610460664863,-20.56636550672));
#2738 = CARTESIAN_POINT('',(-0.591544364221,-20.32153198201));
#2739 = CARTESIAN_POINT('',(-0.584379813741,-20.21937269664));
#2740 = CARTESIAN_POINT('',(-0.577519567065,-20.11167802896));
#2741 = CARTESIAN_POINT('',(-0.570984257996,-19.99875446008));
#2742 = CARTESIAN_POINT('',(-0.564792270209,-19.88096716235));
#2743 = CARTESIAN_POINT('',(-0.558959524882,-19.75874023035));
#2744 = CARTESIAN_POINT('',(-0.547556078569,-19.49521329119));
#2745 = CARTESIAN_POINT('',(-0.542054428612,-19.35318830512));
#2746 = CARTESIAN_POINT('',(-0.537003730705,-19.20693383924));
#2747 = CARTESIAN_POINT('',(-0.53241185345,-19.05692536205));
#2748 = CARTESIAN_POINT('',(-0.528284964314,-18.90366160004));
#2749 = CARTESIAN_POINT('',(-0.524627372147,-18.74766421278));
#2750 = CARTESIAN_POINT('',(-0.517867974858,-18.41205648171));
#2751 = CARTESIAN_POINT('',(-0.51488662729,-18.23182326004));
#2752 = CARTESIAN_POINT('',(-0.512497303666,-18.04934875495));
#2753 = CARTESIAN_POINT('',(-0.510699946174,-17.8652013236));
#2754 = CARTESIAN_POINT('',(-0.509494417764,-17.67994680979));
#2755 = CARTESIAN_POINT('',(-0.508880457395,-17.49414862556));
#2756 = CARTESIAN_POINT('',(-0.508833979143,-17.11579777684));
#2757 = CARTESIAN_POINT('',(-0.50944544604,-16.92316899114));
#2758 = CARTESIAN_POINT('',(-0.510692538171,-16.73110718561));
#2759 = CARTESIAN_POINT('',(-0.512575543414,-16.54024069742));
#2760 = CARTESIAN_POINT('',(-0.515094589699,-16.35120059405));
#2761 = CARTESIAN_POINT('',(-0.518249699387,-16.16462077651));
#2762 = CARTESIAN_POINT('',(-0.52529406312,-15.82368971582));
#2763 = CARTESIAN_POINT('',(-0.529016539162,-15.66847897578));
#2764 = CARTESIAN_POINT('',(-0.533205776776,-15.51605073558));
#2765 = CARTESIAN_POINT('',(-0.537857225331,-15.36692622207));
#2766 = CARTESIAN_POINT('',(-0.542964439134,-15.22160269239));
#2767 = CARTESIAN_POINT('',(-0.548519238015,-15.08055311051));
#2768 = CARTESIAN_POINT('',(-0.559827170618,-14.82330715996));
#2769 = CARTESIAN_POINT('',(-0.56548646627,-14.70611406074));
#2770 = CARTESIAN_POINT('',(-0.571477653873,-14.59307384663));
#2771 = CARTESIAN_POINT('',(-0.577786340407,-14.48456273281));
#2772 = CARTESIAN_POINT('',(-0.584396017517,-14.38090602238));
#2773 = CARTESIAN_POINT('',(-0.591288238214,-14.28237829955));
#2774 = CARTESIAN_POINT('',(-0.606282788236,-14.08710238379));
#2775 = CARTESIAN_POINT('',(-0.614433474064,-13.99148515212));
#2776 = CARTESIAN_POINT('',(-0.622865774745,-13.90265640377));
#2777 = CARTESIAN_POINT('',(-0.631548131483,-13.82083214645));
#2778 = CARTESIAN_POINT('',(-0.640446669883,-13.74614109585));
#2779 = CARTESIAN_POINT('',(-0.649525366812,-13.67862585208));
#2780 = CARTESIAN_POINT('',(-0.670711716473,-13.53988925422));
#2781 = CARTESIAN_POINT('',(-0.68290493373,-13.47362252111));
#2782 = CARTESIAN_POINT('',(-0.695271144659,-13.4191183342));
#2783 = CARTESIAN_POINT('',(-0.707756158338,-13.37597019337));
#2784 = CARTESIAN_POINT('',(-0.720306036926,-13.34369139404));
#2785 = CARTESIAN_POINT('',(-0.732866815283,-13.32171578047));
#2786 = CARTESIAN_POINT('',(-0.775927487078,-13.27934354734));
#2787 = CARTESIAN_POINT('',(-0.806188360411,-13.30681770084));
#2788 = CARTESIAN_POINT('',(-0.83586702386,-13.38181671811));
#2789 = CARTESIAN_POINT('',(-0.864810240685,-13.49696332773));
#2790 = CARTESIAN_POINT('',(-0.892916609556,-13.64702550713));
#2791 = CARTESIAN_POINT('',(-0.920109304336,-13.8287432264));
#2792 = CARTESIAN_POINT('',(-0.961927544997,-14.16796320713));
#2793 = CARTESIAN_POINT('',(-0.977209399484,-14.30596371258));
#2794 = CARTESIAN_POINT('',(-0.992101634654,-14.4547032939));
#2795 = CARTESIAN_POINT('',(-1.006601838777,-14.61466217958));
#2796 = CARTESIAN_POINT('',(-1.020658892555,-14.78649081809));
#2797 = CARTESIAN_POINT('',(-1.03415713106,-14.97084531613));
#2798 = CARTESIAN_POINT('',(-1.054668346478,-15.28852872838));
#2799 = CARTESIAN_POINT('',(-1.062164024637,-15.4137935201));
#2800 = CARTESIAN_POINT('',(-1.069368288706,-15.54455556797));
#2801 = CARTESIAN_POINT('',(-1.07623563172,-15.68126290783));
#2802 = CARTESIAN_POINT('',(-1.082697422477,-15.82431075127));
#2803 = CARTESIAN_POINT('',(-1.088661890189,-15.97403861379));
#2804 = CARTESIAN_POINT('',(-1.099118904488,-16.28018574386));
#2805 = CARTESIAN_POINT('',(-1.103730577197,-16.4378477012));
#2806 = CARTESIAN_POINT('',(-1.107652068767,-16.60213587296));
#2807 = CARTESIAN_POINT('',(-1.110728396904,-16.77166886582));
#2808 = CARTESIAN_POINT('',(-1.112844243706,-16.94522207416));
#2809 = CARTESIAN_POINT('',(-1.113922323262,-17.12168274961));
#2810 = CARTESIAN_POINT('',(-1.113922323262,-17.3));
#2811 = ( GEOMETRIC_REPRESENTATION_CONTEXT(2) 
PARAMETRIC_REPRESENTATION_CONTEXT() REPRESENTATION_CONTEXT('2D SPACE',''
  ) );
#2812 = PCURVE('',#2813,#2818);
#2813 = CYLINDRICAL_SURFACE('',#2814,4.);
#2814 = AXIS2_PLACEMENT_3D('',#2815,#2816,#2817);
#2815 = CARTESIAN_POINT('',(71.5,25.,18.));
#2816 = DIRECTION('',(-0.,1.,-0.));
#2817 = DIRECTION('',(1.,0.,0.));
#2818 = DEFINITIONAL_REPRESENTATION('',(#2819),#2930);
#2819 = B_SPLINE_CURVE_WITH_KNOTS('',7,(#2820,#2821,#2822,#2823,#2824,
    #2825,#2826,#2827,#2828,#2829,#2830,#2831,#2832,#2833,#2834,#2835,
    #2836,#2837,#2838,#2839,#2840,#2841,#2842,#2843,#2844,#2845,#2846,
    #2847,#2848,#2849,#2850,#2851,#2852,#2853,#2854,#2855,#2856,#2857,
    #2858,#2859,#2860,#2861,#2862,#2863,#2864,#2865,#2866,#2867,#2868,
    #2869,#2870,#2871,#2872,#2873,#2874,#2875,#2876,#2877,#2878,#2879,
    #2880,#2881,#2882,#2883,#2884,#2885,#2886,#2887,#2888,#2889,#2890,
    #2891,#2892,#2893,#2894,#2895,#2896,#2897,#2898,#2899,#2900,#2901,
    #2902,#2903,#2904,#2905,#2906,#2907,#2908,#2909,#2910,#2911,#2912,
    #2913,#2914,#2915,#2916,#2917,#2918,#2919,#2920,#2921,#2922,#2923,
    #2924,#2925,#2926,#2927,#2928,#2929),.UNSPECIFIED.,.F.,.F.,(8,6,6,6,
    6,6,6,6,6,6,6,6,6,6,6,6,6,6,8),(0.,4.451032254894E-02,
    9.000939297821E-02,0.162357690346,0.250968819777,0.319743322867,
    0.376911221873,0.41402353622,0.454418254742,0.499724647526,
    0.546686739014,0.586985387542,0.622729212984,0.661897461137,
    0.712724404277,0.836745384007,0.911282038085,0.956688855115,1.),
  .UNSPECIFIED.);
#2820 = CARTESIAN_POINT('',(0.,-33.60232526704));
#2821 = CARTESIAN_POINT('',(-4.587068928028E-02,-33.60232526704));
#2822 = CARTESIAN_POINT('',(-9.121989690596E-02,-33.62230035899));
#2823 = CARTESIAN_POINT('',(-0.135934081884,-33.66143580365));
#2824 = CARTESIAN_POINT('',(-0.17986547918,-33.71815860246));
#2825 = CARTESIAN_POINT('',(-0.222810526838,-33.79013769022));
#2826 = CARTESIAN_POINT('',(-0.264478288585,-33.87429854805));
#2827 = CARTESIAN_POINT('',(-0.345307357799,-34.06146190395));
#2828 = CARTESIAN_POINT('',(-0.384957369355,-34.16614946898));
#2829 = CARTESIAN_POINT('',(-0.423519571375,-34.27882219711));
#2830 = CARTESIAN_POINT('',(-0.461112670791,-34.39780999681));
#2831 = CARTESIAN_POINT('',(-0.497861922871,-34.52186528551));
#2832 = CARTESIAN_POINT('',(-0.533909336193,-34.65015364821));
#2833 = CARTESIAN_POINT('',(-0.625900125904,-34.99225896099));
#2834 = CARTESIAN_POINT('',(-0.681120075078,-35.21220409053));
#2835 = CARTESIAN_POINT('',(-0.735336801914,-35.43876952634));
#2836 = CARTESIAN_POINT('',(-0.788822826117,-35.66989995925));
#2837 = CARTESIAN_POINT('',(-0.841887461706,-35.9045339032));
#2838 = CARTESIAN_POINT('',(-0.894880326118,-36.14230689));
#2839 = CARTESIAN_POINT('',(-1.013466675587,-36.67826431125));
#2840 = CARTESIAN_POINT('',(-1.079023373379,-36.97714785371));
#2841 = CARTESIAN_POINT('',(-1.145223773108,-37.27833785783));
#2842 = CARTESIAN_POINT('',(-1.212427509664,-37.58074062585));
#2843 = CARTESIAN_POINT('',(-1.280990194185,-37.88333847584));
#2844 = CARTESIAN_POINT('',(-1.351278355652,-38.18497743261));
#2845 = CARTESIAN_POINT('',(-1.47989502798,-38.71660783294));
#2846 = CARTESIAN_POINT('',(-1.53747596496,-38.94792426437));
#2847 = CARTESIAN_POINT('',(-1.596462544434,-39.176906186));
#2848 = CARTESIAN_POINT('',(-1.65690564957,-39.40227021836));
#2849 = CARTESIAN_POINT('',(-1.718875313015,-39.62278466882));
#2850 = CARTESIAN_POINT('',(-1.782465404783,-39.83726639372));
#2851 = CARTESIAN_POINT('',(-1.902121370729,-40.21690323771));
#2852 = CARTESIAN_POINT('',(-1.95763135956,-40.38422792163));
#2853 = CARTESIAN_POINT('',(-2.014167770182,-40.54512977456));
#2854 = CARTESIAN_POINT('',(-2.071582990291,-40.6984594724));
#2855 = CARTESIAN_POINT('',(-2.129742383558,-40.8433212902));
#2856 = CARTESIAN_POINT('',(-2.188514798813,-40.97904525312));
#2857 = CARTESIAN_POINT('',(-2.286224509805,-41.18701629163));
#2858 = CARTESIAN_POINT('',(-2.324847301956,-41.2647435558));
#2859 = CARTESIAN_POINT('',(-2.363592334722,-41.33821784926));
#2860 = CARTESIAN_POINT('',(-2.402421758287,-41.40736047959));
#2861 = CARTESIAN_POINT('',(-2.441296274338,-41.47212446707));
#2862 = CARTESIAN_POINT('',(-2.480173282223,-41.53249010604));
#2863 = CARTESIAN_POINT('',(-2.56127124732,-41.64938125881));
#2864 = CARTESIAN_POINT('',(-2.603482046679,-41.70509230667));
#2865 = CARTESIAN_POINT('',(-2.645628768618,-41.75567684747));
#2866 = CARTESIAN_POINT('',(-2.687702339691,-41.80122168031));
#2867 = CARTESIAN_POINT('',(-2.729692034615,-41.84181486966));
#2868 = CARTESIAN_POINT('',(-2.771584243277,-41.87754338897));
#2869 = CARTESIAN_POINT('',(-2.860217980175,-41.943201093));
#2870 = CARTESIAN_POINT('',(-2.906945134749,-41.97190861263));
#2871 = CARTESIAN_POINT('',(-2.953568568722,-41.99476322049));
#2872 = CARTESIAN_POINT('',(-3.000112569944,-42.01187855326));
#2873 = CARTESIAN_POINT('',(-3.046600491117,-42.023331993));
#2874 = CARTESIAN_POINT('',(-3.093055394044,-42.02916467292));
#2875 = CARTESIAN_POINT('',(-3.187643313196,-42.02960621672));
#2876 = CARTESIAN_POINT('',(-3.235794946391,-42.02379721292));
#2877 = CARTESIAN_POINT('',(-3.283981451353,-42.01195097633));
#2878 = CARTESIAN_POINT('',(-3.332228277495,-41.99402232027));
#2879 = CARTESIAN_POINT('',(-3.380561217638,-41.96992437206));
#2880 = CARTESIAN_POINT('',(-3.429007159898,-41.93952857826));
#2881 = CARTESIAN_POINT('',(-3.519288421862,-41.87103144932));
#2882 = CARTESIAN_POINT('',(-3.561097753075,-41.83462648639));
#2883 = CARTESIAN_POINT('',(-3.603004040907,-41.79336664298));
#2884 = CARTESIAN_POINT('',(-3.644992704303,-41.74716606398));
#2885 = CARTESIAN_POINT('',(-3.687052104478,-41.69593865314));
#2886 = CARTESIAN_POINT('',(-3.729172275948,-41.63960050895));
#2887 = CARTESIAN_POINT('',(-3.808748547241,-41.52349853535));
#2888 = CARTESIAN_POINT('',(-3.846190492384,-41.46484638741));
#2889 = CARTESIAN_POINT('',(-3.883627042949,-41.40211541868));
#2890 = CARTESIAN_POINT('',(-3.921020089242,-41.33532512847));
#2891 = CARTESIAN_POINT('',(-3.958334327428,-41.26451869695));
#2892 = CARTESIAN_POINT('',(-3.99553572505,-41.18976666863));
#2893 = CARTESIAN_POINT('',(-4.073194216547,-41.02504474197));
#2894 = CARTESIAN_POINT('',(-4.113599429448,-40.93435057434));
#2895 = CARTESIAN_POINT('',(-4.153751912675,-40.83925084755));
#2896 = CARTESIAN_POINT('',(-4.193600054644,-40.7399558387));
#2897 = CARTESIAN_POINT('',(-4.233092481244,-40.63672867421));
#2898 = CARTESIAN_POINT('',(-4.272176192336,-40.52989061656));
#2899 = CARTESIAN_POINT('',(-4.36090826462,-40.27700070958));
#2900 = CARTESIAN_POINT('',(-4.410189879159,-40.12888154995));
#2901 = CARTESIAN_POINT('',(-4.458640948186,-39.9759779076));
#2902 = CARTESIAN_POINT('',(-4.506253108458,-39.81886725657));
#2903 = CARTESIAN_POINT('',(-4.553008156589,-39.65819736181));
#2904 = CARTESIAN_POINT('',(-4.59887797847,-39.49468813148));
#2905 = CARTESIAN_POINT('',(-4.753496803044,-38.92516954534));
#2906 = CARTESIAN_POINT('',(-4.857584530017,-38.5093445671));
#2907 = CARTESIAN_POINT('',(-4.957293512838,-38.08676246779));
#2908 = CARTESIAN_POINT('',(-5.053562190937,-37.66146579318));
#2909 = CARTESIAN_POINT('',(-5.147283697071,-37.23681082372));
#2910 = CARTESIAN_POINT('',(-5.239346947718,-36.81573371152));
#2911 = CARTESIAN_POINT('',(-5.385643162225,-36.15422266526));
#2912 = CARTESIAN_POINT('',(-5.440212812674,-35.9092050172));
#2913 = CARTESIAN_POINT('',(-5.494851516691,-35.66748519088));
#2914 = CARTESIAN_POINT('',(-5.54994352181,-35.42944693364));
#2915 = CARTESIAN_POINT('',(-5.605824920025,-35.19624677857));
#2916 = CARTESIAN_POINT('',(-5.662793025403,-34.9701830534));
#2917 = CARTESIAN_POINT('',(-5.756653707941,-34.62385882914));
#2918 = CARTESIAN_POINT('',(-5.792735938532,-34.49661085975));
#2919 = CARTESIAN_POINT('',(-5.829536032109,-34.37369588766));
#2920 = CARTESIAN_POINT('',(-5.867194075579,-34.25598366881));
#2921 = CARTESIAN_POINT('',(-5.905833988359,-34.14475716193));
#2922 = CARTESIAN_POINT('',(-5.945573995924,-34.04172006466));
#2923 = CARTESIAN_POINT('',(-6.025606504229,-33.86054931475));
#2924 = CARTESIAN_POINT('',(-6.066277865185,-33.78037881745));
#2925 = CARTESIAN_POINT('',(-6.10815415169,-33.71199158967));
#2926 = CARTESIAN_POINT('',(-6.150957751092,-33.65821919946));
#2927 = CARTESIAN_POINT('',(-6.194490846508,-33.62119156257));
#2928 = CARTESIAN_POINT('',(-6.238605994583,-33.60232526704));
#2929 = CARTESIAN_POINT('',(-6.28318530718,-33.60232526704));
#2930 = ( GEOMETRIC_REPRESENTATION_CONTEXT(2) 
PARAMETRIC_REPRESENTATION_CONTEXT() REPRESENTATION_CONTEXT('2D SPACE',''
  ) );
#2931 = FACE_BOUND('',#2932,.F.);
#2932 = EDGE_LOOP('',(#2933));
#2933 = ORIENTED_EDGE('',*,*,#2934,.F.);
#2934 = EDGE_CURVE('',#2935,#2935,#2937,.T.);
#2935 = VERTEX_POINT('',#2936);
#2936 = CARTESIAN_POINT('',(75.5,8.602325267043,18.));
#2937 = SURFACE_CURVE('',#2938,(#3049,#3163),.PCURVE_S1.);
#2938 = B_SPLINE_CURVE_WITH_KNOTS('',7,(#2939,#2940,#2941,#2942,#2943,
    #2944,#2945,#2946,#2947,#2948,#2949,#2950,#2951,#2952,#2953,#2954,
    #2955,#2956,#2957,#2958,#2959,#2960,#2961,#2962,#2963,#2964,#2965,
    #2966,#2967,#2968,#2969,#2970,#2971,#2972,#2973,#2974,#2975,#2976,
    #2977,#2978,#2979,#2980,#2981,#2982,#2983,#2984,#2985,#2986,#2987,
    #2988,#2989,#2990,#2991,#2992,#2993,#2994,#2995,#2996,#2997,#2998,
    #2999,#3000,#3001,#3002,#3003,#3004,#3005,#3006,#3007,#3008,#3009,
    #3010,#3011,#3012,#3013,#3014,#3015,#3016,#3017,#3018,#3019,#3020,
    #3021,#3022,#3023,#3024,#3025,#3026,#3027,#3028,#3029,#3030,#3031,
    #3032,#3033,#3034,#3035,#3036,#3037,#3038,#3039,#3040,#3041,#3042,
    #3043,#3044,#3045,#3046,#3047,#3048),.UNSPECIFIED.,.T.,.F.,(8,6,6,6,
    6,6,6,6,6,6,6,6,6,6,6,6,6,6,8),(0.,4.451032250837E-02,
    9.000939289622E-02,0.162357690198,0.250968819543,0.319743322617,
    0.376911221651,0.414023536015,0.454418254551,0.499724647341,
    0.546686738834,0.586985387373,0.622729212829,0.661897460998,
    0.712724404159,0.83674538394,0.911282038048,0.956688855097,1.),
  .UNSPECIFIED.);
#2939 = CARTESIAN_POINT('',(75.5,8.602325267043,18.));
#2940 = CARTESIAN_POINT('',(75.5,8.602325267043,18.183482757121));
#2941 = CARTESIAN_POINT('',(75.490180505742,8.622300358995,
    18.364879670219));
#2942 = CARTESIAN_POINT('',(75.47094475545,8.661435803655,
    18.543105456561));
#2943 = CARTESIAN_POINT('',(75.442881496319,8.718158602466,
    18.717004651812));
#2944 = CARTESIAN_POINT('',(75.406826883696,8.79013769022,
    18.885298862812));
#2945 = CARTESIAN_POINT('',(75.363976748206,8.874298548053,
    19.046540037373));
#2946 = CARTESIAN_POINT('',(75.267057056301,9.06146190395,
    19.354987744772));
#2947 = CARTESIAN_POINT('',(75.212081602765,9.166149468983,
    19.503958625745));
#2948 = CARTESIAN_POINT('',(75.151903090012,9.278822197112,
    19.646267187343));
#2949 = CARTESIAN_POINT('',(75.087132297629,9.397809996817,
    19.782258291349));
#2950 = CARTESIAN_POINT('',(75.018219234045,9.521865285515,
    19.912333106739));
#2951 = CARTESIAN_POINT('',(74.945437344023,9.650153648218,
    20.03694476152));
#2952 = CARTESIAN_POINT('',(74.747050613362,9.992258960999,
    20.346847312922));
#2953 = CARTESIAN_POINT('',(74.615428868775,10.212204090533,
    20.524850213308));
#2954 = CARTESIAN_POINT('',(74.475070163321,10.438769526343,
    20.69109914939));
#2955 = CARTESIAN_POINT('',(74.326633133784,10.669899959257,
    20.84618898266));
#2956 = CARTESIAN_POINT('',(74.170307773189,10.904533903202,
    20.990708726546));
#2957 = CARTESIAN_POINT('',(74.005843634174,11.142306890007,
    21.125092955399));
#2958 = CARTESIAN_POINT('',(73.62050579524,11.678264311233,
    21.401712380522));
#2959 = CARTESIAN_POINT('',(73.395886036562,11.977147853758,
    21.538475030353));
#2960 = CARTESIAN_POINT('',(73.158875127999,12.278337857798,
    21.659280688178));
#2961 = CARTESIAN_POINT('',(72.909395571831,12.580740625822,
    21.7632362153));
#2962 = CARTESIAN_POINT('',(72.647351954934,12.883338475898,
    21.848926711698));
#2963 = CARTESIAN_POINT('',(72.372823616877,13.184977432588,
    21.914342694292));
#2964 = CARTESIAN_POINT('',(71.863913343944,13.716607833138,
    21.989750311496));
#2965 = CARTESIAN_POINT('',(71.633916752824,13.947924264377,
    22.00892783515));
#2966 = CARTESIAN_POINT('',(71.397153369463,14.176906185855,
    22.012891903446));
#2967 = CARTESIAN_POINT('',(71.154637408523,14.402270218247,
    22.000196788453));
#2968 = CARTESIAN_POINT('',(70.907588458257,14.622784668864,
    21.969386112658));
#2969 = CARTESIAN_POINT('',(70.657476339782,14.837266393875,
    21.918987918133));
#2970 = CARTESIAN_POINT('',(70.197098931328,15.216903237719,
    21.7880931337));
#2971 = CARTESIAN_POINT('',(69.987288618835,15.384227921632,
    21.714127252093));
#2972 = CARTESIAN_POINT('',(69.77859993584,15.545129774566,
    21.625033308393));
#2973 = CARTESIAN_POINT('',(69.573016508886,15.698459472408,
    21.520575255435));
#2974 = CARTESIAN_POINT('',(69.372513187624,15.843321290209,
    21.400864200495));
#2975 = CARTESIAN_POINT('',(69.179004421658,15.979045253124,
    21.266365506725));
#2976 = CARTESIAN_POINT('',(68.874354545349,16.187016291632,
    21.021531982019));
#2977 = CARTESIAN_POINT('',(68.758257136002,16.264743555809,
    20.919372696645));
#2978 = CARTESIAN_POINT('',(68.646457265499,16.338217849261,
    20.811678028965));
#2979 = CARTESIAN_POINT('',(68.53939857776,16.407360479596,
    20.698754460088));
#2980 = CARTESIAN_POINT('',(68.437487982443,16.472124467077,
    20.580967162352));
#2981 = CARTESIAN_POINT('',(68.341088328593,16.532490106045,
    20.458740230353));
#2982 = CARTESIAN_POINT('',(68.151922709575,16.649381258801,
    20.195213291219));
#2983 = CARTESIAN_POINT('',(68.060236354653,16.705092306677,
    20.053188305124));
#2984 = CARTESIAN_POINT('',(67.975726981971,16.755676847477,
    19.906933839226));
#2985 = CARTESIAN_POINT('',(67.89863123149,16.801221680323,
    19.756925362031));
#2986 = CARTESIAN_POINT('',(67.829143937076,16.84181486966,
    19.603661600047));
#2987 = CARTESIAN_POINT('',(67.7674146489,16.877543388969,
    19.447664212807));
#2988 = CARTESIAN_POINT('',(67.65312344227,16.943201093,19.112056481726)
  );
#2989 = CARTESIAN_POINT('',(67.602568703821,16.971908612636,
    18.931823260046));
#2990 = CARTESIAN_POINT('',(67.561966904044,16.994763220497,
    18.749348754949));
#2991 = CARTESIAN_POINT('',(67.531381566718,17.011878553267,
    18.565201323597));
#2992 = CARTESIAN_POINT('',(67.510852813086,17.023331993001,
    18.379946809796));
#2993 = CARTESIAN_POINT('',(67.500397399087,17.029164672921,
    18.194148625569));
#2994 = CARTESIAN_POINT('',(67.499605903202,17.029606216722,
    17.815797776841));
#2995 = CARTESIAN_POINT('',(67.510018866794,17.023797212927,
    17.623168991142));
#2996 = CARTESIAN_POINT('',(67.531256539326,17.011950976339,
    17.431107185617));
#2997 = CARTESIAN_POINT('',(67.563300589646,16.994022320276,
    17.240240697426));
#2998 = CARTESIAN_POINT('',(67.606105427136,16.969924372068,
    17.051200594059));
#2999 = CARTESIAN_POINT('',(67.659598169367,16.939528578269,
    16.864620776513));
#3000 = CARTESIAN_POINT('',(67.778666687645,16.871031449316,
    16.5236897158));
#3001 = CARTESIAN_POINT('',(67.841466344984,16.834626486389,
    16.368478975788));
#3002 = CARTESIAN_POINT('',(67.911972288471,16.793366642985,
    16.216050735601));
#3003 = CARTESIAN_POINT('',(67.990029924076,16.747166063988,
    16.066926222093));
#3004 = CARTESIAN_POINT('',(68.075438964455,16.695938653145,
    15.92160269239));
#3005 = CARTESIAN_POINT('',(68.167957036371,16.639600508946,
    15.780553110492));
#3006 = CARTESIAN_POINT('',(68.3554207613,16.523498535356,
    15.523307159962));
#3007 = CARTESIAN_POINT('',(68.448902501258,16.464846387417,
    15.406114060748));
#3008 = CARTESIAN_POINT('',(68.547465181132,16.40211541868,
    15.293073846638));
#3009 = CARTESIAN_POINT('',(68.650781652875,16.335325128474,
    15.184562732815));
#3010 = CARTESIAN_POINT('',(68.75848704827,16.264518696957,
    15.080906022388));
#3011 = CARTESIAN_POINT('',(68.870184879938,16.18976666863,
    14.982378299553));
#3012 = CARTESIAN_POINT('',(69.111764633949,16.025044741973,
    14.78710238379));
#3013 = CARTESIAN_POINT('',(69.242293940877,15.934350574349,
    14.691485152122));
#3014 = CARTESIAN_POINT('',(69.376447626633,15.839250847553,
    14.602656403777));
#3015 = CARTESIAN_POINT('',(69.513598476569,15.739955838705,
    14.520832146451));
#3016 = CARTESIAN_POINT('',(69.653095007212,15.636728674218,
    14.446141095855));
#3017 = CARTESIAN_POINT('',(69.794270975573,15.529890616562,
    14.378625852083));
#3018 = CARTESIAN_POINT('',(70.120960808355,15.277000709585,
    14.239889254228));
#3019 = CARTESIAN_POINT('',(70.306984432981,15.128881549951,
    14.173622521116));
#3020 = CARTESIAN_POINT('',(70.493501638717,14.975977907601,
    14.119118334206));
#3021 = CARTESIAN_POINT('',(70.679541793296,14.818867256574,
    14.075970193374));
#3022 = CARTESIAN_POINT('',(70.864190652486,14.658197361812,
    14.043691394047));
#3023 = CARTESIAN_POINT('',(71.046593256776,14.494688131488,
    14.021715780475));
#3024 = CARTESIAN_POINT('',(71.663615370207,13.92516954534,
    13.979343547345));
#3025 = CARTESIAN_POINT('',(72.082832234072,13.509344567108,
    14.006817700847));
#3026 = CARTESIAN_POINT('',(72.479126891403,13.086762467792,
    14.081816718118));
#3027 = CARTESIAN_POINT('',(72.851033474644,12.661465793181,
    14.196963327736));
#3028 = CARTESIAN_POINT('',(73.198227197111,12.236810823726,
    14.34702550714));
#3029 = CARTESIAN_POINT('',(73.520884816036,11.815733711528,
    14.528743226405));
#3030 = CARTESIAN_POINT('',(73.997719297525,11.154222665267,
    14.867963207135));
#3031 = CARTESIAN_POINT('',(74.167423485105,10.909205017204,
    15.005963712588));
#3032 = CARTESIAN_POINT('',(74.328498769197,10.667485190879,
    15.154703293909));
#3033 = CARTESIAN_POINT('',(74.48123792523,10.429446933648,
    15.314662179586));
#3034 = CARTESIAN_POINT('',(74.625412050568,10.196246778575,
    15.486490818099));
#3035 = CARTESIAN_POINT('',(74.760287245585,9.970183053409,
    15.670845316131));
#3036 = CARTESIAN_POINT('',(74.960373460004,9.623858829148,
    15.988528728389));
#3037 = CARTESIAN_POINT('',(75.032305681088,9.496610859754,
    16.113793520107));
#3038 = CARTESIAN_POINT('',(75.100348928839,9.373695887661,
    16.244555567971));
#3039 = CARTESIAN_POINT('',(75.1642133751,9.255983668816,16.381262907838
    ));
#3040 = CARTESIAN_POINT('',(75.223434765482,9.144757161938,
    16.524310751273));
#3041 = CARTESIAN_POINT('',(75.277389564742,9.041720064669,
    16.674038613794));
#3042 = CARTESIAN_POINT('',(75.370969332435,8.860549314756,
    16.98018574386));
#3043 = CARTESIAN_POINT('',(75.411712870271,8.780378817455,
    17.137847701204));
#3044 = CARTESIAN_POINT('',(75.445932357056,8.711991589677,
    17.302135872966));
#3045 = CARTESIAN_POINT('',(75.472525738924,8.658219199465,
    17.47166886582));
#3046 = CARTESIAN_POINT('',(75.490725620039,8.621191562577,
    17.645222074161));
#3047 = CARTESIAN_POINT('',(75.5,8.602325267043,17.821682749613));
#3048 = CARTESIAN_POINT('',(75.5,8.602325267043,18.));
#3049 = PCURVE('',#285,#3050);
#3050 = DEFINITIONAL_REPRESENTATION('',(#3051),#3162);
#3051 = B_SPLINE_CURVE_WITH_KNOTS('',7,(#3052,#3053,#3054,#3055,#3056,
    #3057,#3058,#3059,#3060,#3061,#3062,#3063,#3064,#3065,#3066,#3067,
    #3068,#3069,#3070,#3071,#3072,#3073,#3074,#3075,#3076,#3077,#3078,
    #3079,#3080,#3081,#3082,#3083,#3084,#3085,#3086,#3087,#3088,#3089,
    #3090,#3091,#3092,#3093,#3094,#3095,#3096,#3097,#3098,#3099,#3100,
    #3101,#3102,#3103,#3104,#3105,#3106,#3107,#3108,#3109,#3110,#3111,
    #3112,#3113,#3114,#3115,#3116,#3117,#3118,#3119,#3120,#3121,#3122,
    #3123,#3124,#3125,#3126,#3127,#3128,#3129,#3130,#3131,#3132,#3133,
    #3134,#3135,#3136,#3137,#3138,#3139,#3140,#3141,#3142,#3143,#3144,
    #3145,#3146,#3147,#3148,#3149,#3150,#3151,#3152,#3153,#3154,#3155,
    #3156,#3157,#3158,#3159,#3160,#3161),.UNSPECIFIED.,.T.,.F.,(8,6,6,6,
    6,6,6,6,6,6,6,6,6,6,6,6,6,6,8),(0.,4.451032250837E-02,
    9.000939289622E-02,0.162357690198,0.250968819543,0.319743322617,
    0.376911221651,0.414023536015,0.454418254551,0.499724647341,
    0.546686738834,0.586985387373,0.622729212829,0.661897460998,
    0.712724404159,0.83674538394,0.911282038048,0.956688855097,1.),
  .UNSPECIFIED.);
#3052 = CARTESIAN_POINT('',(-2.027670330328,-17.3));
#3053 = CARTESIAN_POINT('',(-2.027670330328,-17.48348275712));
#3054 = CARTESIAN_POINT('',(-2.028811770535,-17.66487967021));
#3055 = CARTESIAN_POINT('',(-2.031048060708,-17.84310545656));
#3056 = CARTESIAN_POINT('',(-2.034293422261,-18.01700465181));
#3057 = CARTESIAN_POINT('',(-2.038421737928,-18.18529886281));
#3058 = CARTESIAN_POINT('',(-2.043264768092,-18.34654003737));
#3059 = CARTESIAN_POINT('',(-2.054073431974,-18.65498774477));
#3060 = CARTESIAN_POINT('',(-2.060137159452,-18.80395862574));
#3061 = CARTESIAN_POINT('',(-2.066687475164,-18.94626718734));
#3062 = CARTESIAN_POINT('',(-2.073634472978,-19.08225829134));
#3063 = CARTESIAN_POINT('',(-2.08091149802,-19.21233310673));
#3064 = CARTESIAN_POINT('',(-2.08847506557,-19.33694476152));
#3065 = CARTESIAN_POINT('',(-2.108755372145,-19.64684731292));
#3066 = CARTESIAN_POINT('',(-2.121898764653,-19.8248502133));
#3067 = CARTESIAN_POINT('',(-2.135563763403,-19.99109914939));
#3068 = CARTESIAN_POINT('',(-2.149647001501,-20.14618898266));
#3069 = CARTESIAN_POINT('',(-2.16410208458,-20.29070872654));
#3070 = CARTESIAN_POINT('',(-2.178925766358,-20.42509295539));
#3071 = CARTESIAN_POINT('',(-2.21277718815,-20.70171238052));
#3072 = CARTESIAN_POINT('',(-2.231946169268,-20.83847503035));
#3073 = CARTESIAN_POINT('',(-2.251592756898,-20.95928068817));
#3074 = CARTESIAN_POINT('',(-2.271686858801,-21.0632362153));
#3075 = CARTESIAN_POINT('',(-2.292204770104,-21.14892671169));
#3076 = CARTESIAN_POINT('',(-2.313114149327,-21.21434269429));
#3077 = CARTESIAN_POINT('',(-2.35085511038,-21.28975031149));
#3078 = CARTESIAN_POINT('',(-2.367580249607,-21.30892783515));
#3079 = CARTESIAN_POINT('',(-2.384466194021,-21.31289190344));
#3080 = CARTESIAN_POINT('',(-2.401437697434,-21.30019678845));
#3081 = CARTESIAN_POINT('',(-2.418414326601,-21.26938611265));
#3082 = CARTESIAN_POINT('',(-2.435307706205,-21.21898791813));
#3083 = CARTESIAN_POINT('',(-2.465908591464,-21.0880931337));
#3084 = CARTESIAN_POINT('',(-2.479668882509,-21.01412725209));
#3085 = CARTESIAN_POINT('',(-2.493179613975,-20.92503330839));
#3086 = CARTESIAN_POINT('',(-2.506328838464,-20.82057525543));
#3087 = CARTESIAN_POINT('',(-2.519011870073,-20.70086420049));
#3088 = CARTESIAN_POINT('',(-2.531131988727,-20.56636550672));
#3089 = CARTESIAN_POINT('',(-2.550048289368,-20.32153198201));
#3090 = CARTESIAN_POINT('',(-2.557212839849,-20.21937269664));
#3091 = CARTESIAN_POINT('',(-2.564073086525,-20.11167802896));
#3092 = CARTESIAN_POINT('',(-2.570608395594,-19.99875446008));
#3093 = CARTESIAN_POINT('',(-2.576800383381,-19.88096716235));
#3094 = CARTESIAN_POINT('',(-2.582633128708,-19.75874023035));
#3095 = CARTESIAN_POINT('',(-2.59403657502,-19.49521329121));
#3096 = CARTESIAN_POINT('',(-2.599538224978,-19.35318830512));
#3097 = CARTESIAN_POINT('',(-2.604588922886,-19.20693383922));
#3098 = CARTESIAN_POINT('',(-2.609180800141,-19.05692536203));
#3099 = CARTESIAN_POINT('',(-2.613307689276,-18.90366160004));
#3100 = CARTESIAN_POINT('',(-2.616965281442,-18.7476642128));
#3101 = CARTESIAN_POINT('',(-2.623724678731,-18.41205648172));
#3102 = CARTESIAN_POINT('',(-2.6267060263,-18.23182326004));
#3103 = CARTESIAN_POINT('',(-2.629095349924,-18.04934875494));
#3104 = CARTESIAN_POINT('',(-2.630892707416,-17.86520132359));
#3105 = CARTESIAN_POINT('',(-2.632098235826,-17.67994680979));
#3106 = CARTESIAN_POINT('',(-2.632712196194,-17.49414862556));
#3107 = CARTESIAN_POINT('',(-2.632758674447,-17.11579777684));
#3108 = CARTESIAN_POINT('',(-2.63214720755,-16.92316899114));
#3109 = CARTESIAN_POINT('',(-2.630900115418,-16.73110718561));
#3110 = CARTESIAN_POINT('',(-2.629017110175,-16.54024069742));
#3111 = CARTESIAN_POINT('',(-2.626498063891,-16.35120059405));
#3112 = CARTESIAN_POINT('',(-2.623342954203,-16.16462077651));
#3113 = CARTESIAN_POINT('',(-2.616298590469,-15.8236897158));
#3114 = CARTESIAN_POINT('',(-2.612576114428,-15.66847897578));
#3115 = CARTESIAN_POINT('',(-2.608386876814,-15.5160507356));
#3116 = CARTESIAN_POINT('',(-2.60373542826,-15.36692622209));
#3117 = CARTESIAN_POINT('',(-2.598628214455,-15.22160269239));
#3118 = CARTESIAN_POINT('',(-2.593073415574,-15.08055311049));
#3119 = CARTESIAN_POINT('',(-2.581765482972,-14.82330715996));
#3120 = CARTESIAN_POINT('',(-2.57610618732,-14.70611406074));
#3121 = CARTESIAN_POINT('',(-2.570114999717,-14.59307384663));
#3122 = CARTESIAN_POINT('',(-2.563806313182,-14.48456273281));
#3123 = CARTESIAN_POINT('',(-2.557196636073,-14.38090602238));
#3124 = CARTESIAN_POINT('',(-2.550304415376,-14.28237829955));
#3125 = CARTESIAN_POINT('',(-2.535309865354,-14.08710238379));
#3126 = CARTESIAN_POINT('',(-2.527159179525,-13.99148515212));
#3127 = CARTESIAN_POINT('',(-2.518726878845,-13.90265640377));
#3128 = CARTESIAN_POINT('',(-2.510044522106,-13.82083214645));
#3129 = CARTESIAN_POINT('',(-2.501145983707,-13.74614109585));
#3130 = CARTESIAN_POINT('',(-2.492067286778,-13.67862585208));
#3131 = CARTESIAN_POINT('',(-2.470880937117,-13.53988925422));
#3132 = CARTESIAN_POINT('',(-2.45868771986,-13.47362252111));
#3133 = CARTESIAN_POINT('',(-2.44632150893,-13.4191183342));
#3134 = CARTESIAN_POINT('',(-2.433836495252,-13.37597019337));
#3135 = CARTESIAN_POINT('',(-2.421286616663,-13.34369139404));
#3136 = CARTESIAN_POINT('',(-2.408725838307,-13.32171578047));
#3137 = CARTESIAN_POINT('',(-2.365665166512,-13.27934354734));
#3138 = CARTESIAN_POINT('',(-2.335404293178,-13.30681770084));
#3139 = CARTESIAN_POINT('',(-2.30572562973,-13.38181671811));
#3140 = CARTESIAN_POINT('',(-2.276782412905,-13.49696332773));
#3141 = CARTESIAN_POINT('',(-2.248676044033,-13.64702550714));
#3142 = CARTESIAN_POINT('',(-2.221483349254,-13.8287432264));
#3143 = CARTESIAN_POINT('',(-2.179665108593,-14.16796320713));
#3144 = CARTESIAN_POINT('',(-2.164383254106,-14.30596371258));
#3145 = CARTESIAN_POINT('',(-2.149491018936,-14.4547032939));
#3146 = CARTESIAN_POINT('',(-2.134990814813,-14.61466217958));
#3147 = CARTESIAN_POINT('',(-2.120933761035,-14.78649081809));
#3148 = CARTESIAN_POINT('',(-2.10743552253,-14.97084531613));
#3149 = CARTESIAN_POINT('',(-2.086924307112,-15.28852872838));
#3150 = CARTESIAN_POINT('',(-2.079428628953,-15.4137935201));
#3151 = CARTESIAN_POINT('',(-2.072224364883,-15.54455556797));
#3152 = CARTESIAN_POINT('',(-2.06535702187,-15.68126290783));
#3153 = CARTESIAN_POINT('',(-2.058895231113,-15.82431075127));
#3154 = CARTESIAN_POINT('',(-2.0529307634,-15.97403861379));
#3155 = CARTESIAN_POINT('',(-2.042473749101,-16.28018574386));
#3156 = CARTESIAN_POINT('',(-2.037862076392,-16.4378477012));
#3157 = CARTESIAN_POINT('',(-2.033940584822,-16.60213587296));
#3158 = CARTESIAN_POINT('',(-2.030864256686,-16.77166886582));
#3159 = CARTESIAN_POINT('',(-2.028748409884,-16.94522207416));
#3160 = CARTESIAN_POINT('',(-2.027670330328,-17.12168274961));
#3161 = CARTESIAN_POINT('',(-2.027670330328,-17.3));
#3162 = ( GEOMETRIC_REPRESENTATION_CONTEXT(2) 
PARAMETRIC_REPRESENTATION_CONTEXT() REPRESENTATION_CONTEXT('2D SPACE',''
  ) );
#3163 = PCURVE('',#2813,#3164);
#3164 = DEFINITIONAL_REPRESENTATION('',(#3165),#3276);
#3165 = B_SPLINE_CURVE_WITH_KNOTS('',7,(#3166,#3167,#3168,#3169,#3170,
    #3171,#3172,#3173,#3174,#3175,#3176,#3177,#3178,#3179,#3180,#3181,
    #3182,#3183,#3184,#3185,#3186,#3187,#3188,#3189,#3190,#3191,#3192,
    #3193,#3194,#3195,#3196,#3197,#3198,#3199,#3200,#3201,#3202,#3203,
    #3204,#3205,#3206,#3207,#3208,#3209,#3210,#3211,#3212,#3213,#3214,
    #3215,#3216,#3217,#3218,#3219,#3220,#3221,#3222,#3223,#3224,#3225,
    #3226,#3227,#3228,#3229,#3230,#3231,#3232,#3233,#3234,#3235,#3236,
    #3237,#3238,#3239,#3240,#3241,#3242,#3243,#3244,#3245,#3246,#3247,
    #3248,#3249,#3250,#3251,#3252,#3253,#3254,#3255,#3256,#3257,#3258,
    #3259,#3260,#3261,#3262,#3263,#3264,#3265,#3266,#3267,#3268,#3269,
    #3270,#3271,#3272,#3273,#3274,#3275),.UNSPECIFIED.,.F.,.F.,(8,6,6,6,
    6,6,6,6,6,6,6,6,6,6,6,6,6,6,8),(0.,4.451032250837E-02,
    9.000939289622E-02,0.162357690198,0.250968819543,0.319743322617,
    0.376911221651,0.414023536015,0.454418254551,0.499724647341,
    0.546686738834,0.586985387373,0.622729212829,0.661897460998,
    0.712724404159,0.83674538394,0.911282038048,0.956688855097,1.),
  .UNSPECIFIED.);
#3166 = CARTESIAN_POINT('',(0.,-16.39767473295));
#3167 = CARTESIAN_POINT('',(-4.587068928027E-02,-16.39767473295));
#3168 = CARTESIAN_POINT('',(-9.121989690598E-02,-16.377699641));
#3169 = CARTESIAN_POINT('',(-0.135934081884,-16.33856419634));
#3170 = CARTESIAN_POINT('',(-0.17986547918,-16.28184139753));
#3171 = CARTESIAN_POINT('',(-0.222810526838,-16.20986230978));
#3172 = CARTESIAN_POINT('',(-0.264478288585,-16.12570145194));
#3173 = CARTESIAN_POINT('',(-0.345307357799,-15.93853809605));
#3174 = CARTESIAN_POINT('',(-0.384957369355,-15.83385053101));
#3175 = CARTESIAN_POINT('',(-0.423519571375,-15.72117780288));
#3176 = CARTESIAN_POINT('',(-0.461112670791,-15.60219000318));
#3177 = CARTESIAN_POINT('',(-0.497861922871,-15.47813471448));
#3178 = CARTESIAN_POINT('',(-0.533909336193,-15.34984635178));
#3179 = CARTESIAN_POINT('',(-0.625900125904,-15.007741039));
#3180 = CARTESIAN_POINT('',(-0.681120075078,-14.78779590946));
#3181 = CARTESIAN_POINT('',(-0.735336801914,-14.56123047365));
#3182 = CARTESIAN_POINT('',(-0.788822826117,-14.33010004074));
#3183 = CARTESIAN_POINT('',(-0.841887461706,-14.09546609679));
#3184 = CARTESIAN_POINT('',(-0.894880326119,-13.85769310999));
#3185 = CARTESIAN_POINT('',(-1.013466675583,-13.32173568876));
#3186 = CARTESIAN_POINT('',(-1.07902337339,-13.02285214624));
#3187 = CARTESIAN_POINT('',(-1.1452237731,-12.7216621422));
#3188 = CARTESIAN_POINT('',(-1.212427509658,-12.41925937417));
#3189 = CARTESIAN_POINT('',(-1.280990194197,-12.1166615241));
#3190 = CARTESIAN_POINT('',(-1.351278355646,-11.81502256741));
#3191 = CARTESIAN_POINT('',(-1.479895028027,-11.28339216686));
#3192 = CARTESIAN_POINT('',(-1.537475964962,-11.05207573562));
#3193 = CARTESIAN_POINT('',(-1.596462544397,-10.82309381414));
#3194 = CARTESIAN_POINT('',(-1.656905649535,-10.59772978175));
#3195 = CARTESIAN_POINT('',(-1.718875313022,-10.37721533113));
#3196 = CARTESIAN_POINT('',(-1.78246540483,-10.16273360612));
#3197 = CARTESIAN_POINT('',(-1.902121370729,-9.783096762281));
#3198 = CARTESIAN_POINT('',(-1.95763135956,-9.615772078368));
#3199 = CARTESIAN_POINT('',(-2.014167770182,-9.454870225434));
#3200 = CARTESIAN_POINT('',(-2.071582990291,-9.301540527592));
#3201 = CARTESIAN_POINT('',(-2.129742383558,-9.156678709791));
#3202 = CARTESIAN_POINT('',(-2.188514798813,-9.020954746876));
#3203 = CARTESIAN_POINT('',(-2.286224509805,-8.812983708368));
#3204 = CARTESIAN_POINT('',(-2.324847301956,-8.735256444191));
#3205 = CARTESIAN_POINT('',(-2.363592334722,-8.661782150739));
#3206 = CARTESIAN_POINT('',(-2.402421758287,-8.592639520404));
#3207 = CARTESIAN_POINT('',(-2.441296274338,-8.527875532923));
#3208 = CARTESIAN_POINT('',(-2.480173282223,-8.467509893955));
#3209 = CARTESIAN_POINT('',(-2.561271247313,-8.350618741199));
#3210 = CARTESIAN_POINT('',(-2.603482046679,-8.294907693323));
#3211 = CARTESIAN_POINT('',(-2.645628768623,-8.244323152523));
#3212 = CARTESIAN_POINT('',(-2.687702339696,-8.198778319677));
#3213 = CARTESIAN_POINT('',(-2.729692034615,-8.15818513034));
#3214 = CARTESIAN_POINT('',(-2.771584243272,-8.122456611031));
#3215 = CARTESIAN_POINT('',(-2.860217980173,-8.056798907));
#3216 = CARTESIAN_POINT('',(-2.906945134749,-8.028091387364));
#3217 = CARTESIAN_POINT('',(-2.953568568724,-8.005236779503));
#3218 = CARTESIAN_POINT('',(-3.000112569946,-7.988121446733));
#3219 = CARTESIAN_POINT('',(-3.046600491117,-7.976668006999));
#3220 = CARTESIAN_POINT('',(-3.093055394043,-7.970835327079));
#3221 = CARTESIAN_POINT('',(-3.187643313197,-7.970393783278));
#3222 = CARTESIAN_POINT('',(-3.235794946391,-7.976202787073));
#3223 = CARTESIAN_POINT('',(-3.283981451353,-7.988049023661));
#3224 = CARTESIAN_POINT('',(-3.332228277495,-8.005977679724));
#3225 = CARTESIAN_POINT('',(-3.380561217638,-8.030075627932));
#3226 = CARTESIAN_POINT('',(-3.429007159898,-8.060471421731));
#3227 = CARTESIAN_POINT('',(-3.519288421868,-8.128968550684));
#3228 = CARTESIAN_POINT('',(-3.561097753075,-8.165373513611));
#3229 = CARTESIAN_POINT('',(-3.603004040902,-8.206633357015));
#3230 = CARTESIAN_POINT('',(-3.644992704298,-8.252833936012));
#3231 = CARTESIAN_POINT('',(-3.687052104479,-8.304061346855));
#3232 = CARTESIAN_POINT('',(-3.729172275955,-8.360399491054));
#3233 = CARTESIAN_POINT('',(-3.808748547241,-8.476501464644));
#3234 = CARTESIAN_POINT('',(-3.846190492384,-8.535153612583));
#3235 = CARTESIAN_POINT('',(-3.883627042949,-8.59788458132));
#3236 = CARTESIAN_POINT('',(-3.921020089242,-8.664674871526));
#3237 = CARTESIAN_POINT('',(-3.958334327428,-8.735481303043));
#3238 = CARTESIAN_POINT('',(-3.99553572505,-8.81023333137));
#3239 = CARTESIAN_POINT('',(-4.073194216547,-8.974955258027));
#3240 = CARTESIAN_POINT('',(-4.113599429448,-9.065649425651));
#3241 = CARTESIAN_POINT('',(-4.153751912675,-9.160749152447));
#3242 = CARTESIAN_POINT('',(-4.193600054644,-9.260044161295));
#3243 = CARTESIAN_POINT('',(-4.233092481244,-9.363271325782));
#3244 = CARTESIAN_POINT('',(-4.272176192336,-9.470109383438));
#3245 = CARTESIAN_POINT('',(-4.36090826462,-9.722999290415));
#3246 = CARTESIAN_POINT('',(-4.410189879159,-9.871118450049));
#3247 = CARTESIAN_POINT('',(-4.458640948186,-10.02402209239));
#3248 = CARTESIAN_POINT('',(-4.506253108458,-10.18113274342));
#3249 = CARTESIAN_POINT('',(-4.553008156589,-10.34180263818));
#3250 = CARTESIAN_POINT('',(-4.59887797847,-10.50531186851));
#3251 = CARTESIAN_POINT('',(-4.753496803044,-11.07483045466));
#3252 = CARTESIAN_POINT('',(-4.857584530017,-11.49065543289));
#3253 = CARTESIAN_POINT('',(-4.957293512838,-11.9132375322));
#3254 = CARTESIAN_POINT('',(-5.053562190936,-12.33853420681));
#3255 = CARTESIAN_POINT('',(-5.147283697071,-12.76318917627));
#3256 = CARTESIAN_POINT('',(-5.239346947718,-13.18426628847));
#3257 = CARTESIAN_POINT('',(-5.385643162225,-13.84577733473));
#3258 = CARTESIAN_POINT('',(-5.440212812674,-14.09079498279));
#3259 = CARTESIAN_POINT('',(-5.494851516691,-14.33251480912));
#3260 = CARTESIAN_POINT('',(-5.54994352181,-14.57055306635));
#3261 = CARTESIAN_POINT('',(-5.605824920025,-14.80375322142));
#3262 = CARTESIAN_POINT('',(-5.662793025402,-15.02981694659));
#3263 = CARTESIAN_POINT('',(-5.756653707941,-15.37614117085));
#3264 = CARTESIAN_POINT('',(-5.792735938532,-15.50338914024));
#3265 = CARTESIAN_POINT('',(-5.829536032109,-15.62630411233));
#3266 = CARTESIAN_POINT('',(-5.867194075579,-15.74401633118));
#3267 = CARTESIAN_POINT('',(-5.905833988359,-15.85524283806));
#3268 = CARTESIAN_POINT('',(-5.945573995924,-15.95827993533));
#3269 = CARTESIAN_POINT('',(-6.025606504229,-16.13945068524));
#3270 = CARTESIAN_POINT('',(-6.066277865185,-16.21962118254));
#3271 = CARTESIAN_POINT('',(-6.10815415169,-16.28800841032));
#3272 = CARTESIAN_POINT('',(-6.150957751092,-16.34178080053));
#3273 = CARTESIAN_POINT('',(-6.194490846508,-16.37880843742));
#3274 = CARTESIAN_POINT('',(-6.238605994583,-16.39767473295));
#3275 = CARTESIAN_POINT('',(-6.28318530718,-16.39767473295));
#3276 = ( GEOMETRIC_REPRESENTATION_CONTEXT(2) 
PARAMETRIC_REPRESENTATION_CONTEXT() REPRESENTATION_CONTEXT('2D SPACE',''
  ) );
#3277 = ADVANCED_FACE('',(#3278),#381,.F.);
#3278 = FACE_BOUND('',#3279,.F.);
#3279 = EDGE_LOOP('',(#3280,#3281,#3282,#3306,#3327,#3353,#3374,#3398));
#3280 = ORIENTED_EDGE('',*,*,#2555,.F.);
#3281 = ORIENTED_EDGE('',*,*,#368,.T.);
#3282 = ORIENTED_EDGE('',*,*,#3283,.T.);
#3283 = EDGE_CURVE('',#343,#3284,#3286,.T.);
#3284 = VERTEX_POINT('',#3285);
#3285 = CARTESIAN_POINT('',(41.321199083867,12.76,1.));
#3286 = SURFACE_CURVE('',#3287,(#3292,#3299),.PCURVE_S1.);
#3287 = CIRCLE('',#3288,21.);
#3288 = AXIS2_PLACEMENT_3D('',#3289,#3290,#3291);
#3289 = CARTESIAN_POINT('',(58.,0.,1.));
#3290 = DIRECTION('',(0.,0.,1.));
#3291 = DIRECTION('',(1.,0.,0.));
#3292 = PCURVE('',#381,#3293);
#3293 = DEFINITIONAL_REPRESENTATION('',(#3294),#3298);
#3294 = CIRCLE('',#3295,21.);
#3295 = AXIS2_PLACEMENT_2D('',#3296,#3297);
#3296 = CARTESIAN_POINT('',(-7.105427357601E-15,-1.846063891983E-16));
#3297 = DIRECTION('',(1.,0.));
#3298 = ( GEOMETRIC_REPRESENTATION_CONTEXT(2) 
PARAMETRIC_REPRESENTATION_CONTEXT() REPRESENTATION_CONTEXT('2D SPACE',''
  ) );
#3299 = PCURVE('',#357,#3300);
#3300 = DEFINITIONAL_REPRESENTATION('',(#3301),#3305);
#3301 = LINE('',#3302,#3303);
#3302 = CARTESIAN_POINT('',(-0.,-10.3));
#3303 = VECTOR('',#3304,1.);
#3304 = DIRECTION('',(-1.,0.));
#3305 = ( GEOMETRIC_REPRESENTATION_CONTEXT(2) 
PARAMETRIC_REPRESENTATION_CONTEXT() REPRESENTATION_CONTEXT('2D SPACE',''
  ) );
#3306 = ORIENTED_EDGE('',*,*,#3307,.F.);
#3307 = EDGE_CURVE('',#3308,#3284,#3310,.T.);
#3308 = VERTEX_POINT('',#3309);
#3309 = CARTESIAN_POINT('',(68.51,12.76,1.));
#3310 = SURFACE_CURVE('',#3311,(#3315,#3321),.PCURVE_S1.);
#3311 = LINE('',#3312,#3313);
#3312 = CARTESIAN_POINT('',(40.245,12.76,1.));
#3313 = VECTOR('',#3314,1.);
#3314 = DIRECTION('',(-1.,0.,0.));
#3315 = PCURVE('',#381,#3316);
#3316 = DEFINITIONAL_REPRESENTATION('',(#3317),#3320);
#3317 = B_SPLINE_CURVE_WITH_KNOTS('',1,(#3318,#3319),.UNSPECIFIED.,.F.,
  .F.,(2,2),(-28.265,3.245),.PIECEWISE_BEZIER_KNOTS.);
#3318 = CARTESIAN_POINT('',(10.51,12.76));
#3319 = CARTESIAN_POINT('',(-21.,12.76));
#3320 = ( GEOMETRIC_REPRESENTATION_CONTEXT(2) 
PARAMETRIC_REPRESENTATION_CONTEXT() REPRESENTATION_CONTEXT('2D SPACE',''
  ) );
#3321 = PCURVE('',#2492,#3322);
#3322 = DEFINITIONAL_REPRESENTATION('',(#3323),#3326);
#3323 = B_SPLINE_CURVE_WITH_KNOTS('',1,(#3324,#3325),.UNSPECIFIED.,.F.,
  .F.,(2,2),(-28.265,3.245),.PIECEWISE_BEZIER_KNOTS.);
#3324 = CARTESIAN_POINT('',(0.3,46.02));
#3325 = CARTESIAN_POINT('',(0.3,14.51));
#3326 = ( GEOMETRIC_REPRESENTATION_CONTEXT(2) 
PARAMETRIC_REPRESENTATION_CONTEXT() REPRESENTATION_CONTEXT('2D SPACE',''
  ) );
#3327 = ORIENTED_EDGE('',*,*,#3328,.F.);
#3328 = EDGE_CURVE('',#3329,#3308,#3331,.T.);
#3329 = VERTEX_POINT('',#3330);
#3330 = CARTESIAN_POINT('',(68.51,-12.76,1.));
#3331 = SURFACE_CURVE('',#3332,(#3336,#3342),.PCURVE_S1.);
#3332 = LINE('',#3333,#3334);
#3333 = CARTESIAN_POINT('',(68.51,-6.38,1.));
#3334 = VECTOR('',#3335,1.);
#3335 = DIRECTION('',(0.,1.,0.));
#3336 = PCURVE('',#381,#3337);
#3337 = DEFINITIONAL_REPRESENTATION('',(#3338),#3341);
#3338 = B_SPLINE_CURVE_WITH_KNOTS('',1,(#3339,#3340),.UNSPECIFIED.,.F.,
  .F.,(2,2),(-6.38,19.14),.PIECEWISE_BEZIER_KNOTS.);
#3339 = CARTESIAN_POINT('',(10.51,-12.76));
#3340 = CARTESIAN_POINT('',(10.51,12.76));
#3341 = ( GEOMETRIC_REPRESENTATION_CONTEXT(2) 
PARAMETRIC_REPRESENTATION_CONTEXT() REPRESENTATION_CONTEXT('2D SPACE',''
  ) );
#3342 = PCURVE('',#3343,#3348);
#3343 = PLANE('',#3344);
#3344 = AXIS2_PLACEMENT_3D('',#3345,#3346,#3347);
#3345 = CARTESIAN_POINT('',(68.51,-12.76,0.7));
#3346 = DIRECTION('',(1.,0.,0.));
#3347 = DIRECTION('',(0.,0.,1.));
#3348 = DEFINITIONAL_REPRESENTATION('',(#3349),#3352);
#3349 = B_SPLINE_CURVE_WITH_KNOTS('',1,(#3350,#3351),.UNSPECIFIED.,.F.,
  .F.,(2,2),(-6.38,19.14),.PIECEWISE_BEZIER_KNOTS.);
#3350 = CARTESIAN_POINT('',(0.3,0.));
#3351 = CARTESIAN_POINT('',(0.3,-25.52));
#3352 = ( GEOMETRIC_REPRESENTATION_CONTEXT(2) 
PARAMETRIC_REPRESENTATION_CONTEXT() REPRESENTATION_CONTEXT('2D SPACE',''
  ) );
#3353 = ORIENTED_EDGE('',*,*,#3354,.T.);
#3354 = EDGE_CURVE('',#3329,#3355,#3357,.T.);
#3355 = VERTEX_POINT('',#3356);
#3356 = CARTESIAN_POINT('',(41.321199083867,-12.76,1.));
#3357 = SURFACE_CURVE('',#3358,(#3362,#3368),.PCURVE_S1.);
#3358 = LINE('',#3359,#3360);
#3359 = CARTESIAN_POINT('',(40.245,-12.76,1.));
#3360 = VECTOR('',#3361,1.);
#3361 = DIRECTION('',(-1.,0.,0.));
#3362 = PCURVE('',#381,#3363);
#3363 = DEFINITIONAL_REPRESENTATION('',(#3364),#3367);
#3364 = B_SPLINE_CURVE_WITH_KNOTS('',1,(#3365,#3366),.UNSPECIFIED.,.F.,
  .F.,(2,2),(-28.265,3.245),.PIECEWISE_BEZIER_KNOTS.);
#3365 = CARTESIAN_POINT('',(10.51,-12.76));
#3366 = CARTESIAN_POINT('',(-21.,-12.76));
#3367 = ( GEOMETRIC_REPRESENTATION_CONTEXT(2) 
PARAMETRIC_REPRESENTATION_CONTEXT() REPRESENTATION_CONTEXT('2D SPACE',''
  ) );
#3368 = PCURVE('',#2440,#3369);
#3369 = DEFINITIONAL_REPRESENTATION('',(#3370),#3373);
#3370 = B_SPLINE_CURVE_WITH_KNOTS('',1,(#3371,#3372),.UNSPECIFIED.,.F.,
  .F.,(2,2),(-28.265,3.245),.PIECEWISE_BEZIER_KNOTS.);
#3371 = CARTESIAN_POINT('',(0.3,46.02));
#3372 = CARTESIAN_POINT('',(0.3,14.51));
#3373 = ( GEOMETRIC_REPRESENTATION_CONTEXT(2) 
PARAMETRIC_REPRESENTATION_CONTEXT() REPRESENTATION_CONTEXT('2D SPACE',''
  ) );
#3374 = ORIENTED_EDGE('',*,*,#3375,.T.);
#3375 = EDGE_CURVE('',#3355,#3376,#3378,.T.);
#3376 = VERTEX_POINT('',#3377);
#3377 = CARTESIAN_POINT('',(50.20577136594,-19.5,1.));
#3378 = SURFACE_CURVE('',#3379,(#3384,#3391),.PCURVE_S1.);
#3379 = CIRCLE('',#3380,21.);
#3380 = AXIS2_PLACEMENT_3D('',#3381,#3382,#3383);
#3381 = CARTESIAN_POINT('',(58.,0.,1.));
#3382 = DIRECTION('',(0.,0.,1.));
#3383 = DIRECTION('',(1.,0.,0.));
#3384 = PCURVE('',#381,#3385);
#3385 = DEFINITIONAL_REPRESENTATION('',(#3386),#3390);
#3386 = CIRCLE('',#3387,21.);
#3387 = AXIS2_PLACEMENT_2D('',#3388,#3389);
#3388 = CARTESIAN_POINT('',(-7.105427357601E-15,-1.846063891983E-16));
#3389 = DIRECTION('',(1.,0.));
#3390 = ( GEOMETRIC_REPRESENTATION_CONTEXT(2) 
PARAMETRIC_REPRESENTATION_CONTEXT() REPRESENTATION_CONTEXT('2D SPACE',''
  ) );
#3391 = PCURVE('',#357,#3392);
#3392 = DEFINITIONAL_REPRESENTATION('',(#3393),#3397);
#3393 = LINE('',#3394,#3395);
#3394 = CARTESIAN_POINT('',(-0.,-10.3));
#3395 = VECTOR('',#3396,1.);
#3396 = DIRECTION('',(-1.,0.));
#3397 = ( GEOMETRIC_REPRESENTATION_CONTEXT(2) 
PARAMETRIC_REPRESENTATION_CONTEXT() REPRESENTATION_CONTEXT('2D SPACE',''
  ) );
#3398 = ORIENTED_EDGE('',*,*,#3399,.T.);
#3399 = EDGE_CURVE('',#3376,#2531,#3400,.T.);
#3400 = SURFACE_CURVE('',#3401,(#3405,#3411),.PCURVE_S1.);
#3401 = LINE('',#3402,#3403);
#3402 = CARTESIAN_POINT('',(38.5,-19.5,1.));
#3403 = VECTOR('',#3404,1.);
#3404 = DIRECTION('',(1.,0.,0.));
#3405 = PCURVE('',#381,#3406);
#3406 = DEFINITIONAL_REPRESENTATION('',(#3407),#3410);
#3407 = B_SPLINE_CURVE_WITH_KNOTS('',1,(#3408,#3409),.UNSPECIFIED.,.F.,
  .F.,(2,2),(-1.5,19.5),.PIECEWISE_BEZIER_KNOTS.);
#3408 = CARTESIAN_POINT('',(-21.,-19.5));
#3409 = CARTESIAN_POINT('',(-7.105427357601E-15,-19.5));
#3410 = ( GEOMETRIC_REPRESENTATION_CONTEXT(2) 
PARAMETRIC_REPRESENTATION_CONTEXT() REPRESENTATION_CONTEXT('2D SPACE',''
  ) );
#3411 = PCURVE('',#1075,#3412);
#3412 = DEFINITIONAL_REPRESENTATION('',(#3413),#3416);
#3413 = B_SPLINE_CURVE_WITH_KNOTS('',1,(#3414,#3415),.UNSPECIFIED.,.F.,
  .F.,(2,2),(-1.5,19.5),.PIECEWISE_BEZIER_KNOTS.);
#3414 = CARTESIAN_POINT('',(18.,-0.3));
#3415 = CARTESIAN_POINT('',(39.,-0.3));
#3416 = ( GEOMETRIC_REPRESENTATION_CONTEXT(2) 
PARAMETRIC_REPRESENTATION_CONTEXT() REPRESENTATION_CONTEXT('2D SPACE',''
  ) );
#3417 = ADVANCED_FACE('',(#3418),#357,.F.);
#3418 = FACE_BOUND('',#3419,.T.);
#3419 = EDGE_LOOP('',(#3420,#3421,#3422,#3443,#3476,#3495,#3496,#3515));
#3420 = ORIENTED_EDGE('',*,*,#342,.F.);
#3421 = ORIENTED_EDGE('',*,*,#3283,.T.);
#3422 = ORIENTED_EDGE('',*,*,#3423,.T.);
#3423 = EDGE_CURVE('',#3284,#3424,#3426,.T.);
#3424 = VERTEX_POINT('',#3425);
#3425 = CARTESIAN_POINT('',(41.321199083867,12.76,0.7));
#3426 = SURFACE_CURVE('',#3427,(#3431,#3437),.PCURVE_S1.);
#3427 = LINE('',#3428,#3429);
#3428 = CARTESIAN_POINT('',(41.321199083867,12.76,-9.3));
#3429 = VECTOR('',#3430,1.);
#3430 = DIRECTION('',(-0.,-0.,-1.));
#3431 = PCURVE('',#357,#3432);
#3432 = DEFINITIONAL_REPRESENTATION('',(#3433),#3436);
#3433 = B_SPLINE_CURVE_WITH_KNOTS('',1,(#3434,#3435),.UNSPECIFIED.,.F.,
  .F.,(2,2),(-10.3000006,-6.9999994),.PIECEWISE_BEZIER_KNOTS.);
#3434 = CARTESIAN_POINT('',(-2.488533330195,-10.3000006));
#3435 = CARTESIAN_POINT('',(-2.488533330195,-6.9999994));
#3436 = ( GEOMETRIC_REPRESENTATION_CONTEXT(2) 
PARAMETRIC_REPRESENTATION_CONTEXT() REPRESENTATION_CONTEXT('2D SPACE',''
  ) );
#3437 = PCURVE('',#2492,#3438);
#3438 = DEFINITIONAL_REPRESENTATION('',(#3439),#3442);
#3439 = B_SPLINE_CURVE_WITH_KNOTS('',1,(#3440,#3441),.UNSPECIFIED.,.F.,
  .F.,(2,2),(-10.3000006,-6.9999994),.PIECEWISE_BEZIER_KNOTS.);
#3440 = CARTESIAN_POINT('',(0.3000006,18.831199083867));
#3441 = CARTESIAN_POINT('',(-3.0000006,18.831199083867));
#3442 = ( GEOMETRIC_REPRESENTATION_CONTEXT(2) 
PARAMETRIC_REPRESENTATION_CONTEXT() REPRESENTATION_CONTEXT('2D SPACE',''
  ) );
#3443 = ORIENTED_EDGE('',*,*,#3444,.F.);
#3444 = EDGE_CURVE('',#3445,#3424,#3447,.T.);
#3445 = VERTEX_POINT('',#3446);
#3446 = CARTESIAN_POINT('',(41.321199083867,-12.76,0.7));
#3447 = SURFACE_CURVE('',#3448,(#3453,#3460),.PCURVE_S1.);
#3448 = CIRCLE('',#3449,21.);
#3449 = AXIS2_PLACEMENT_3D('',#3450,#3451,#3452);
#3450 = CARTESIAN_POINT('',(58.,0.,0.7));
#3451 = DIRECTION('',(0.,0.,-1.));
#3452 = DIRECTION('',(1.,0.,0.));
#3453 = PCURVE('',#357,#3454);
#3454 = DEFINITIONAL_REPRESENTATION('',(#3455),#3459);
#3455 = LINE('',#3456,#3457);
#3456 = CARTESIAN_POINT('',(-6.28318530718,-10.));
#3457 = VECTOR('',#3458,1.);
#3458 = DIRECTION('',(1.,-0.));
#3459 = ( GEOMETRIC_REPRESENTATION_CONTEXT(2) 
PARAMETRIC_REPRESENTATION_CONTEXT() REPRESENTATION_CONTEXT('2D SPACE',''
  ) );
#3460 = PCURVE('',#3461,#3466);
#3461 = PLANE('',#3462);
#3462 = AXIS2_PLACEMENT_3D('',#3463,#3464,#3465);
#3463 = CARTESIAN_POINT('',(22.49,-12.76,0.7));
#3464 = DIRECTION('',(0.,0.,1.));
#3465 = DIRECTION('',(1.,0.,0.));
#3466 = DEFINITIONAL_REPRESENTATION('',(#3467),#3475);
#3467 = ( BOUNDED_CURVE() B_SPLINE_CURVE(2,(#3468,#3469,#3470,#3471,
#3472,#3473,#3474),.UNSPECIFIED.,.T.,.F.) B_SPLINE_CURVE_WITH_KNOTS((1,2
    ,2,2,2,1),(-2.094395102393,0.,2.094395102393,4.188790204786,
6.28318530718,8.377580409573),.UNSPECIFIED.) CURVE() 
GEOMETRIC_REPRESENTATION_ITEM() RATIONAL_B_SPLINE_CURVE((1.,0.5,1.,0.5,
1.,0.5,1.)) REPRESENTATION_ITEM('') );
#3468 = CARTESIAN_POINT('',(56.51,12.76));
#3469 = CARTESIAN_POINT('',(56.51,-23.61306695894));
#3470 = CARTESIAN_POINT('',(25.01,-5.426533479473));
#3471 = CARTESIAN_POINT('',(-6.49,12.76));
#3472 = CARTESIAN_POINT('',(25.01,30.946533479473));
#3473 = CARTESIAN_POINT('',(56.51,49.133066958946));
#3474 = CARTESIAN_POINT('',(56.51,12.76));
#3475 = ( GEOMETRIC_REPRESENTATION_CONTEXT(2) 
PARAMETRIC_REPRESENTATION_CONTEXT() REPRESENTATION_CONTEXT('2D SPACE',''
  ) );
#3476 = ORIENTED_EDGE('',*,*,#3477,.F.);
#3477 = EDGE_CURVE('',#3355,#3445,#3478,.T.);
#3478 = SURFACE_CURVE('',#3479,(#3483,#3489),.PCURVE_S1.);
#3479 = LINE('',#3480,#3481);
#3480 = CARTESIAN_POINT('',(41.321199083867,-12.76,-9.3));
#3481 = VECTOR('',#3482,1.);
#3482 = DIRECTION('',(-0.,-0.,-1.));
#3483 = PCURVE('',#357,#3484);
#3484 = DEFINITIONAL_REPRESENTATION('',(#3485),#3488);
#3485 = B_SPLINE_CURVE_WITH_KNOTS('',1,(#3486,#3487),.UNSPECIFIED.,.F.,
  .F.,(2,2),(-10.3000006,-6.9999994),.PIECEWISE_BEZIER_KNOTS.);
#3486 = CARTESIAN_POINT('',(-3.794651976984,-10.3000006));
#3487 = CARTESIAN_POINT('',(-3.794651976984,-6.9999994));
#3488 = ( GEOMETRIC_REPRESENTATION_CONTEXT(2) 
PARAMETRIC_REPRESENTATION_CONTEXT() REPRESENTATION_CONTEXT('2D SPACE',''
  ) );
#3489 = PCURVE('',#2440,#3490);
#3490 = DEFINITIONAL_REPRESENTATION('',(#3491),#3494);
#3491 = B_SPLINE_CURVE_WITH_KNOTS('',1,(#3492,#3493),.UNSPECIFIED.,.F.,
  .F.,(2,2),(-10.3000006,-6.9999994),.PIECEWISE_BEZIER_KNOTS.);
#3492 = CARTESIAN_POINT('',(0.3000006,18.831199083867));
#3493 = CARTESIAN_POINT('',(-3.0000006,18.831199083867));
#3494 = ( GEOMETRIC_REPRESENTATION_CONTEXT(2) 
PARAMETRIC_REPRESENTATION_CONTEXT() REPRESENTATION_CONTEXT('2D SPACE',''
  ) );
#3495 = ORIENTED_EDGE('',*,*,#3375,.T.);
#3496 = ORIENTED_EDGE('',*,*,#3497,.T.);
#3497 = EDGE_CURVE('',#3376,#1060,#3498,.T.);
#3498 = SURFACE_CURVE('',#3499,(#3503,#3509),.PCURVE_S1.);
#3499 = LINE('',#3500,#3501);
#3500 = CARTESIAN_POINT('',(50.20577136594,-19.5,-9.3));
#3501 = VECTOR('',#3502,1.);
#3502 = DIRECTION('',(-0.,-0.,-1.));
#3503 = PCURVE('',#357,#3504);
#3504 = DEFINITIONAL_REPRESENTATION('',(#3505),#3508);
#3505 = B_SPLINE_CURVE_WITH_KNOTS('',1,(#3506,#3507),.UNSPECIFIED.,.F.,
  .F.,(2,2),(-10.3000006,-3.22),.PIECEWISE_BEZIER_KNOTS.);
#3506 = CARTESIAN_POINT('',(-4.332137773692,-10.3000006));
#3507 = CARTESIAN_POINT('',(-4.332137773692,-3.22));
#3508 = ( GEOMETRIC_REPRESENTATION_CONTEXT(2) 
PARAMETRIC_REPRESENTATION_CONTEXT() REPRESENTATION_CONTEXT('2D SPACE',''
  ) );
#3509 = PCURVE('',#1075,#3510);
#3510 = DEFINITIONAL_REPRESENTATION('',(#3511),#3514);
#3511 = B_SPLINE_CURVE_WITH_KNOTS('',1,(#3512,#3513),.UNSPECIFIED.,.F.,
  .F.,(2,2),(-10.3000006,-3.22),.PIECEWISE_BEZIER_KNOTS.);
#3512 = CARTESIAN_POINT('',(31.20577136594,-0.3000006));
#3513 = CARTESIAN_POINT('',(31.20577136594,6.78));
#3514 = ( GEOMETRIC_REPRESENTATION_CONTEXT(2) 
PARAMETRIC_REPRESENTATION_CONTEXT() REPRESENTATION_CONTEXT('2D SPACE',''
  ) );
#3515 = ORIENTED_EDGE('',*,*,#1087,.T.);
#3516 = ADVANCED_FACE('',(#3517),#417,.F.);
#3517 = FACE_BOUND('',#3518,.T.);
#3518 = EDGE_LOOP('',(#3519,#3542,#3566,#3587));
#3519 = ORIENTED_EDGE('',*,*,#3520,.F.);
#3520 = EDGE_CURVE('',#3521,#397,#3523,.T.);
#3521 = VERTEX_POINT('',#3522);
#3522 = CARTESIAN_POINT('',(38.,12.76,8.));
#3523 = SURFACE_CURVE('',#3524,(#3528,#3535),.PCURVE_S1.);
#3524 = LINE('',#3525,#3526);
#3525 = CARTESIAN_POINT('',(38.,-25.,8.));
#3526 = VECTOR('',#3527,1.);
#3527 = DIRECTION('',(0.,1.,0.));
#3528 = PCURVE('',#417,#3529);
#3529 = DEFINITIONAL_REPRESENTATION('',(#3530),#3534);
#3530 = LINE('',#3531,#3532);
#3531 = CARTESIAN_POINT('',(-0.,0.));
#3532 = VECTOR('',#3533,1.);
#3533 = DIRECTION('',(-0.,1.));
#3534 = ( GEOMETRIC_REPRESENTATION_CONTEXT(2) 
PARAMETRIC_REPRESENTATION_CONTEXT() REPRESENTATION_CONTEXT('2D SPACE',''
  ) );
#3535 = PCURVE('',#444,#3536);
#3536 = DEFINITIONAL_REPRESENTATION('',(#3537),#3541);
#3537 = LINE('',#3538,#3539);
#3538 = CARTESIAN_POINT('',(3.,0.));
#3539 = VECTOR('',#3540,1.);
#3540 = DIRECTION('',(0.,-1.));
#3541 = ( GEOMETRIC_REPRESENTATION_CONTEXT(2) 
PARAMETRIC_REPRESENTATION_CONTEXT() REPRESENTATION_CONTEXT('2D SPACE',''
  ) );
#3542 = ORIENTED_EDGE('',*,*,#3543,.F.);
#3543 = EDGE_CURVE('',#3544,#3521,#3546,.T.);
#3544 = VERTEX_POINT('',#3545);
#3545 = CARTESIAN_POINT('',(41.,12.76,5.));
#3546 = SURFACE_CURVE('',#3547,(#3552,#3559),.PCURVE_S1.);
#3547 = CIRCLE('',#3548,3.);
#3548 = AXIS2_PLACEMENT_3D('',#3549,#3550,#3551);
#3549 = CARTESIAN_POINT('',(41.,12.76,8.));
#3550 = DIRECTION('',(0.,1.,0.));
#3551 = DIRECTION('',(-1.,0.,0.));
#3552 = PCURVE('',#417,#3553);
#3553 = DEFINITIONAL_REPRESENTATION('',(#3554),#3558);
#3554 = LINE('',#3555,#3556);
#3555 = CARTESIAN_POINT('',(-6.28318530718,37.76));
#3556 = VECTOR('',#3557,1.);
#3557 = DIRECTION('',(1.,-0.));
#3558 = ( GEOMETRIC_REPRESENTATION_CONTEXT(2) 
PARAMETRIC_REPRESENTATION_CONTEXT() REPRESENTATION_CONTEXT('2D SPACE',''
  ) );
#3559 = PCURVE('',#2492,#3560);
#3560 = DEFINITIONAL_REPRESENTATION('',(#3561),#3565);
#3561 = CIRCLE('',#3562,3.);
#3562 = AXIS2_PLACEMENT_2D('',#3563,#3564);
#3563 = CARTESIAN_POINT('',(7.3,18.51));
#3564 = DIRECTION('',(0.,-1.));
#3565 = ( GEOMETRIC_REPRESENTATION_CONTEXT(2) 
PARAMETRIC_REPRESENTATION_CONTEXT() REPRESENTATION_CONTEXT('2D SPACE',''
  ) );
#3566 = ORIENTED_EDGE('',*,*,#3567,.T.);
#3567 = EDGE_CURVE('',#3544,#395,#3568,.T.);
#3568 = SURFACE_CURVE('',#3569,(#3573,#3580),.PCURVE_S1.);
#3569 = LINE('',#3570,#3571);
#3570 = CARTESIAN_POINT('',(41.,-25.,5.));
#3571 = VECTOR('',#3572,1.);
#3572 = DIRECTION('',(0.,1.,0.));
#3573 = PCURVE('',#417,#3574);
#3574 = DEFINITIONAL_REPRESENTATION('',(#3575),#3579);
#3575 = LINE('',#3576,#3577);
#3576 = CARTESIAN_POINT('',(-1.570796326795,0.));
#3577 = VECTOR('',#3578,1.);
#3578 = DIRECTION('',(-0.,1.));
#3579 = ( GEOMETRIC_REPRESENTATION_CONTEXT(2) 
PARAMETRIC_REPRESENTATION_CONTEXT() REPRESENTATION_CONTEXT('2D SPACE',''
  ) );
#3580 = PCURVE('',#619,#3581);
#3581 = DEFINITIONAL_REPRESENTATION('',(#3582),#3586);
#3582 = LINE('',#3583,#3584);
#3583 = CARTESIAN_POINT('',(3.,0.));
#3584 = VECTOR('',#3585,1.);
#3585 = DIRECTION('',(0.,1.));
#3586 = ( GEOMETRIC_REPRESENTATION_CONTEXT(2) 
PARAMETRIC_REPRESENTATION_CONTEXT() REPRESENTATION_CONTEXT('2D SPACE',''
  ) );
#3587 = ORIENTED_EDGE('',*,*,#394,.T.);
#3588 = ADVANCED_FACE('',(#3589),#619,.T.);
#3589 = FACE_BOUND('',#3590,.T.);
#3590 = EDGE_LOOP('',(#3591,#3592,#3593,#3614));
#3591 = ORIENTED_EDGE('',*,*,#606,.T.);
#3592 = ORIENTED_EDGE('',*,*,#3567,.F.);
#3593 = ORIENTED_EDGE('',*,*,#3594,.T.);
#3594 = EDGE_CURVE('',#3544,#3595,#3597,.T.);
#3595 = VERTEX_POINT('',#3596);
#3596 = CARTESIAN_POINT('',(45.,12.76,5.));
#3597 = SURFACE_CURVE('',#3598,(#3602,#3608),.PCURVE_S1.);
#3598 = LINE('',#3599,#3600);
#3599 = CARTESIAN_POINT('',(30.245,12.76,5.));
#3600 = VECTOR('',#3601,1.);
#3601 = DIRECTION('',(1.,0.,0.));
#3602 = PCURVE('',#619,#3603);
#3603 = DEFINITIONAL_REPRESENTATION('',(#3604),#3607);
#3604 = B_SPLINE_CURVE_WITH_KNOTS('',1,(#3605,#3606),.UNSPECIFIED.,.F.,
  .F.,(2,2),(10.755,14.755),.PIECEWISE_BEZIER_KNOTS.);
#3605 = CARTESIAN_POINT('',(3.,37.76));
#3606 = CARTESIAN_POINT('',(7.,37.76));
#3607 = ( GEOMETRIC_REPRESENTATION_CONTEXT(2) 
PARAMETRIC_REPRESENTATION_CONTEXT() REPRESENTATION_CONTEXT('2D SPACE',''
  ) );
#3608 = PCURVE('',#2492,#3609);
#3609 = DEFINITIONAL_REPRESENTATION('',(#3610),#3613);
#3610 = B_SPLINE_CURVE_WITH_KNOTS('',1,(#3611,#3612),.UNSPECIFIED.,.F.,
  .F.,(2,2),(10.755,14.755),.PIECEWISE_BEZIER_KNOTS.);
#3611 = CARTESIAN_POINT('',(4.3,18.51));
#3612 = CARTESIAN_POINT('',(4.3,22.51));
#3613 = ( GEOMETRIC_REPRESENTATION_CONTEXT(2) 
PARAMETRIC_REPRESENTATION_CONTEXT() REPRESENTATION_CONTEXT('2D SPACE',''
  ) );
#3614 = ORIENTED_EDGE('',*,*,#3615,.T.);
#3615 = EDGE_CURVE('',#3595,#574,#3616,.T.);
#3616 = SURFACE_CURVE('',#3617,(#3621,#3628),.PCURVE_S1.);
#3617 = LINE('',#3618,#3619);
#3618 = CARTESIAN_POINT('',(45.,-25.,5.));
#3619 = VECTOR('',#3620,1.);
#3620 = DIRECTION('',(0.,1.,0.));
#3621 = PCURVE('',#619,#3622);
#3622 = DEFINITIONAL_REPRESENTATION('',(#3623),#3627);
#3623 = LINE('',#3624,#3625);
#3624 = CARTESIAN_POINT('',(7.,0.));
#3625 = VECTOR('',#3626,1.);
#3626 = DIRECTION('',(0.,1.));
#3627 = ( GEOMETRIC_REPRESENTATION_CONTEXT(2) 
PARAMETRIC_REPRESENTATION_CONTEXT() REPRESENTATION_CONTEXT('2D SPACE',''
  ) );
#3628 = PCURVE('',#594,#3629);
#3629 = DEFINITIONAL_REPRESENTATION('',(#3630),#3634);
#3630 = LINE('',#3631,#3632);
#3631 = CARTESIAN_POINT('',(1.570796326795,0.));
#3632 = VECTOR('',#3633,1.);
#3633 = DIRECTION('',(0.,1.));
#3634 = ( GEOMETRIC_REPRESENTATION_CONTEXT(2) 
PARAMETRIC_REPRESENTATION_CONTEXT() REPRESENTATION_CONTEXT('2D SPACE',''
  ) );
#3635 = ADVANCED_FACE('',(#3636),#594,.F.);
#3636 = FACE_BOUND('',#3637,.F.);
#3637 = EDGE_LOOP('',(#3638,#3661,#3683,#3684));
#3638 = ORIENTED_EDGE('',*,*,#3639,.F.);
#3639 = EDGE_CURVE('',#3640,#548,#3642,.T.);
#3640 = VERTEX_POINT('',#3641);
#3641 = CARTESIAN_POINT('',(48.,12.76,8.));
#3642 = SURFACE_CURVE('',#3643,(#3647,#3654),.PCURVE_S1.);
#3643 = LINE('',#3644,#3645);
#3644 = CARTESIAN_POINT('',(48.,-25.,8.));
#3645 = VECTOR('',#3646,1.);
#3646 = DIRECTION('',(0.,1.,0.));
#3647 = PCURVE('',#594,#3648);
#3648 = DEFINITIONAL_REPRESENTATION('',(#3649),#3653);
#3649 = LINE('',#3650,#3651);
#3650 = CARTESIAN_POINT('',(0.,0.));
#3651 = VECTOR('',#3652,1.);
#3652 = DIRECTION('',(0.,1.));
#3653 = ( GEOMETRIC_REPRESENTATION_CONTEXT(2) 
PARAMETRIC_REPRESENTATION_CONTEXT() REPRESENTATION_CONTEXT('2D SPACE',''
  ) );
#3654 = PCURVE('',#562,#3655);
#3655 = DEFINITIONAL_REPRESENTATION('',(#3656),#3660);
#3656 = LINE('',#3657,#3658);
#3657 = CARTESIAN_POINT('',(3.,0.));
#3658 = VECTOR('',#3659,1.);
#3659 = DIRECTION('',(0.,-1.));
#3660 = ( GEOMETRIC_REPRESENTATION_CONTEXT(2) 
PARAMETRIC_REPRESENTATION_CONTEXT() REPRESENTATION_CONTEXT('2D SPACE',''
  ) );
#3661 = ORIENTED_EDGE('',*,*,#3662,.T.);
#3662 = EDGE_CURVE('',#3640,#3595,#3663,.T.);
#3663 = SURFACE_CURVE('',#3664,(#3669,#3676),.PCURVE_S1.);
#3664 = CIRCLE('',#3665,3.);
#3665 = AXIS2_PLACEMENT_3D('',#3666,#3667,#3668);
#3666 = CARTESIAN_POINT('',(45.,12.76,8.));
#3667 = DIRECTION('',(0.,1.,0.));
#3668 = DIRECTION('',(1.,0.,-0.));
#3669 = PCURVE('',#594,#3670);
#3670 = DEFINITIONAL_REPRESENTATION('',(#3671),#3675);
#3671 = LINE('',#3672,#3673);
#3672 = CARTESIAN_POINT('',(0.,37.76));
#3673 = VECTOR('',#3674,1.);
#3674 = DIRECTION('',(1.,0.));
#3675 = ( GEOMETRIC_REPRESENTATION_CONTEXT(2) 
PARAMETRIC_REPRESENTATION_CONTEXT() REPRESENTATION_CONTEXT('2D SPACE',''
  ) );
#3676 = PCURVE('',#2492,#3677);
#3677 = DEFINITIONAL_REPRESENTATION('',(#3678),#3682);
#3678 = CIRCLE('',#3679,3.);
#3679 = AXIS2_PLACEMENT_2D('',#3680,#3681);
#3680 = CARTESIAN_POINT('',(7.3,22.51));
#3681 = DIRECTION('',(0.,1.));
#3682 = ( GEOMETRIC_REPRESENTATION_CONTEXT(2) 
PARAMETRIC_REPRESENTATION_CONTEXT() REPRESENTATION_CONTEXT('2D SPACE',''
  ) );
#3683 = ORIENTED_EDGE('',*,*,#3615,.T.);
#3684 = ORIENTED_EDGE('',*,*,#573,.F.);
#3685 = ADVANCED_FACE('',(#3686),#562,.F.);
#3686 = FACE_BOUND('',#3687,.F.);
#3687 = EDGE_LOOP('',(#3688,#3709,#3710,#3711));
#3688 = ORIENTED_EDGE('',*,*,#3689,.T.);
#3689 = EDGE_CURVE('',#3690,#3640,#3692,.T.);
#3690 = VERTEX_POINT('',#3691);
#3691 = CARTESIAN_POINT('',(48.,12.76,27.));
#3692 = SURFACE_CURVE('',#3693,(#3697,#3703),.PCURVE_S1.);
#3693 = LINE('',#3694,#3695);
#3694 = CARTESIAN_POINT('',(48.,12.76,2.85));
#3695 = VECTOR('',#3696,1.);
#3696 = DIRECTION('',(0.,0.,-1.));
#3697 = PCURVE('',#562,#3698);
#3698 = DEFINITIONAL_REPRESENTATION('',(#3699),#3702);
#3699 = B_SPLINE_CURVE_WITH_KNOTS('',1,(#3700,#3701),.UNSPECIFIED.,.F.,
  .F.,(2,2),(-24.15,-5.15),.PIECEWISE_BEZIER_KNOTS.);
#3700 = CARTESIAN_POINT('',(22.,-37.76));
#3701 = CARTESIAN_POINT('',(3.,-37.76));
#3702 = ( GEOMETRIC_REPRESENTATION_CONTEXT(2) 
PARAMETRIC_REPRESENTATION_CONTEXT() REPRESENTATION_CONTEXT('2D SPACE',''
  ) );
#3703 = PCURVE('',#2492,#3704);
#3704 = DEFINITIONAL_REPRESENTATION('',(#3705),#3708);
#3705 = B_SPLINE_CURVE_WITH_KNOTS('',1,(#3706,#3707),.UNSPECIFIED.,.F.,
  .F.,(2,2),(-24.15,-5.15),.PIECEWISE_BEZIER_KNOTS.);
#3706 = CARTESIAN_POINT('',(26.3,25.51));
#3707 = CARTESIAN_POINT('',(7.3,25.51));
#3708 = ( GEOMETRIC_REPRESENTATION_CONTEXT(2) 
PARAMETRIC_REPRESENTATION_CONTEXT() REPRESENTATION_CONTEXT('2D SPACE',''
  ) );
#3709 = ORIENTED_EDGE('',*,*,#3639,.T.);
#3710 = ORIENTED_EDGE('',*,*,#547,.T.);
#3711 = ORIENTED_EDGE('',*,*,#3712,.F.);
#3712 = EDGE_CURVE('',#3690,#515,#3713,.T.);
#3713 = SURFACE_CURVE('',#3714,(#3718,#3725),.PCURVE_S1.);
#3714 = LINE('',#3715,#3716);
#3715 = CARTESIAN_POINT('',(48.,-25.,27.));
#3716 = VECTOR('',#3717,1.);
#3717 = DIRECTION('',(0.,1.,0.));
#3718 = PCURVE('',#562,#3719);
#3719 = DEFINITIONAL_REPRESENTATION('',(#3720),#3724);
#3720 = LINE('',#3721,#3722);
#3721 = CARTESIAN_POINT('',(22.,0.));
#3722 = VECTOR('',#3723,1.);
#3723 = DIRECTION('',(0.,-1.));
#3724 = ( GEOMETRIC_REPRESENTATION_CONTEXT(2) 
PARAMETRIC_REPRESENTATION_CONTEXT() REPRESENTATION_CONTEXT('2D SPACE',''
  ) );
#3725 = PCURVE('',#535,#3726);
#3726 = DEFINITIONAL_REPRESENTATION('',(#3727),#3731);
#3727 = LINE('',#3728,#3729);
#3728 = CARTESIAN_POINT('',(-0.,0.));
#3729 = VECTOR('',#3730,1.);
#3730 = DIRECTION('',(-0.,1.));
#3731 = ( GEOMETRIC_REPRESENTATION_CONTEXT(2) 
PARAMETRIC_REPRESENTATION_CONTEXT() REPRESENTATION_CONTEXT('2D SPACE',''
  ) );
#3732 = ADVANCED_FACE('',(#3733),#535,.F.);
#3733 = FACE_BOUND('',#3734,.T.);
#3734 = EDGE_LOOP('',(#3735,#3736,#3760,#3781));
#3735 = ORIENTED_EDGE('',*,*,#3712,.F.);
#3736 = ORIENTED_EDGE('',*,*,#3737,.F.);
#3737 = EDGE_CURVE('',#3738,#3690,#3740,.T.);
#3738 = VERTEX_POINT('',#3739);
#3739 = CARTESIAN_POINT('',(45.,12.76,30.));
#3740 = SURFACE_CURVE('',#3741,(#3746,#3753),.PCURVE_S1.);
#3741 = CIRCLE('',#3742,3.);
#3742 = AXIS2_PLACEMENT_3D('',#3743,#3744,#3745);
#3743 = CARTESIAN_POINT('',(45.,12.76,27.));
#3744 = DIRECTION('',(0.,1.,0.));
#3745 = DIRECTION('',(1.,0.,-0.));
#3746 = PCURVE('',#535,#3747);
#3747 = DEFINITIONAL_REPRESENTATION('',(#3748),#3752);
#3748 = LINE('',#3749,#3750);
#3749 = CARTESIAN_POINT('',(-6.28318530718,37.76));
#3750 = VECTOR('',#3751,1.);
#3751 = DIRECTION('',(1.,-0.));
#3752 = ( GEOMETRIC_REPRESENTATION_CONTEXT(2) 
PARAMETRIC_REPRESENTATION_CONTEXT() REPRESENTATION_CONTEXT('2D SPACE',''
  ) );
#3753 = PCURVE('',#2492,#3754);
#3754 = DEFINITIONAL_REPRESENTATION('',(#3755),#3759);
#3755 = CIRCLE('',#3756,3.);
#3756 = AXIS2_PLACEMENT_2D('',#3757,#3758);
#3757 = CARTESIAN_POINT('',(26.3,22.51));
#3758 = DIRECTION('',(0.,1.));
#3759 = ( GEOMETRIC_REPRESENTATION_CONTEXT(2) 
PARAMETRIC_REPRESENTATION_CONTEXT() REPRESENTATION_CONTEXT('2D SPACE',''
  ) );
#3760 = ORIENTED_EDGE('',*,*,#3761,.T.);
#3761 = EDGE_CURVE('',#3738,#489,#3762,.T.);
#3762 = SURFACE_CURVE('',#3763,(#3767,#3774),.PCURVE_S1.);
#3763 = LINE('',#3764,#3765);
#3764 = CARTESIAN_POINT('',(45.,-25.,30.));
#3765 = VECTOR('',#3766,1.);
#3766 = DIRECTION('',(0.,1.,0.));
#3767 = PCURVE('',#535,#3768);
#3768 = DEFINITIONAL_REPRESENTATION('',(#3769),#3773);
#3769 = LINE('',#3770,#3771);
#3770 = CARTESIAN_POINT('',(-1.570796326795,0.));
#3771 = VECTOR('',#3772,1.);
#3772 = DIRECTION('',(-0.,1.));
#3773 = ( GEOMETRIC_REPRESENTATION_CONTEXT(2) 
PARAMETRIC_REPRESENTATION_CONTEXT() REPRESENTATION_CONTEXT('2D SPACE',''
  ) );
#3774 = PCURVE('',#503,#3775);
#3775 = DEFINITIONAL_REPRESENTATION('',(#3776),#3780);
#3776 = LINE('',#3777,#3778);
#3777 = CARTESIAN_POINT('',(7.,0.));
#3778 = VECTOR('',#3779,1.);
#3779 = DIRECTION('',(0.,1.));
#3780 = ( GEOMETRIC_REPRESENTATION_CONTEXT(2) 
PARAMETRIC_REPRESENTATION_CONTEXT() REPRESENTATION_CONTEXT('2D SPACE',''
  ) );
#3781 = ORIENTED_EDGE('',*,*,#514,.T.);
#3782 = ADVANCED_FACE('',(#3783),#503,.F.);
#3783 = FACE_BOUND('',#3784,.F.);
#3784 = EDGE_LOOP('',(#3785,#3786,#3809,#3828));
#3785 = ORIENTED_EDGE('',*,*,#488,.T.);
#3786 = ORIENTED_EDGE('',*,*,#3787,.F.);
#3787 = EDGE_CURVE('',#3788,#456,#3790,.T.);
#3788 = VERTEX_POINT('',#3789);
#3789 = CARTESIAN_POINT('',(41.,12.76,30.));
#3790 = SURFACE_CURVE('',#3791,(#3795,#3802),.PCURVE_S1.);
#3791 = LINE('',#3792,#3793);
#3792 = CARTESIAN_POINT('',(41.,-25.,30.));
#3793 = VECTOR('',#3794,1.);
#3794 = DIRECTION('',(0.,1.,0.));
#3795 = PCURVE('',#503,#3796);
#3796 = DEFINITIONAL_REPRESENTATION('',(#3797),#3801);
#3797 = LINE('',#3798,#3799);
#3798 = CARTESIAN_POINT('',(3.,0.));
#3799 = VECTOR('',#3800,1.);
#3800 = DIRECTION('',(0.,1.));
#3801 = ( GEOMETRIC_REPRESENTATION_CONTEXT(2) 
PARAMETRIC_REPRESENTATION_CONTEXT() REPRESENTATION_CONTEXT('2D SPACE',''
  ) );
#3802 = PCURVE('',#476,#3803);
#3803 = DEFINITIONAL_REPRESENTATION('',(#3804),#3808);
#3804 = LINE('',#3805,#3806);
#3805 = CARTESIAN_POINT('',(1.570796326795,0.));
#3806 = VECTOR('',#3807,1.);
#3807 = DIRECTION('',(0.,1.));
#3808 = ( GEOMETRIC_REPRESENTATION_CONTEXT(2) 
PARAMETRIC_REPRESENTATION_CONTEXT() REPRESENTATION_CONTEXT('2D SPACE',''
  ) );
#3809 = ORIENTED_EDGE('',*,*,#3810,.T.);
#3810 = EDGE_CURVE('',#3788,#3738,#3811,.T.);
#3811 = SURFACE_CURVE('',#3812,(#3816,#3822),.PCURVE_S1.);
#3812 = LINE('',#3813,#3814);
#3813 = CARTESIAN_POINT('',(30.245,12.76,30.));
#3814 = VECTOR('',#3815,1.);
#3815 = DIRECTION('',(1.,0.,0.));
#3816 = PCURVE('',#503,#3817);
#3817 = DEFINITIONAL_REPRESENTATION('',(#3818),#3821);
#3818 = B_SPLINE_CURVE_WITH_KNOTS('',1,(#3819,#3820),.UNSPECIFIED.,.F.,
  .F.,(2,2),(10.755,14.755),.PIECEWISE_BEZIER_KNOTS.);
#3819 = CARTESIAN_POINT('',(3.,37.76));
#3820 = CARTESIAN_POINT('',(7.,37.76));
#3821 = ( GEOMETRIC_REPRESENTATION_CONTEXT(2) 
PARAMETRIC_REPRESENTATION_CONTEXT() REPRESENTATION_CONTEXT('2D SPACE',''
  ) );
#3822 = PCURVE('',#2492,#3823);
#3823 = DEFINITIONAL_REPRESENTATION('',(#3824),#3827);
#3824 = B_SPLINE_CURVE_WITH_KNOTS('',1,(#3825,#3826),.UNSPECIFIED.,.F.,
  .F.,(2,2),(10.755,14.755),.PIECEWISE_BEZIER_KNOTS.);
#3825 = CARTESIAN_POINT('',(29.3,18.51));
#3826 = CARTESIAN_POINT('',(29.3,22.51));
#3827 = ( GEOMETRIC_REPRESENTATION_CONTEXT(2) 
PARAMETRIC_REPRESENTATION_CONTEXT() REPRESENTATION_CONTEXT('2D SPACE',''
  ) );
#3828 = ORIENTED_EDGE('',*,*,#3761,.T.);
#3829 = ADVANCED_FACE('',(#3830),#476,.F.);
#3830 = FACE_BOUND('',#3831,.F.);
#3831 = EDGE_LOOP('',(#3832,#3855,#3877,#3878));
#3832 = ORIENTED_EDGE('',*,*,#3833,.F.);
#3833 = EDGE_CURVE('',#3834,#430,#3836,.T.);
#3834 = VERTEX_POINT('',#3835);
#3835 = CARTESIAN_POINT('',(38.,12.76,27.));
#3836 = SURFACE_CURVE('',#3837,(#3841,#3848),.PCURVE_S1.);
#3837 = LINE('',#3838,#3839);
#3838 = CARTESIAN_POINT('',(38.,-25.,27.));
#3839 = VECTOR('',#3840,1.);
#3840 = DIRECTION('',(0.,1.,0.));
#3841 = PCURVE('',#476,#3842);
#3842 = DEFINITIONAL_REPRESENTATION('',(#3843),#3847);
#3843 = LINE('',#3844,#3845);
#3844 = CARTESIAN_POINT('',(0.,0.));
#3845 = VECTOR('',#3846,1.);
#3846 = DIRECTION('',(0.,1.));
#3847 = ( GEOMETRIC_REPRESENTATION_CONTEXT(2) 
PARAMETRIC_REPRESENTATION_CONTEXT() REPRESENTATION_CONTEXT('2D SPACE',''
  ) );
#3848 = PCURVE('',#444,#3849);
#3849 = DEFINITIONAL_REPRESENTATION('',(#3850),#3854);
#3850 = LINE('',#3851,#3852);
#3851 = CARTESIAN_POINT('',(22.,0.));
#3852 = VECTOR('',#3853,1.);
#3853 = DIRECTION('',(0.,-1.));
#3854 = ( GEOMETRIC_REPRESENTATION_CONTEXT(2) 
PARAMETRIC_REPRESENTATION_CONTEXT() REPRESENTATION_CONTEXT('2D SPACE',''
  ) );
#3855 = ORIENTED_EDGE('',*,*,#3856,.T.);
#3856 = EDGE_CURVE('',#3834,#3788,#3857,.T.);
#3857 = SURFACE_CURVE('',#3858,(#3863,#3870),.PCURVE_S1.);
#3858 = CIRCLE('',#3859,3.);
#3859 = AXIS2_PLACEMENT_3D('',#3860,#3861,#3862);
#3860 = CARTESIAN_POINT('',(41.,12.76,27.));
#3861 = DIRECTION('',(0.,1.,0.));
#3862 = DIRECTION('',(-1.,0.,0.));
#3863 = PCURVE('',#476,#3864);
#3864 = DEFINITIONAL_REPRESENTATION('',(#3865),#3869);
#3865 = LINE('',#3866,#3867);
#3866 = CARTESIAN_POINT('',(0.,37.76));
#3867 = VECTOR('',#3868,1.);
#3868 = DIRECTION('',(1.,0.));
#3869 = ( GEOMETRIC_REPRESENTATION_CONTEXT(2) 
PARAMETRIC_REPRESENTATION_CONTEXT() REPRESENTATION_CONTEXT('2D SPACE',''
  ) );
#3870 = PCURVE('',#2492,#3871);
#3871 = DEFINITIONAL_REPRESENTATION('',(#3872),#3876);
#3872 = CIRCLE('',#3873,3.);
#3873 = AXIS2_PLACEMENT_2D('',#3874,#3875);
#3874 = CARTESIAN_POINT('',(26.3,18.51));
#3875 = DIRECTION('',(0.,-1.));
#3876 = ( GEOMETRIC_REPRESENTATION_CONTEXT(2) 
PARAMETRIC_REPRESENTATION_CONTEXT() REPRESENTATION_CONTEXT('2D SPACE',''
  ) );
#3877 = ORIENTED_EDGE('',*,*,#3787,.T.);
#3878 = ORIENTED_EDGE('',*,*,#455,.F.);
#3879 = ADVANCED_FACE('',(#3880),#444,.T.);
#3880 = FACE_BOUND('',#3881,.T.);
#3881 = EDGE_LOOP('',(#3882,#3901,#3902,#3903));
#3882 = ORIENTED_EDGE('',*,*,#3883,.T.);
#3883 = EDGE_CURVE('',#3834,#3521,#3884,.T.);
#3884 = SURFACE_CURVE('',#3885,(#3889,#3895),.PCURVE_S1.);
#3885 = LINE('',#3886,#3887);
#3886 = CARTESIAN_POINT('',(38.,12.76,2.85));
#3887 = VECTOR('',#3888,1.);
#3888 = DIRECTION('',(0.,0.,-1.));
#3889 = PCURVE('',#444,#3890);
#3890 = DEFINITIONAL_REPRESENTATION('',(#3891),#3894);
#3891 = B_SPLINE_CURVE_WITH_KNOTS('',1,(#3892,#3893),.UNSPECIFIED.,.F.,
  .F.,(2,2),(-24.15,-5.15),.PIECEWISE_BEZIER_KNOTS.);
#3892 = CARTESIAN_POINT('',(22.,-37.76));
#3893 = CARTESIAN_POINT('',(3.,-37.76));
#3894 = ( GEOMETRIC_REPRESENTATION_CONTEXT(2) 
PARAMETRIC_REPRESENTATION_CONTEXT() REPRESENTATION_CONTEXT('2D SPACE',''
  ) );
#3895 = PCURVE('',#2492,#3896);
#3896 = DEFINITIONAL_REPRESENTATION('',(#3897),#3900);
#3897 = B_SPLINE_CURVE_WITH_KNOTS('',1,(#3898,#3899),.UNSPECIFIED.,.F.,
  .F.,(2,2),(-24.15,-5.15),.PIECEWISE_BEZIER_KNOTS.);
#3898 = CARTESIAN_POINT('',(26.3,15.51));
#3899 = CARTESIAN_POINT('',(7.3,15.51));
#3900 = ( GEOMETRIC_REPRESENTATION_CONTEXT(2) 
PARAMETRIC_REPRESENTATION_CONTEXT() REPRESENTATION_CONTEXT('2D SPACE',''
  ) );
#3901 = ORIENTED_EDGE('',*,*,#3520,.T.);
#3902 = ORIENTED_EDGE('',*,*,#429,.T.);
#3903 = ORIENTED_EDGE('',*,*,#3833,.F.);
#3904 = ADVANCED_FACE('',(#3905),#649,.F.);
#3905 = FACE_BOUND('',#3906,.F.);
#3906 = EDGE_LOOP('',(#3907,#3937,#3958,#3979,#3980,#4003,#4024,#4045));
#3907 = ORIENTED_EDGE('',*,*,#3908,.F.);
#3908 = EDGE_CURVE('',#3909,#3911,#3913,.T.);
#3909 = VERTEX_POINT('',#3910);
#3910 = CARTESIAN_POINT('',(29.,-19.5,5.));
#3911 = VERTEX_POINT('',#3912);
#3912 = CARTESIAN_POINT('',(29.,-12.76,5.));
#3913 = SURFACE_CURVE('',#3914,(#3918,#3925),.PCURVE_S1.);
#3914 = LINE('',#3915,#3916);
#3915 = CARTESIAN_POINT('',(29.,-25.,5.));
#3916 = VECTOR('',#3917,1.);
#3917 = DIRECTION('',(0.,1.,0.));
#3918 = PCURVE('',#649,#3919);
#3919 = DEFINITIONAL_REPRESENTATION('',(#3920),#3924);
#3920 = LINE('',#3921,#3922);
#3921 = CARTESIAN_POINT('',(4.35,0.));
#3922 = VECTOR('',#3923,1.);
#3923 = DIRECTION('',(0.,-1.));
#3924 = ( GEOMETRIC_REPRESENTATION_CONTEXT(2) 
PARAMETRIC_REPRESENTATION_CONTEXT() REPRESENTATION_CONTEXT('2D SPACE',''
  ) );
#3925 = PCURVE('',#3926,#3931);
#3926 = PLANE('',#3927);
#3927 = AXIS2_PLACEMENT_3D('',#3928,#3929,#3930);
#3928 = CARTESIAN_POINT('',(24.,-25.,5.));
#3929 = DIRECTION('',(0.,0.,1.));
#3930 = DIRECTION('',(1.,0.,0.));
#3931 = DEFINITIONAL_REPRESENTATION('',(#3932),#3936);
#3932 = LINE('',#3933,#3934);
#3933 = CARTESIAN_POINT('',(5.,0.));
#3934 = VECTOR('',#3935,1.);
#3935 = DIRECTION('',(0.,1.));
#3936 = ( GEOMETRIC_REPRESENTATION_CONTEXT(2) 
PARAMETRIC_REPRESENTATION_CONTEXT() REPRESENTATION_CONTEXT('2D SPACE',''
  ) );
#3937 = ORIENTED_EDGE('',*,*,#3938,.T.);
#3938 = EDGE_CURVE('',#3909,#3939,#3941,.T.);
#3939 = VERTEX_POINT('',#3940);
#3940 = CARTESIAN_POINT('',(29.,-19.5,0.65));
#3941 = SURFACE_CURVE('',#3942,(#3946,#3952),.PCURVE_S1.);
#3942 = LINE('',#3943,#3944);
#3943 = CARTESIAN_POINT('',(29.,-19.5,0.675));
#3944 = VECTOR('',#3945,1.);
#3945 = DIRECTION('',(0.,0.,-1.));
#3946 = PCURVE('',#649,#3947);
#3947 = DEFINITIONAL_REPRESENTATION('',(#3948),#3951);
#3948 = B_SPLINE_CURVE_WITH_KNOTS('',1,(#3949,#3950),.UNSPECIFIED.,.F.,
  .F.,(2,2),(-4.325,2.5E-02),.PIECEWISE_BEZIER_KNOTS.);
#3949 = CARTESIAN_POINT('',(4.35,-5.5));
#3950 = CARTESIAN_POINT('',(0.,-5.5));
#3951 = ( GEOMETRIC_REPRESENTATION_CONTEXT(2) 
PARAMETRIC_REPRESENTATION_CONTEXT() REPRESENTATION_CONTEXT('2D SPACE',''
  ) );
#3952 = PCURVE('',#1075,#3953);
#3953 = DEFINITIONAL_REPRESENTATION('',(#3954),#3957);
#3954 = B_SPLINE_CURVE_WITH_KNOTS('',1,(#3955,#3956),.UNSPECIFIED.,.F.,
  .F.,(2,2),(-4.325,2.5E-02),.PIECEWISE_BEZIER_KNOTS.);
#3955 = CARTESIAN_POINT('',(10.,-4.3));
#3956 = CARTESIAN_POINT('',(10.,5.E-02));
#3957 = ( GEOMETRIC_REPRESENTATION_CONTEXT(2) 
PARAMETRIC_REPRESENTATION_CONTEXT() REPRESENTATION_CONTEXT('2D SPACE',''
  ) );
#3958 = ORIENTED_EDGE('',*,*,#3959,.T.);
#3959 = EDGE_CURVE('',#3939,#633,#3960,.T.);
#3960 = SURFACE_CURVE('',#3961,(#3965,#3972),.PCURVE_S1.);
#3961 = LINE('',#3962,#3963);
#3962 = CARTESIAN_POINT('',(29.,-25.,0.65));
#3963 = VECTOR('',#3964,1.);
#3964 = DIRECTION('',(0.,1.,0.));
#3965 = PCURVE('',#649,#3966);
#3966 = DEFINITIONAL_REPRESENTATION('',(#3967),#3971);
#3967 = LINE('',#3968,#3969);
#3968 = CARTESIAN_POINT('',(0.,0.));
#3969 = VECTOR('',#3970,1.);
#3970 = DIRECTION('',(0.,-1.));
#3971 = ( GEOMETRIC_REPRESENTATION_CONTEXT(2) 
PARAMETRIC_REPRESENTATION_CONTEXT() REPRESENTATION_CONTEXT('2D SPACE',''
  ) );
#3972 = PCURVE('',#675,#3973);
#3973 = DEFINITIONAL_REPRESENTATION('',(#3974),#3978);
#3974 = LINE('',#3975,#3976);
#3975 = CARTESIAN_POINT('',(4.,0.));
#3976 = VECTOR('',#3977,1.);
#3977 = DIRECTION('',(0.,1.));
#3978 = ( GEOMETRIC_REPRESENTATION_CONTEXT(2) 
PARAMETRIC_REPRESENTATION_CONTEXT() REPRESENTATION_CONTEXT('2D SPACE',''
  ) );
#3979 = ORIENTED_EDGE('',*,*,#632,.T.);
#3980 = ORIENTED_EDGE('',*,*,#3981,.F.);
#3981 = EDGE_CURVE('',#3982,#635,#3984,.T.);
#3982 = VERTEX_POINT('',#3983);
#3983 = CARTESIAN_POINT('',(29.,12.76,5.));
#3984 = SURFACE_CURVE('',#3985,(#3989,#3996),.PCURVE_S1.);
#3985 = LINE('',#3986,#3987);
#3986 = CARTESIAN_POINT('',(29.,-25.,5.));
#3987 = VECTOR('',#3988,1.);
#3988 = DIRECTION('',(0.,1.,0.));
#3989 = PCURVE('',#649,#3990);
#3990 = DEFINITIONAL_REPRESENTATION('',(#3991),#3995);
#3991 = LINE('',#3992,#3993);
#3992 = CARTESIAN_POINT('',(4.35,0.));
#3993 = VECTOR('',#3994,1.);
#3994 = DIRECTION('',(0.,-1.));
#3995 = ( GEOMETRIC_REPRESENTATION_CONTEXT(2) 
PARAMETRIC_REPRESENTATION_CONTEXT() REPRESENTATION_CONTEXT('2D SPACE',''
  ) );
#3996 = PCURVE('',#961,#3997);
#3997 = DEFINITIONAL_REPRESENTATION('',(#3998),#4002);
#3998 = LINE('',#3999,#4000);
#3999 = CARTESIAN_POINT('',(5.,0.));
#4000 = VECTOR('',#4001,1.);
#4001 = DIRECTION('',(0.,1.));
#4002 = ( GEOMETRIC_REPRESENTATION_CONTEXT(2) 
PARAMETRIC_REPRESENTATION_CONTEXT() REPRESENTATION_CONTEXT('2D SPACE',''
  ) );
#4003 = ORIENTED_EDGE('',*,*,#4004,.T.);
#4004 = EDGE_CURVE('',#3982,#4005,#4007,.T.);
#4005 = VERTEX_POINT('',#4006);
#4006 = CARTESIAN_POINT('',(29.,12.76,0.7));
#4007 = SURFACE_CURVE('',#4008,(#4012,#4018),.PCURVE_S1.);
#4008 = LINE('',#4009,#4010);
#4009 = CARTESIAN_POINT('',(29.,12.76,0.675));
#4010 = VECTOR('',#4011,1.);
#4011 = DIRECTION('',(0.,0.,-1.));
#4012 = PCURVE('',#649,#4013);
#4013 = DEFINITIONAL_REPRESENTATION('',(#4014),#4017);
#4014 = B_SPLINE_CURVE_WITH_KNOTS('',1,(#4015,#4016),.UNSPECIFIED.,.F.,
  .F.,(2,2),(-4.325,-2.5E-02),.PIECEWISE_BEZIER_KNOTS.);
#4015 = CARTESIAN_POINT('',(4.35,-37.76));
#4016 = CARTESIAN_POINT('',(5.E-02,-37.76));
#4017 = ( GEOMETRIC_REPRESENTATION_CONTEXT(2) 
PARAMETRIC_REPRESENTATION_CONTEXT() REPRESENTATION_CONTEXT('2D SPACE',''
  ) );
#4018 = PCURVE('',#2492,#4019);
#4019 = DEFINITIONAL_REPRESENTATION('',(#4020),#4023);
#4020 = B_SPLINE_CURVE_WITH_KNOTS('',1,(#4021,#4022),.UNSPECIFIED.,.F.,
  .F.,(2,2),(-4.325,-2.5E-02),.PIECEWISE_BEZIER_KNOTS.);
#4021 = CARTESIAN_POINT('',(4.3,6.51));
#4022 = CARTESIAN_POINT('',(0.,6.51));
#4023 = ( GEOMETRIC_REPRESENTATION_CONTEXT(2) 
PARAMETRIC_REPRESENTATION_CONTEXT() REPRESENTATION_CONTEXT('2D SPACE',''
  ) );
#4024 = ORIENTED_EDGE('',*,*,#4025,.F.);
#4025 = EDGE_CURVE('',#4026,#4005,#4028,.T.);
#4026 = VERTEX_POINT('',#4027);
#4027 = CARTESIAN_POINT('',(29.,-12.76,0.7));
#4028 = SURFACE_CURVE('',#4029,(#4033,#4039),.PCURVE_S1.);
#4029 = LINE('',#4030,#4031);
#4030 = CARTESIAN_POINT('',(29.,-18.88,0.7));
#4031 = VECTOR('',#4032,1.);
#4032 = DIRECTION('',(0.,1.,0.));
#4033 = PCURVE('',#649,#4034);
#4034 = DEFINITIONAL_REPRESENTATION('',(#4035),#4038);
#4035 = B_SPLINE_CURVE_WITH_KNOTS('',1,(#4036,#4037),.UNSPECIFIED.,.F.,
  .F.,(2,2),(6.12,31.64),.PIECEWISE_BEZIER_KNOTS.);
#4036 = CARTESIAN_POINT('',(5.E-02,-12.24));
#4037 = CARTESIAN_POINT('',(5.E-02,-37.76));
#4038 = ( GEOMETRIC_REPRESENTATION_CONTEXT(2) 
PARAMETRIC_REPRESENTATION_CONTEXT() REPRESENTATION_CONTEXT('2D SPACE',''
  ) );
#4039 = PCURVE('',#3461,#4040);
#4040 = DEFINITIONAL_REPRESENTATION('',(#4041),#4044);
#4041 = B_SPLINE_CURVE_WITH_KNOTS('',1,(#4042,#4043),.UNSPECIFIED.,.F.,
  .F.,(2,2),(6.12,31.64),.PIECEWISE_BEZIER_KNOTS.);
#4042 = CARTESIAN_POINT('',(6.51,0.));
#4043 = CARTESIAN_POINT('',(6.51,25.52));
#4044 = ( GEOMETRIC_REPRESENTATION_CONTEXT(2) 
PARAMETRIC_REPRESENTATION_CONTEXT() REPRESENTATION_CONTEXT('2D SPACE',''
  ) );
#4045 = ORIENTED_EDGE('',*,*,#4046,.F.);
#4046 = EDGE_CURVE('',#3911,#4026,#4047,.T.);
#4047 = SURFACE_CURVE('',#4048,(#4052,#4058),.PCURVE_S1.);
#4048 = LINE('',#4049,#4050);
#4049 = CARTESIAN_POINT('',(29.,-12.76,0.675));
#4050 = VECTOR('',#4051,1.);
#4051 = DIRECTION('',(0.,0.,-1.));
#4052 = PCURVE('',#649,#4053);
#4053 = DEFINITIONAL_REPRESENTATION('',(#4054),#4057);
#4054 = B_SPLINE_CURVE_WITH_KNOTS('',1,(#4055,#4056),.UNSPECIFIED.,.F.,
  .F.,(2,2),(-4.325,-2.5E-02),.PIECEWISE_BEZIER_KNOTS.);
#4055 = CARTESIAN_POINT('',(4.35,-12.24));
#4056 = CARTESIAN_POINT('',(5.E-02,-12.24));
#4057 = ( GEOMETRIC_REPRESENTATION_CONTEXT(2) 
PARAMETRIC_REPRESENTATION_CONTEXT() REPRESENTATION_CONTEXT('2D SPACE',''
  ) );
#4058 = PCURVE('',#2440,#4059);
#4059 = DEFINITIONAL_REPRESENTATION('',(#4060),#4063);
#4060 = B_SPLINE_CURVE_WITH_KNOTS('',1,(#4061,#4062),.UNSPECIFIED.,.F.,
  .F.,(2,2),(-4.325,-2.5E-02),.PIECEWISE_BEZIER_KNOTS.);
#4061 = CARTESIAN_POINT('',(4.3,6.51));
#4062 = CARTESIAN_POINT('',(0.,6.51));
#4063 = ( GEOMETRIC_REPRESENTATION_CONTEXT(2) 
PARAMETRIC_REPRESENTATION_CONTEXT() REPRESENTATION_CONTEXT('2D SPACE',''
  ) );
#4064 = ADVANCED_FACE('',(#4065),#675,.T.);
#4065 = FACE_BOUND('',#4066,.T.);
#4066 = EDGE_LOOP('',(#4067,#4097,#4116,#4117,#4118,#4141,#4167,#4188));
#4067 = ORIENTED_EDGE('',*,*,#4068,.F.);
#4068 = EDGE_CURVE('',#4069,#4071,#4073,.T.);
#4069 = VERTEX_POINT('',#4070);
#4070 = CARTESIAN_POINT('',(25.,-19.5,0.65));
#4071 = VERTEX_POINT('',#4072);
#4072 = CARTESIAN_POINT('',(25.,-6.,0.65));
#4073 = SURFACE_CURVE('',#4074,(#4078,#4085),.PCURVE_S1.);
#4074 = LINE('',#4075,#4076);
#4075 = CARTESIAN_POINT('',(25.,-25.,0.65));
#4076 = VECTOR('',#4077,1.);
#4077 = DIRECTION('',(0.,1.,0.));
#4078 = PCURVE('',#675,#4079);
#4079 = DEFINITIONAL_REPRESENTATION('',(#4080),#4084);
#4080 = LINE('',#4081,#4082);
#4081 = CARTESIAN_POINT('',(0.,0.));
#4082 = VECTOR('',#4083,1.);
#4083 = DIRECTION('',(0.,1.));
#4084 = ( GEOMETRIC_REPRESENTATION_CONTEXT(2) 
PARAMETRIC_REPRESENTATION_CONTEXT() REPRESENTATION_CONTEXT('2D SPACE',''
  ) );
#4085 = PCURVE('',#4086,#4091);
#4086 = PLANE('',#4087);
#4087 = AXIS2_PLACEMENT_3D('',#4088,#4089,#4090);
#4088 = CARTESIAN_POINT('',(25.,-25.,0.65));
#4089 = DIRECTION('',(1.,0.,0.));
#4090 = DIRECTION('',(0.,0.,1.));
#4091 = DEFINITIONAL_REPRESENTATION('',(#4092),#4096);
#4092 = LINE('',#4093,#4094);
#4093 = CARTESIAN_POINT('',(0.,0.));
#4094 = VECTOR('',#4095,1.);
#4095 = DIRECTION('',(0.,-1.));
#4096 = ( GEOMETRIC_REPRESENTATION_CONTEXT(2) 
PARAMETRIC_REPRESENTATION_CONTEXT() REPRESENTATION_CONTEXT('2D SPACE',''
  ) );
#4097 = ORIENTED_EDGE('',*,*,#4098,.T.);
#4098 = EDGE_CURVE('',#4069,#3939,#4099,.T.);
#4099 = SURFACE_CURVE('',#4100,(#4104,#4110),.PCURVE_S1.);
#4100 = LINE('',#4101,#4102);
#4101 = CARTESIAN_POINT('',(22.,-19.5,0.65));
#4102 = VECTOR('',#4103,1.);
#4103 = DIRECTION('',(1.,0.,0.));
#4104 = PCURVE('',#675,#4105);
#4105 = DEFINITIONAL_REPRESENTATION('',(#4106),#4109);
#4106 = B_SPLINE_CURVE_WITH_KNOTS('',1,(#4107,#4108),.UNSPECIFIED.,.F.,
  .F.,(2,2),(3.,7.),.PIECEWISE_BEZIER_KNOTS.);
#4107 = CARTESIAN_POINT('',(0.,5.5));
#4108 = CARTESIAN_POINT('',(4.,5.5));
#4109 = ( GEOMETRIC_REPRESENTATION_CONTEXT(2) 
PARAMETRIC_REPRESENTATION_CONTEXT() REPRESENTATION_CONTEXT('2D SPACE',''
  ) );
#4110 = PCURVE('',#1075,#4111);
#4111 = DEFINITIONAL_REPRESENTATION('',(#4112),#4115);
#4112 = B_SPLINE_CURVE_WITH_KNOTS('',1,(#4113,#4114),.UNSPECIFIED.,.F.,
  .F.,(2,2),(3.,7.),.PIECEWISE_BEZIER_KNOTS.);
#4113 = CARTESIAN_POINT('',(6.,5.E-02));
#4114 = CARTESIAN_POINT('',(10.,5.E-02));
#4115 = ( GEOMETRIC_REPRESENTATION_CONTEXT(2) 
PARAMETRIC_REPRESENTATION_CONTEXT() REPRESENTATION_CONTEXT('2D SPACE',''
  ) );
#4116 = ORIENTED_EDGE('',*,*,#3959,.T.);
#4117 = ORIENTED_EDGE('',*,*,#660,.T.);
#4118 = ORIENTED_EDGE('',*,*,#4119,.F.);
#4119 = EDGE_CURVE('',#4120,#661,#4122,.T.);
#4120 = VERTEX_POINT('',#4121);
#4121 = CARTESIAN_POINT('',(25.,6.,0.65));
#4122 = SURFACE_CURVE('',#4123,(#4127,#4134),.PCURVE_S1.);
#4123 = LINE('',#4124,#4125);
#4124 = CARTESIAN_POINT('',(25.,-25.,0.65));
#4125 = VECTOR('',#4126,1.);
#4126 = DIRECTION('',(0.,1.,0.));
#4127 = PCURVE('',#675,#4128);
#4128 = DEFINITIONAL_REPRESENTATION('',(#4129),#4133);
#4129 = LINE('',#4130,#4131);
#4130 = CARTESIAN_POINT('',(0.,0.));
#4131 = VECTOR('',#4132,1.);
#4132 = DIRECTION('',(0.,1.));
#4133 = ( GEOMETRIC_REPRESENTATION_CONTEXT(2) 
PARAMETRIC_REPRESENTATION_CONTEXT() REPRESENTATION_CONTEXT('2D SPACE',''
  ) );
#4134 = PCURVE('',#701,#4135);
#4135 = DEFINITIONAL_REPRESENTATION('',(#4136),#4140);
#4136 = LINE('',#4137,#4138);
#4137 = CARTESIAN_POINT('',(0.,0.));
#4138 = VECTOR('',#4139,1.);
#4139 = DIRECTION('',(0.,-1.));
#4140 = ( GEOMETRIC_REPRESENTATION_CONTEXT(2) 
PARAMETRIC_REPRESENTATION_CONTEXT() REPRESENTATION_CONTEXT('2D SPACE',''
  ) );
#4141 = ORIENTED_EDGE('',*,*,#4142,.T.);
#4142 = EDGE_CURVE('',#4120,#4143,#4145,.T.);
#4143 = VERTEX_POINT('',#4144);
#4144 = CARTESIAN_POINT('',(28.5,6.,0.65));
#4145 = SURFACE_CURVE('',#4146,(#4150,#4156),.PCURVE_S1.);
#4146 = LINE('',#4147,#4148);
#4147 = CARTESIAN_POINT('',(23.25,6.,0.65));
#4148 = VECTOR('',#4149,1.);
#4149 = DIRECTION('',(1.,0.,0.));
#4150 = PCURVE('',#675,#4151);
#4151 = DEFINITIONAL_REPRESENTATION('',(#4152),#4155);
#4152 = B_SPLINE_CURVE_WITH_KNOTS('',1,(#4153,#4154),.UNSPECIFIED.,.F.,
  .F.,(2,2),(1.75,5.25),.PIECEWISE_BEZIER_KNOTS.);
#4153 = CARTESIAN_POINT('',(0.,31.));
#4154 = CARTESIAN_POINT('',(3.5,31.));
#4155 = ( GEOMETRIC_REPRESENTATION_CONTEXT(2) 
PARAMETRIC_REPRESENTATION_CONTEXT() REPRESENTATION_CONTEXT('2D SPACE',''
  ) );
#4156 = PCURVE('',#4157,#4162);
#4157 = PLANE('',#4158);
#4158 = AXIS2_PLACEMENT_3D('',#4159,#4160,#4161);
#4159 = CARTESIAN_POINT('',(21.5,6.,-5.3));
#4160 = DIRECTION('',(0.,1.,0.));
#4161 = DIRECTION('',(0.,0.,1.));
#4162 = DEFINITIONAL_REPRESENTATION('',(#4163),#4166);
#4163 = B_SPLINE_CURVE_WITH_KNOTS('',1,(#4164,#4165),.UNSPECIFIED.,.F.,
  .F.,(2,2),(1.75,5.25),.PIECEWISE_BEZIER_KNOTS.);
#4164 = CARTESIAN_POINT('',(5.95,3.5));
#4165 = CARTESIAN_POINT('',(5.95,7.));
#4166 = ( GEOMETRIC_REPRESENTATION_CONTEXT(2) 
PARAMETRIC_REPRESENTATION_CONTEXT() REPRESENTATION_CONTEXT('2D SPACE',''
  ) );
#4167 = ORIENTED_EDGE('',*,*,#4168,.T.);
#4168 = EDGE_CURVE('',#4143,#4169,#4171,.T.);
#4169 = VERTEX_POINT('',#4170);
#4170 = CARTESIAN_POINT('',(28.5,-6.,0.65));
#4171 = SURFACE_CURVE('',#4172,(#4176,#4182),.PCURVE_S1.);
#4172 = LINE('',#4173,#4174);
#4173 = CARTESIAN_POINT('',(28.5,-15.5,0.65));
#4174 = VECTOR('',#4175,1.);
#4175 = DIRECTION('',(0.,-1.,0.));
#4176 = PCURVE('',#675,#4177);
#4177 = DEFINITIONAL_REPRESENTATION('',(#4178),#4181);
#4178 = B_SPLINE_CURVE_WITH_KNOTS('',1,(#4179,#4180),.UNSPECIFIED.,.F.,
  .F.,(2,2),(-21.5,-9.5),.PIECEWISE_BEZIER_KNOTS.);
#4179 = CARTESIAN_POINT('',(3.5,31.));
#4180 = CARTESIAN_POINT('',(3.5,19.));
#4181 = ( GEOMETRIC_REPRESENTATION_CONTEXT(2) 
PARAMETRIC_REPRESENTATION_CONTEXT() REPRESENTATION_CONTEXT('2D SPACE',''
  ) );
#4182 = PCURVE('',#1431,#4183);
#4183 = DEFINITIONAL_REPRESENTATION('',(#4184),#4187);
#4184 = B_SPLINE_CURVE_WITH_KNOTS('',1,(#4185,#4186),.UNSPECIFIED.,.F.,
  .F.,(2,2),(-21.5,-9.5),.PIECEWISE_BEZIER_KNOTS.);
#4185 = CARTESIAN_POINT('',(5.95,-12.));
#4186 = CARTESIAN_POINT('',(5.95,0.));
#4187 = ( GEOMETRIC_REPRESENTATION_CONTEXT(2) 
PARAMETRIC_REPRESENTATION_CONTEXT() REPRESENTATION_CONTEXT('2D SPACE',''
  ) );
#4188 = ORIENTED_EDGE('',*,*,#4189,.F.);
#4189 = EDGE_CURVE('',#4071,#4169,#4190,.T.);
#4190 = SURFACE_CURVE('',#4191,(#4195,#4201),.PCURVE_S1.);
#4191 = LINE('',#4192,#4193);
#4192 = CARTESIAN_POINT('',(23.25,-6.,0.65));
#4193 = VECTOR('',#4194,1.);
#4194 = DIRECTION('',(1.,0.,0.));
#4195 = PCURVE('',#675,#4196);
#4196 = DEFINITIONAL_REPRESENTATION('',(#4197),#4200);
#4197 = B_SPLINE_CURVE_WITH_KNOTS('',1,(#4198,#4199),.UNSPECIFIED.,.F.,
  .F.,(2,2),(1.75,5.25),.PIECEWISE_BEZIER_KNOTS.);
#4198 = CARTESIAN_POINT('',(0.,19.));
#4199 = CARTESIAN_POINT('',(3.5,19.));
#4200 = ( GEOMETRIC_REPRESENTATION_CONTEXT(2) 
PARAMETRIC_REPRESENTATION_CONTEXT() REPRESENTATION_CONTEXT('2D SPACE',''
  ) );
#4201 = PCURVE('',#4202,#4207);
#4202 = PLANE('',#4203);
#4203 = AXIS2_PLACEMENT_3D('',#4204,#4205,#4206);
#4204 = CARTESIAN_POINT('',(21.5,-6.,-5.3));
#4205 = DIRECTION('',(0.,1.,0.));
#4206 = DIRECTION('',(0.,0.,1.));
#4207 = DEFINITIONAL_REPRESENTATION('',(#4208),#4211);
#4208 = B_SPLINE_CURVE_WITH_KNOTS('',1,(#4209,#4210),.UNSPECIFIED.,.F.,
  .F.,(2,2),(1.75,5.25),.PIECEWISE_BEZIER_KNOTS.);
#4209 = CARTESIAN_POINT('',(5.95,3.5));
#4210 = CARTESIAN_POINT('',(5.95,7.));
#4211 = ( GEOMETRIC_REPRESENTATION_CONTEXT(2) 
PARAMETRIC_REPRESENTATION_CONTEXT() REPRESENTATION_CONTEXT('2D SPACE',''
  ) );
#4212 = ADVANCED_FACE('',(#4213),#961,.T.);
#4213 = FACE_BOUND('',#4214,.T.);
#4214 = EDGE_LOOP('',(#4215,#4238,#4239,#4240));
#4215 = ORIENTED_EDGE('',*,*,#4216,.T.);
#4216 = EDGE_CURVE('',#4217,#916,#4219,.T.);
#4217 = VERTEX_POINT('',#4218);
#4218 = CARTESIAN_POINT('',(30.,12.76,5.));
#4219 = SURFACE_CURVE('',#4220,(#4224,#4231),.PCURVE_S1.);
#4220 = LINE('',#4221,#4222);
#4221 = CARTESIAN_POINT('',(30.,-25.,5.));
#4222 = VECTOR('',#4223,1.);
#4223 = DIRECTION('',(0.,1.,0.));
#4224 = PCURVE('',#961,#4225);
#4225 = DEFINITIONAL_REPRESENTATION('',(#4226),#4230);
#4226 = LINE('',#4227,#4228);
#4227 = CARTESIAN_POINT('',(6.,0.));
#4228 = VECTOR('',#4229,1.);
#4229 = DIRECTION('',(0.,1.));
#4230 = ( GEOMETRIC_REPRESENTATION_CONTEXT(2) 
PARAMETRIC_REPRESENTATION_CONTEXT() REPRESENTATION_CONTEXT('2D SPACE',''
  ) );
#4231 = PCURVE('',#936,#4232);
#4232 = DEFINITIONAL_REPRESENTATION('',(#4233),#4237);
#4233 = LINE('',#4234,#4235);
#4234 = CARTESIAN_POINT('',(1.570796326795,0.));
#4235 = VECTOR('',#4236,1.);
#4236 = DIRECTION('',(0.,1.));
#4237 = ( GEOMETRIC_REPRESENTATION_CONTEXT(2) 
PARAMETRIC_REPRESENTATION_CONTEXT() REPRESENTATION_CONTEXT('2D SPACE',''
  ) );
#4238 = ORIENTED_EDGE('',*,*,#948,.T.);
#4239 = ORIENTED_EDGE('',*,*,#3981,.F.);
#4240 = ORIENTED_EDGE('',*,*,#4241,.T.);
#4241 = EDGE_CURVE('',#3982,#4217,#4242,.T.);
#4242 = SURFACE_CURVE('',#4243,(#4247,#4253),.PCURVE_S1.);
#4243 = LINE('',#4244,#4245);
#4244 = CARTESIAN_POINT('',(23.245,12.76,5.));
#4245 = VECTOR('',#4246,1.);
#4246 = DIRECTION('',(1.,0.,0.));
#4247 = PCURVE('',#961,#4248);
#4248 = DEFINITIONAL_REPRESENTATION('',(#4249),#4252);
#4249 = B_SPLINE_CURVE_WITH_KNOTS('',1,(#4250,#4251),.UNSPECIFIED.,.F.,
  .F.,(2,2),(3.755,6.755),.PIECEWISE_BEZIER_KNOTS.);
#4250 = CARTESIAN_POINT('',(3.,37.76));
#4251 = CARTESIAN_POINT('',(6.,37.76));
#4252 = ( GEOMETRIC_REPRESENTATION_CONTEXT(2) 
PARAMETRIC_REPRESENTATION_CONTEXT() REPRESENTATION_CONTEXT('2D SPACE',''
  ) );
#4253 = PCURVE('',#2492,#4254);
#4254 = DEFINITIONAL_REPRESENTATION('',(#4255),#4258);
#4255 = B_SPLINE_CURVE_WITH_KNOTS('',1,(#4256,#4257),.UNSPECIFIED.,.F.,
  .F.,(2,2),(3.755,6.755),.PIECEWISE_BEZIER_KNOTS.);
#4256 = CARTESIAN_POINT('',(4.3,4.51));
#4257 = CARTESIAN_POINT('',(4.3,7.51));
#4258 = ( GEOMETRIC_REPRESENTATION_CONTEXT(2) 
PARAMETRIC_REPRESENTATION_CONTEXT() REPRESENTATION_CONTEXT('2D SPACE',''
  ) );
#4259 = ADVANCED_FACE('',(#4260),#701,.T.);
#4260 = FACE_BOUND('',#4261,.T.);
#4261 = EDGE_LOOP('',(#4262,#4285,#4306,#4332,#4351,#4352));
#4262 = ORIENTED_EDGE('',*,*,#4263,.F.);
#4263 = EDGE_CURVE('',#4264,#687,#4266,.T.);
#4264 = VERTEX_POINT('',#4265);
#4265 = CARTESIAN_POINT('',(25.,12.76,5.));
#4266 = SURFACE_CURVE('',#4267,(#4271,#4278),.PCURVE_S1.);
#4267 = LINE('',#4268,#4269);
#4268 = CARTESIAN_POINT('',(25.,-25.,5.));
#4269 = VECTOR('',#4270,1.);
#4270 = DIRECTION('',(0.,1.,0.));
#4271 = PCURVE('',#701,#4272);
#4272 = DEFINITIONAL_REPRESENTATION('',(#4273),#4277);
#4273 = LINE('',#4274,#4275);
#4274 = CARTESIAN_POINT('',(4.35,0.));
#4275 = VECTOR('',#4276,1.);
#4276 = DIRECTION('',(0.,-1.));
#4277 = ( GEOMETRIC_REPRESENTATION_CONTEXT(2) 
PARAMETRIC_REPRESENTATION_CONTEXT() REPRESENTATION_CONTEXT('2D SPACE',''
  ) );
#4278 = PCURVE('',#727,#4279);
#4279 = DEFINITIONAL_REPRESENTATION('',(#4280),#4284);
#4280 = LINE('',#4281,#4282);
#4281 = CARTESIAN_POINT('',(0.,0.));
#4282 = VECTOR('',#4283,1.);
#4283 = DIRECTION('',(0.,1.));
#4284 = ( GEOMETRIC_REPRESENTATION_CONTEXT(2) 
PARAMETRIC_REPRESENTATION_CONTEXT() REPRESENTATION_CONTEXT('2D SPACE',''
  ) );
#4285 = ORIENTED_EDGE('',*,*,#4286,.T.);
#4286 = EDGE_CURVE('',#4264,#4287,#4289,.T.);
#4287 = VERTEX_POINT('',#4288);
#4288 = CARTESIAN_POINT('',(25.,12.76,0.7));
#4289 = SURFACE_CURVE('',#4290,(#4294,#4300),.PCURVE_S1.);
#4290 = LINE('',#4291,#4292);
#4291 = CARTESIAN_POINT('',(25.,12.76,0.675));
#4292 = VECTOR('',#4293,1.);
#4293 = DIRECTION('',(0.,0.,-1.));
#4294 = PCURVE('',#701,#4295);
#4295 = DEFINITIONAL_REPRESENTATION('',(#4296),#4299);
#4296 = B_SPLINE_CURVE_WITH_KNOTS('',1,(#4297,#4298),.UNSPECIFIED.,.F.,
  .F.,(2,2),(-4.325,-2.5E-02),.PIECEWISE_BEZIER_KNOTS.);
#4297 = CARTESIAN_POINT('',(4.35,-37.76));
#4298 = CARTESIAN_POINT('',(5.E-02,-37.76));
#4299 = ( GEOMETRIC_REPRESENTATION_CONTEXT(2) 
PARAMETRIC_REPRESENTATION_CONTEXT() REPRESENTATION_CONTEXT('2D SPACE',''
  ) );
#4300 = PCURVE('',#2492,#4301);
#4301 = DEFINITIONAL_REPRESENTATION('',(#4302),#4305);
#4302 = B_SPLINE_CURVE_WITH_KNOTS('',1,(#4303,#4304),.UNSPECIFIED.,.F.,
  .F.,(2,2),(-4.325,-2.5E-02),.PIECEWISE_BEZIER_KNOTS.);
#4303 = CARTESIAN_POINT('',(4.3,2.51));
#4304 = CARTESIAN_POINT('',(0.,2.51));
#4305 = ( GEOMETRIC_REPRESENTATION_CONTEXT(2) 
PARAMETRIC_REPRESENTATION_CONTEXT() REPRESENTATION_CONTEXT('2D SPACE',''
  ) );
#4306 = ORIENTED_EDGE('',*,*,#4307,.F.);
#4307 = EDGE_CURVE('',#4308,#4287,#4310,.T.);
#4308 = VERTEX_POINT('',#4309);
#4309 = CARTESIAN_POINT('',(25.,6.,0.7));
#4310 = SURFACE_CURVE('',#4311,(#4315,#4321),.PCURVE_S1.);
#4311 = LINE('',#4312,#4313);
#4312 = CARTESIAN_POINT('',(25.,-18.88,0.7));
#4313 = VECTOR('',#4314,1.);
#4314 = DIRECTION('',(0.,1.,0.));
#4315 = PCURVE('',#701,#4316);
#4316 = DEFINITIONAL_REPRESENTATION('',(#4317),#4320);
#4317 = B_SPLINE_CURVE_WITH_KNOTS('',1,(#4318,#4319),.UNSPECIFIED.,.F.,
  .F.,(2,2),(6.12,31.64),.PIECEWISE_BEZIER_KNOTS.);
#4318 = CARTESIAN_POINT('',(5.E-02,-12.24));
#4319 = CARTESIAN_POINT('',(5.E-02,-37.76));
#4320 = ( GEOMETRIC_REPRESENTATION_CONTEXT(2) 
PARAMETRIC_REPRESENTATION_CONTEXT() REPRESENTATION_CONTEXT('2D SPACE',''
  ) );
#4321 = PCURVE('',#4322,#4327);
#4322 = PLANE('',#4323);
#4323 = AXIS2_PLACEMENT_3D('',#4324,#4325,#4326);
#4324 = CARTESIAN_POINT('',(22.49,-12.76,0.7));
#4325 = DIRECTION('',(0.,0.,1.));
#4326 = DIRECTION('',(1.,0.,0.));
#4327 = DEFINITIONAL_REPRESENTATION('',(#4328),#4331);
#4328 = B_SPLINE_CURVE_WITH_KNOTS('',1,(#4329,#4330),.UNSPECIFIED.,.F.,
  .F.,(2,2),(6.12,31.64),.PIECEWISE_BEZIER_KNOTS.);
#4329 = CARTESIAN_POINT('',(2.51,0.));
#4330 = CARTESIAN_POINT('',(2.51,25.52));
#4331 = ( GEOMETRIC_REPRESENTATION_CONTEXT(2) 
PARAMETRIC_REPRESENTATION_CONTEXT() REPRESENTATION_CONTEXT('2D SPACE',''
  ) );
#4332 = ORIENTED_EDGE('',*,*,#4333,.T.);
#4333 = EDGE_CURVE('',#4308,#4120,#4334,.T.);
#4334 = SURFACE_CURVE('',#4335,(#4339,#4345),.PCURVE_S1.);
#4335 = LINE('',#4336,#4337);
#4336 = CARTESIAN_POINT('',(25.,6.,-2.325));
#4337 = VECTOR('',#4338,1.);
#4338 = DIRECTION('',(0.,0.,-1.));
#4339 = PCURVE('',#701,#4340);
#4340 = DEFINITIONAL_REPRESENTATION('',(#4341),#4344);
#4341 = B_SPLINE_CURVE_WITH_KNOTS('',1,(#4342,#4343),.UNSPECIFIED.,.F.,
  .F.,(2,2),(-3.225,-2.975),.PIECEWISE_BEZIER_KNOTS.);
#4342 = CARTESIAN_POINT('',(0.25,-31.));
#4343 = CARTESIAN_POINT('',(0.,-31.));
#4344 = ( GEOMETRIC_REPRESENTATION_CONTEXT(2) 
PARAMETRIC_REPRESENTATION_CONTEXT() REPRESENTATION_CONTEXT('2D SPACE',''
  ) );
#4345 = PCURVE('',#4157,#4346);
#4346 = DEFINITIONAL_REPRESENTATION('',(#4347),#4350);
#4347 = B_SPLINE_CURVE_WITH_KNOTS('',1,(#4348,#4349),.UNSPECIFIED.,.F.,
  .F.,(2,2),(-3.225,-2.975),.PIECEWISE_BEZIER_KNOTS.);
#4348 = CARTESIAN_POINT('',(6.2,3.5));
#4349 = CARTESIAN_POINT('',(5.95,3.5));
#4350 = ( GEOMETRIC_REPRESENTATION_CONTEXT(2) 
PARAMETRIC_REPRESENTATION_CONTEXT() REPRESENTATION_CONTEXT('2D SPACE',''
  ) );
#4351 = ORIENTED_EDGE('',*,*,#4119,.T.);
#4352 = ORIENTED_EDGE('',*,*,#686,.T.);
#4353 = ADVANCED_FACE('',(#4354),#936,.F.);
#4354 = FACE_BOUND('',#4355,.F.);
#4355 = EDGE_LOOP('',(#4356,#4379,#4401,#4402));
#4356 = ORIENTED_EDGE('',*,*,#4357,.F.);
#4357 = EDGE_CURVE('',#4358,#890,#4360,.T.);
#4358 = VERTEX_POINT('',#4359);
#4359 = CARTESIAN_POINT('',(33.,12.76,8.));
#4360 = SURFACE_CURVE('',#4361,(#4365,#4372),.PCURVE_S1.);
#4361 = LINE('',#4362,#4363);
#4362 = CARTESIAN_POINT('',(33.,-25.,8.));
#4363 = VECTOR('',#4364,1.);
#4364 = DIRECTION('',(0.,1.,0.));
#4365 = PCURVE('',#936,#4366);
#4366 = DEFINITIONAL_REPRESENTATION('',(#4367),#4371);
#4367 = LINE('',#4368,#4369);
#4368 = CARTESIAN_POINT('',(0.,0.));
#4369 = VECTOR('',#4370,1.);
#4370 = DIRECTION('',(0.,1.));
#4371 = ( GEOMETRIC_REPRESENTATION_CONTEXT(2) 
PARAMETRIC_REPRESENTATION_CONTEXT() REPRESENTATION_CONTEXT('2D SPACE',''
  ) );
#4372 = PCURVE('',#904,#4373);
#4373 = DEFINITIONAL_REPRESENTATION('',(#4374),#4378);
#4374 = LINE('',#4375,#4376);
#4375 = CARTESIAN_POINT('',(3.,0.));
#4376 = VECTOR('',#4377,1.);
#4377 = DIRECTION('',(0.,-1.));
#4378 = ( GEOMETRIC_REPRESENTATION_CONTEXT(2) 
PARAMETRIC_REPRESENTATION_CONTEXT() REPRESENTATION_CONTEXT('2D SPACE',''
  ) );
#4379 = ORIENTED_EDGE('',*,*,#4380,.T.);
#4380 = EDGE_CURVE('',#4358,#4217,#4381,.T.);
#4381 = SURFACE_CURVE('',#4382,(#4387,#4394),.PCURVE_S1.);
#4382 = CIRCLE('',#4383,3.);
#4383 = AXIS2_PLACEMENT_3D('',#4384,#4385,#4386);
#4384 = CARTESIAN_POINT('',(30.,12.76,8.));
#4385 = DIRECTION('',(0.,1.,0.));
#4386 = DIRECTION('',(1.,0.,-0.));
#4387 = PCURVE('',#936,#4388);
#4388 = DEFINITIONAL_REPRESENTATION('',(#4389),#4393);
#4389 = LINE('',#4390,#4391);
#4390 = CARTESIAN_POINT('',(0.,37.76));
#4391 = VECTOR('',#4392,1.);
#4392 = DIRECTION('',(1.,0.));
#4393 = ( GEOMETRIC_REPRESENTATION_CONTEXT(2) 
PARAMETRIC_REPRESENTATION_CONTEXT() REPRESENTATION_CONTEXT('2D SPACE',''
  ) );
#4394 = PCURVE('',#2492,#4395);
#4395 = DEFINITIONAL_REPRESENTATION('',(#4396),#4400);
#4396 = CIRCLE('',#4397,3.);
#4397 = AXIS2_PLACEMENT_2D('',#4398,#4399);
#4398 = CARTESIAN_POINT('',(7.3,7.51));
#4399 = DIRECTION('',(0.,1.));
#4400 = ( GEOMETRIC_REPRESENTATION_CONTEXT(2) 
PARAMETRIC_REPRESENTATION_CONTEXT() REPRESENTATION_CONTEXT('2D SPACE',''
  ) );
#4401 = ORIENTED_EDGE('',*,*,#4216,.T.);
#4402 = ORIENTED_EDGE('',*,*,#915,.F.);
#4403 = ADVANCED_FACE('',(#4404),#727,.F.);
#4404 = FACE_BOUND('',#4405,.F.);
#4405 = EDGE_LOOP('',(#4406,#4407,#4428,#4449));
#4406 = ORIENTED_EDGE('',*,*,#4263,.F.);
#4407 = ORIENTED_EDGE('',*,*,#4408,.T.);
#4408 = EDGE_CURVE('',#4264,#4409,#4411,.T.);
#4409 = VERTEX_POINT('',#4410);
#4410 = CARTESIAN_POINT('',(27.,12.76,5.));
#4411 = SURFACE_CURVE('',#4412,(#4416,#4422),.PCURVE_S1.);
#4412 = LINE('',#4413,#4414);
#4413 = CARTESIAN_POINT('',(23.745,12.76,5.));
#4414 = VECTOR('',#4415,1.);
#4415 = DIRECTION('',(1.,0.,0.));
#4416 = PCURVE('',#727,#4417);
#4417 = DEFINITIONAL_REPRESENTATION('',(#4418),#4421);
#4418 = B_SPLINE_CURVE_WITH_KNOTS('',1,(#4419,#4420),.UNSPECIFIED.,.F.,
  .F.,(2,2),(1.255,5.255),.PIECEWISE_BEZIER_KNOTS.);
#4419 = CARTESIAN_POINT('',(0.,37.76));
#4420 = CARTESIAN_POINT('',(4.,37.76));
#4421 = ( GEOMETRIC_REPRESENTATION_CONTEXT(2) 
PARAMETRIC_REPRESENTATION_CONTEXT() REPRESENTATION_CONTEXT('2D SPACE',''
  ) );
#4422 = PCURVE('',#2492,#4423);
#4423 = DEFINITIONAL_REPRESENTATION('',(#4424),#4427);
#4424 = B_SPLINE_CURVE_WITH_KNOTS('',1,(#4425,#4426),.UNSPECIFIED.,.F.,
  .F.,(2,2),(1.255,5.255),.PIECEWISE_BEZIER_KNOTS.);
#4425 = CARTESIAN_POINT('',(4.3,2.51));
#4426 = CARTESIAN_POINT('',(4.3,6.51));
#4427 = ( GEOMETRIC_REPRESENTATION_CONTEXT(2) 
PARAMETRIC_REPRESENTATION_CONTEXT() REPRESENTATION_CONTEXT('2D SPACE',''
  ) );
#4428 = ORIENTED_EDGE('',*,*,#4429,.T.);
#4429 = EDGE_CURVE('',#4409,#713,#4430,.T.);
#4430 = SURFACE_CURVE('',#4431,(#4435,#4442),.PCURVE_S1.);
#4431 = LINE('',#4432,#4433);
#4432 = CARTESIAN_POINT('',(27.,-25.,5.));
#4433 = VECTOR('',#4434,1.);
#4434 = DIRECTION('',(0.,1.,0.));
#4435 = PCURVE('',#727,#4436);
#4436 = DEFINITIONAL_REPRESENTATION('',(#4437),#4441);
#4437 = LINE('',#4438,#4439);
#4438 = CARTESIAN_POINT('',(2.,0.));
#4439 = VECTOR('',#4440,1.);
#4440 = DIRECTION('',(0.,1.));
#4441 = ( GEOMETRIC_REPRESENTATION_CONTEXT(2) 
PARAMETRIC_REPRESENTATION_CONTEXT() REPRESENTATION_CONTEXT('2D SPACE',''
  ) );
#4442 = PCURVE('',#759,#4443);
#4443 = DEFINITIONAL_REPRESENTATION('',(#4444),#4448);
#4444 = LINE('',#4445,#4446);
#4445 = CARTESIAN_POINT('',(-1.570796326795,0.));
#4446 = VECTOR('',#4447,1.);
#4447 = DIRECTION('',(-0.,1.));
#4448 = ( GEOMETRIC_REPRESENTATION_CONTEXT(2) 
PARAMETRIC_REPRESENTATION_CONTEXT() REPRESENTATION_CONTEXT('2D SPACE',''
  ) );
#4449 = ORIENTED_EDGE('',*,*,#712,.T.);
#4450 = ADVANCED_FACE('',(#4451),#904,.F.);
#4451 = FACE_BOUND('',#4452,.F.);
#4452 = EDGE_LOOP('',(#4453,#4474,#4475,#4476));
#4453 = ORIENTED_EDGE('',*,*,#4454,.T.);
#4454 = EDGE_CURVE('',#4455,#4358,#4457,.T.);
#4455 = VERTEX_POINT('',#4456);
#4456 = CARTESIAN_POINT('',(33.,12.76,27.));
#4457 = SURFACE_CURVE('',#4458,(#4462,#4468),.PCURVE_S1.);
#4458 = LINE('',#4459,#4460);
#4459 = CARTESIAN_POINT('',(33.,12.76,2.85));
#4460 = VECTOR('',#4461,1.);
#4461 = DIRECTION('',(0.,0.,-1.));
#4462 = PCURVE('',#904,#4463);
#4463 = DEFINITIONAL_REPRESENTATION('',(#4464),#4467);
#4464 = B_SPLINE_CURVE_WITH_KNOTS('',1,(#4465,#4466),.UNSPECIFIED.,.F.,
  .F.,(2,2),(-24.15,-5.15),.PIECEWISE_BEZIER_KNOTS.);
#4465 = CARTESIAN_POINT('',(22.,-37.76));
#4466 = CARTESIAN_POINT('',(3.,-37.76));
#4467 = ( GEOMETRIC_REPRESENTATION_CONTEXT(2) 
PARAMETRIC_REPRESENTATION_CONTEXT() REPRESENTATION_CONTEXT('2D SPACE',''
  ) );
#4468 = PCURVE('',#2492,#4469);
#4469 = DEFINITIONAL_REPRESENTATION('',(#4470),#4473);
#4470 = B_SPLINE_CURVE_WITH_KNOTS('',1,(#4471,#4472),.UNSPECIFIED.,.F.,
  .F.,(2,2),(-24.15,-5.15),.PIECEWISE_BEZIER_KNOTS.);
#4471 = CARTESIAN_POINT('',(26.3,10.51));
#4472 = CARTESIAN_POINT('',(7.3,10.51));
#4473 = ( GEOMETRIC_REPRESENTATION_CONTEXT(2) 
PARAMETRIC_REPRESENTATION_CONTEXT() REPRESENTATION_CONTEXT('2D SPACE',''
  ) );
#4474 = ORIENTED_EDGE('',*,*,#4357,.T.);
#4475 = ORIENTED_EDGE('',*,*,#889,.T.);
#4476 = ORIENTED_EDGE('',*,*,#4477,.F.);
#4477 = EDGE_CURVE('',#4455,#857,#4478,.T.);
#4478 = SURFACE_CURVE('',#4479,(#4483,#4490),.PCURVE_S1.);
#4479 = LINE('',#4480,#4481);
#4480 = CARTESIAN_POINT('',(33.,-25.,27.));
#4481 = VECTOR('',#4482,1.);
#4482 = DIRECTION('',(0.,1.,0.));
#4483 = PCURVE('',#904,#4484);
#4484 = DEFINITIONAL_REPRESENTATION('',(#4485),#4489);
#4485 = LINE('',#4486,#4487);
#4486 = CARTESIAN_POINT('',(22.,0.));
#4487 = VECTOR('',#4488,1.);
#4488 = DIRECTION('',(0.,-1.));
#4489 = ( GEOMETRIC_REPRESENTATION_CONTEXT(2) 
PARAMETRIC_REPRESENTATION_CONTEXT() REPRESENTATION_CONTEXT('2D SPACE',''
  ) );
#4490 = PCURVE('',#877,#4491);
#4491 = DEFINITIONAL_REPRESENTATION('',(#4492),#4496);
#4492 = LINE('',#4493,#4494);
#4493 = CARTESIAN_POINT('',(-0.,0.));
#4494 = VECTOR('',#4495,1.);
#4495 = DIRECTION('',(-0.,1.));
#4496 = ( GEOMETRIC_REPRESENTATION_CONTEXT(2) 
PARAMETRIC_REPRESENTATION_CONTEXT() REPRESENTATION_CONTEXT('2D SPACE',''
  ) );
#4497 = ADVANCED_FACE('',(#4498),#759,.F.);
#4498 = FACE_BOUND('',#4499,.T.);
#4499 = EDGE_LOOP('',(#4500,#4523,#4545,#4546));
#4500 = ORIENTED_EDGE('',*,*,#4501,.F.);
#4501 = EDGE_CURVE('',#4502,#739,#4504,.T.);
#4502 = VERTEX_POINT('',#4503);
#4503 = CARTESIAN_POINT('',(24.,12.76,8.));
#4504 = SURFACE_CURVE('',#4505,(#4509,#4516),.PCURVE_S1.);
#4505 = LINE('',#4506,#4507);
#4506 = CARTESIAN_POINT('',(24.,-25.,8.));
#4507 = VECTOR('',#4508,1.);
#4508 = DIRECTION('',(0.,1.,0.));
#4509 = PCURVE('',#759,#4510);
#4510 = DEFINITIONAL_REPRESENTATION('',(#4511),#4515);
#4511 = LINE('',#4512,#4513);
#4512 = CARTESIAN_POINT('',(-0.,0.));
#4513 = VECTOR('',#4514,1.);
#4514 = DIRECTION('',(-0.,1.));
#4515 = ( GEOMETRIC_REPRESENTATION_CONTEXT(2) 
PARAMETRIC_REPRESENTATION_CONTEXT() REPRESENTATION_CONTEXT('2D SPACE',''
  ) );
#4516 = PCURVE('',#786,#4517);
#4517 = DEFINITIONAL_REPRESENTATION('',(#4518),#4522);
#4518 = LINE('',#4519,#4520);
#4519 = CARTESIAN_POINT('',(3.,0.));
#4520 = VECTOR('',#4521,1.);
#4521 = DIRECTION('',(0.,-1.));
#4522 = ( GEOMETRIC_REPRESENTATION_CONTEXT(2) 
PARAMETRIC_REPRESENTATION_CONTEXT() REPRESENTATION_CONTEXT('2D SPACE',''
  ) );
#4523 = ORIENTED_EDGE('',*,*,#4524,.F.);
#4524 = EDGE_CURVE('',#4409,#4502,#4525,.T.);
#4525 = SURFACE_CURVE('',#4526,(#4531,#4538),.PCURVE_S1.);
#4526 = CIRCLE('',#4527,3.);
#4527 = AXIS2_PLACEMENT_3D('',#4528,#4529,#4530);
#4528 = CARTESIAN_POINT('',(27.,12.76,8.));
#4529 = DIRECTION('',(0.,1.,0.));
#4530 = DIRECTION('',(-1.,0.,0.));
#4531 = PCURVE('',#759,#4532);
#4532 = DEFINITIONAL_REPRESENTATION('',(#4533),#4537);
#4533 = LINE('',#4534,#4535);
#4534 = CARTESIAN_POINT('',(-6.28318530718,37.76));
#4535 = VECTOR('',#4536,1.);
#4536 = DIRECTION('',(1.,-0.));
#4537 = ( GEOMETRIC_REPRESENTATION_CONTEXT(2) 
PARAMETRIC_REPRESENTATION_CONTEXT() REPRESENTATION_CONTEXT('2D SPACE',''
  ) );
#4538 = PCURVE('',#2492,#4539);
#4539 = DEFINITIONAL_REPRESENTATION('',(#4540),#4544);
#4540 = CIRCLE('',#4541,3.);
#4541 = AXIS2_PLACEMENT_2D('',#4542,#4543);
#4542 = CARTESIAN_POINT('',(7.3,4.51));
#4543 = DIRECTION('',(0.,-1.));
#4544 = ( GEOMETRIC_REPRESENTATION_CONTEXT(2) 
PARAMETRIC_REPRESENTATION_CONTEXT() REPRESENTATION_CONTEXT('2D SPACE',''
  ) );
#4545 = ORIENTED_EDGE('',*,*,#4429,.T.);
#4546 = ORIENTED_EDGE('',*,*,#738,.T.);
#4547 = ADVANCED_FACE('',(#4548),#877,.F.);
#4548 = FACE_BOUND('',#4549,.T.);
#4549 = EDGE_LOOP('',(#4550,#4551,#4575,#4596));
#4550 = ORIENTED_EDGE('',*,*,#4477,.F.);
#4551 = ORIENTED_EDGE('',*,*,#4552,.F.);
#4552 = EDGE_CURVE('',#4553,#4455,#4555,.T.);
#4553 = VERTEX_POINT('',#4554);
#4554 = CARTESIAN_POINT('',(30.,12.76,30.));
#4555 = SURFACE_CURVE('',#4556,(#4561,#4568),.PCURVE_S1.);
#4556 = CIRCLE('',#4557,3.);
#4557 = AXIS2_PLACEMENT_3D('',#4558,#4559,#4560);
#4558 = CARTESIAN_POINT('',(30.,12.76,27.));
#4559 = DIRECTION('',(0.,1.,0.));
#4560 = DIRECTION('',(1.,0.,-0.));
#4561 = PCURVE('',#877,#4562);
#4562 = DEFINITIONAL_REPRESENTATION('',(#4563),#4567);
#4563 = LINE('',#4564,#4565);
#4564 = CARTESIAN_POINT('',(-6.28318530718,37.76));
#4565 = VECTOR('',#4566,1.);
#4566 = DIRECTION('',(1.,-0.));
#4567 = ( GEOMETRIC_REPRESENTATION_CONTEXT(2) 
PARAMETRIC_REPRESENTATION_CONTEXT() REPRESENTATION_CONTEXT('2D SPACE',''
  ) );
#4568 = PCURVE('',#2492,#4569);
#4569 = DEFINITIONAL_REPRESENTATION('',(#4570),#4574);
#4570 = CIRCLE('',#4571,3.);
#4571 = AXIS2_PLACEMENT_2D('',#4572,#4573);
#4572 = CARTESIAN_POINT('',(26.3,7.51));
#4573 = DIRECTION('',(0.,1.));
#4574 = ( GEOMETRIC_REPRESENTATION_CONTEXT(2) 
PARAMETRIC_REPRESENTATION_CONTEXT() REPRESENTATION_CONTEXT('2D SPACE',''
  ) );
#4575 = ORIENTED_EDGE('',*,*,#4576,.T.);
#4576 = EDGE_CURVE('',#4553,#831,#4577,.T.);
#4577 = SURFACE_CURVE('',#4578,(#4582,#4589),.PCURVE_S1.);
#4578 = LINE('',#4579,#4580);
#4579 = CARTESIAN_POINT('',(30.,-25.,30.));
#4580 = VECTOR('',#4581,1.);
#4581 = DIRECTION('',(0.,1.,0.));
#4582 = PCURVE('',#877,#4583);
#4583 = DEFINITIONAL_REPRESENTATION('',(#4584),#4588);
#4584 = LINE('',#4585,#4586);
#4585 = CARTESIAN_POINT('',(-1.570796326795,0.));
#4586 = VECTOR('',#4587,1.);
#4587 = DIRECTION('',(-0.,1.));
#4588 = ( GEOMETRIC_REPRESENTATION_CONTEXT(2) 
PARAMETRIC_REPRESENTATION_CONTEXT() REPRESENTATION_CONTEXT('2D SPACE',''
  ) );
#4589 = PCURVE('',#845,#4590);
#4590 = DEFINITIONAL_REPRESENTATION('',(#4591),#4595);
#4591 = LINE('',#4592,#4593);
#4592 = CARTESIAN_POINT('',(6.,0.));
#4593 = VECTOR('',#4594,1.);
#4594 = DIRECTION('',(0.,1.));
#4595 = ( GEOMETRIC_REPRESENTATION_CONTEXT(2) 
PARAMETRIC_REPRESENTATION_CONTEXT() REPRESENTATION_CONTEXT('2D SPACE',''
  ) );
#4596 = ORIENTED_EDGE('',*,*,#856,.T.);
#4597 = ADVANCED_FACE('',(#4598),#786,.T.);
#4598 = FACE_BOUND('',#4599,.T.);
#4599 = EDGE_LOOP('',(#4600,#4621,#4622,#4623));
#4600 = ORIENTED_EDGE('',*,*,#4601,.T.);
#4601 = EDGE_CURVE('',#4602,#4502,#4604,.T.);
#4602 = VERTEX_POINT('',#4603);
#4603 = CARTESIAN_POINT('',(24.,12.76,27.));
#4604 = SURFACE_CURVE('',#4605,(#4609,#4615),.PCURVE_S1.);
#4605 = LINE('',#4606,#4607);
#4606 = CARTESIAN_POINT('',(24.,12.76,2.85));
#4607 = VECTOR('',#4608,1.);
#4608 = DIRECTION('',(0.,0.,-1.));
#4609 = PCURVE('',#786,#4610);
#4610 = DEFINITIONAL_REPRESENTATION('',(#4611),#4614);
#4611 = B_SPLINE_CURVE_WITH_KNOTS('',1,(#4612,#4613),.UNSPECIFIED.,.F.,
  .F.,(2,2),(-24.15,-5.15),.PIECEWISE_BEZIER_KNOTS.);
#4612 = CARTESIAN_POINT('',(22.,-37.76));
#4613 = CARTESIAN_POINT('',(3.,-37.76));
#4614 = ( GEOMETRIC_REPRESENTATION_CONTEXT(2) 
PARAMETRIC_REPRESENTATION_CONTEXT() REPRESENTATION_CONTEXT('2D SPACE',''
  ) );
#4615 = PCURVE('',#2492,#4616);
#4616 = DEFINITIONAL_REPRESENTATION('',(#4617),#4620);
#4617 = B_SPLINE_CURVE_WITH_KNOTS('',1,(#4618,#4619),.UNSPECIFIED.,.F.,
  .F.,(2,2),(-24.15,-5.15),.PIECEWISE_BEZIER_KNOTS.);
#4618 = CARTESIAN_POINT('',(26.3,1.51));
#4619 = CARTESIAN_POINT('',(7.3,1.51));
#4620 = ( GEOMETRIC_REPRESENTATION_CONTEXT(2) 
PARAMETRIC_REPRESENTATION_CONTEXT() REPRESENTATION_CONTEXT('2D SPACE',''
  ) );
#4621 = ORIENTED_EDGE('',*,*,#4501,.T.);
#4622 = ORIENTED_EDGE('',*,*,#771,.T.);
#4623 = ORIENTED_EDGE('',*,*,#4624,.F.);
#4624 = EDGE_CURVE('',#4602,#772,#4625,.T.);
#4625 = SURFACE_CURVE('',#4626,(#4630,#4637),.PCURVE_S1.);
#4626 = LINE('',#4627,#4628);
#4627 = CARTESIAN_POINT('',(24.,-25.,27.));
#4628 = VECTOR('',#4629,1.);
#4629 = DIRECTION('',(0.,1.,0.));
#4630 = PCURVE('',#786,#4631);
#4631 = DEFINITIONAL_REPRESENTATION('',(#4632),#4636);
#4632 = LINE('',#4633,#4634);
#4633 = CARTESIAN_POINT('',(22.,0.));
#4634 = VECTOR('',#4635,1.);
#4635 = DIRECTION('',(0.,-1.));
#4636 = ( GEOMETRIC_REPRESENTATION_CONTEXT(2) 
PARAMETRIC_REPRESENTATION_CONTEXT() REPRESENTATION_CONTEXT('2D SPACE',''
  ) );
#4637 = PCURVE('',#818,#4638);
#4638 = DEFINITIONAL_REPRESENTATION('',(#4639),#4643);
#4639 = LINE('',#4640,#4641);
#4640 = CARTESIAN_POINT('',(0.,0.));
#4641 = VECTOR('',#4642,1.);
#4642 = DIRECTION('',(0.,1.));
#4643 = ( GEOMETRIC_REPRESENTATION_CONTEXT(2) 
PARAMETRIC_REPRESENTATION_CONTEXT() REPRESENTATION_CONTEXT('2D SPACE',''
  ) );
#4644 = ADVANCED_FACE('',(#4645),#845,.F.);
#4645 = FACE_BOUND('',#4646,.F.);
#4646 = EDGE_LOOP('',(#4647,#4648,#4671,#4690));
#4647 = ORIENTED_EDGE('',*,*,#830,.T.);
#4648 = ORIENTED_EDGE('',*,*,#4649,.F.);
#4649 = EDGE_CURVE('',#4650,#798,#4652,.T.);
#4650 = VERTEX_POINT('',#4651);
#4651 = CARTESIAN_POINT('',(27.,12.76,30.));
#4652 = SURFACE_CURVE('',#4653,(#4657,#4664),.PCURVE_S1.);
#4653 = LINE('',#4654,#4655);
#4654 = CARTESIAN_POINT('',(27.,-25.,30.));
#4655 = VECTOR('',#4656,1.);
#4656 = DIRECTION('',(0.,1.,0.));
#4657 = PCURVE('',#845,#4658);
#4658 = DEFINITIONAL_REPRESENTATION('',(#4659),#4663);
#4659 = LINE('',#4660,#4661);
#4660 = CARTESIAN_POINT('',(3.,0.));
#4661 = VECTOR('',#4662,1.);
#4662 = DIRECTION('',(0.,1.));
#4663 = ( GEOMETRIC_REPRESENTATION_CONTEXT(2) 
PARAMETRIC_REPRESENTATION_CONTEXT() REPRESENTATION_CONTEXT('2D SPACE',''
  ) );
#4664 = PCURVE('',#818,#4665);
#4665 = DEFINITIONAL_REPRESENTATION('',(#4666),#4670);
#4666 = LINE('',#4667,#4668);
#4667 = CARTESIAN_POINT('',(1.570796326795,0.));
#4668 = VECTOR('',#4669,1.);
#4669 = DIRECTION('',(0.,1.));
#4670 = ( GEOMETRIC_REPRESENTATION_CONTEXT(2) 
PARAMETRIC_REPRESENTATION_CONTEXT() REPRESENTATION_CONTEXT('2D SPACE',''
  ) );
#4671 = ORIENTED_EDGE('',*,*,#4672,.T.);
#4672 = EDGE_CURVE('',#4650,#4553,#4673,.T.);
#4673 = SURFACE_CURVE('',#4674,(#4678,#4684),.PCURVE_S1.);
#4674 = LINE('',#4675,#4676);
#4675 = CARTESIAN_POINT('',(23.245,12.76,30.));
#4676 = VECTOR('',#4677,1.);
#4677 = DIRECTION('',(1.,0.,0.));
#4678 = PCURVE('',#845,#4679);
#4679 = DEFINITIONAL_REPRESENTATION('',(#4680),#4683);
#4680 = B_SPLINE_CURVE_WITH_KNOTS('',1,(#4681,#4682),.UNSPECIFIED.,.F.,
  .F.,(2,2),(3.755,6.755),.PIECEWISE_BEZIER_KNOTS.);
#4681 = CARTESIAN_POINT('',(3.,37.76));
#4682 = CARTESIAN_POINT('',(6.,37.76));
#4683 = ( GEOMETRIC_REPRESENTATION_CONTEXT(2) 
PARAMETRIC_REPRESENTATION_CONTEXT() REPRESENTATION_CONTEXT('2D SPACE',''
  ) );
#4684 = PCURVE('',#2492,#4685);
#4685 = DEFINITIONAL_REPRESENTATION('',(#4686),#4689);
#4686 = B_SPLINE_CURVE_WITH_KNOTS('',1,(#4687,#4688),.UNSPECIFIED.,.F.,
  .F.,(2,2),(3.755,6.755),.PIECEWISE_BEZIER_KNOTS.);
#4687 = CARTESIAN_POINT('',(29.3,4.51));
#4688 = CARTESIAN_POINT('',(29.3,7.51));
#4689 = ( GEOMETRIC_REPRESENTATION_CONTEXT(2) 
PARAMETRIC_REPRESENTATION_CONTEXT() REPRESENTATION_CONTEXT('2D SPACE',''
  ) );
#4690 = ORIENTED_EDGE('',*,*,#4576,.T.);
#4691 = ADVANCED_FACE('',(#4692),#818,.F.);
#4692 = FACE_BOUND('',#4693,.F.);
#4693 = EDGE_LOOP('',(#4694,#4695,#4717,#4718));
#4694 = ORIENTED_EDGE('',*,*,#4624,.F.);
#4695 = ORIENTED_EDGE('',*,*,#4696,.T.);
#4696 = EDGE_CURVE('',#4602,#4650,#4697,.T.);
#4697 = SURFACE_CURVE('',#4698,(#4703,#4710),.PCURVE_S1.);
#4698 = CIRCLE('',#4699,3.);
#4699 = AXIS2_PLACEMENT_3D('',#4700,#4701,#4702);
#4700 = CARTESIAN_POINT('',(27.,12.76,27.));
#4701 = DIRECTION('',(0.,1.,0.));
#4702 = DIRECTION('',(-1.,0.,0.));
#4703 = PCURVE('',#818,#4704);
#4704 = DEFINITIONAL_REPRESENTATION('',(#4705),#4709);
#4705 = LINE('',#4706,#4707);
#4706 = CARTESIAN_POINT('',(0.,37.76));
#4707 = VECTOR('',#4708,1.);
#4708 = DIRECTION('',(1.,0.));
#4709 = ( GEOMETRIC_REPRESENTATION_CONTEXT(2) 
PARAMETRIC_REPRESENTATION_CONTEXT() REPRESENTATION_CONTEXT('2D SPACE',''
  ) );
#4710 = PCURVE('',#2492,#4711);
#4711 = DEFINITIONAL_REPRESENTATION('',(#4712),#4716);
#4712 = CIRCLE('',#4713,3.);
#4713 = AXIS2_PLACEMENT_2D('',#4714,#4715);
#4714 = CARTESIAN_POINT('',(26.3,4.51));
#4715 = DIRECTION('',(0.,-1.));
#4716 = ( GEOMETRIC_REPRESENTATION_CONTEXT(2) 
PARAMETRIC_REPRESENTATION_CONTEXT() REPRESENTATION_CONTEXT('2D SPACE',''
  ) );
#4717 = ORIENTED_EDGE('',*,*,#4649,.T.);
#4718 = ORIENTED_EDGE('',*,*,#797,.F.);
#4719 = ADVANCED_FACE('',(#4720),#993,.F.);
#4720 = FACE_BOUND('',#4721,.F.);
#4721 = EDGE_LOOP('',(#4722,#4745,#4746,#4767,#4795,#4823));
#4722 = ORIENTED_EDGE('',*,*,#4723,.T.);
#4723 = EDGE_CURVE('',#4724,#976,#4726,.T.);
#4724 = VERTEX_POINT('',#4725);
#4725 = CARTESIAN_POINT('',(22.,-9.,-3.209090909091));
#4726 = SURFACE_CURVE('',#4727,(#4731,#4738),.PCURVE_S1.);
#4727 = LINE('',#4728,#4729);
#4728 = CARTESIAN_POINT('',(22.,-9.,-3.45));
#4729 = VECTOR('',#4730,1.);
#4730 = DIRECTION('',(0.,0.,1.));
#4731 = PCURVE('',#993,#4732);
#4732 = DEFINITIONAL_REPRESENTATION('',(#4733),#4737);
#4733 = LINE('',#4734,#4735);
#4734 = CARTESIAN_POINT('',(-0.412997928946,-1.));
#4735 = VECTOR('',#4736,1.);
#4736 = DIRECTION('',(1.,0.));
#4737 = ( GEOMETRIC_REPRESENTATION_CONTEXT(2) 
PARAMETRIC_REPRESENTATION_CONTEXT() REPRESENTATION_CONTEXT('2D SPACE',''
  ) );
#4738 = PCURVE('',#1020,#4739);
#4739 = DEFINITIONAL_REPRESENTATION('',(#4740),#4744);
#4740 = LINE('',#4741,#4742);
#4741 = CARTESIAN_POINT('',(0.,12.));
#4742 = VECTOR('',#4743,1.);
#4743 = DIRECTION('',(1.,0.));
#4744 = ( GEOMETRIC_REPRESENTATION_CONTEXT(2) 
PARAMETRIC_REPRESENTATION_CONTEXT() REPRESENTATION_CONTEXT('2D SPACE',''
  ) );
#4745 = ORIENTED_EDGE('',*,*,#975,.T.);
#4746 = ORIENTED_EDGE('',*,*,#4747,.T.);
#4747 = EDGE_CURVE('',#978,#4748,#4750,.T.);
#4748 = VERTEX_POINT('',#4749);
#4749 = CARTESIAN_POINT('',(22.,-10.46887112585,-4.17477977118));
#4750 = SURFACE_CURVE('',#4751,(#4755,#4761),.PCURVE_S1.);
#4751 = LINE('',#4752,#4753);
#4752 = CARTESIAN_POINT('',(22.,-10.46887112585,-4.3));
#4753 = VECTOR('',#4754,1.);
#4754 = DIRECTION('',(-0.,-0.,-1.));
#4755 = PCURVE('',#993,#4756);
#4756 = DEFINITIONAL_REPRESENTATION('',(#4757),#4760);
#4757 = B_SPLINE_CURVE_WITH_KNOTS('',1,(#4758,#4759),.UNSPECIFIED.,.F.,
  .F.,(2,2),(-2.1000006,5.999999999062E-07),.PIECEWISE_BEZIER_KNOTS.);
#4758 = CARTESIAN_POINT('',(0.837002671054,0.468871125851));
#4759 = CARTESIAN_POINT('',(-1.262998528946,0.468871125851));
#4760 = ( GEOMETRIC_REPRESENTATION_CONTEXT(2) 
PARAMETRIC_REPRESENTATION_CONTEXT() REPRESENTATION_CONTEXT('2D SPACE',''
  ) );
#4761 = PCURVE('',#1785,#4762);
#4762 = DEFINITIONAL_REPRESENTATION('',(#4763),#4766);
#4763 = B_SPLINE_CURVE_WITH_KNOTS('',1,(#4764,#4765),.UNSPECIFIED.,.F.,
  .F.,(2,2),(-2.,-0.125220228819),.PIECEWISE_BEZIER_KNOTS.);
#4764 = CARTESIAN_POINT('',(-2.031350318476,-2.));
#4765 = CARTESIAN_POINT('',(-2.031350318476,-0.125220228819));
#4766 = ( GEOMETRIC_REPRESENTATION_CONTEXT(2) 
PARAMETRIC_REPRESENTATION_CONTEXT() REPRESENTATION_CONTEXT('2D SPACE',''
  ) );
#4767 = ORIENTED_EDGE('',*,*,#4768,.T.);
#4768 = EDGE_CURVE('',#4748,#4769,#4771,.T.);
#4769 = VERTEX_POINT('',#4770);
#4770 = CARTESIAN_POINT('',(22.,-10.4,-4.3));
#4771 = SURFACE_CURVE('',#4772,(#4776,#4783),.PCURVE_S1.);
#4772 = LINE('',#4773,#4774);
#4773 = CARTESIAN_POINT('',(22.,-11.5,-2.3));
#4774 = VECTOR('',#4775,1.);
#4775 = DIRECTION('',(0.,0.481918749772,-0.876215908677));
#4776 = PCURVE('',#993,#4777);
#4777 = DEFINITIONAL_REPRESENTATION('',(#4778),#4782);
#4778 = LINE('',#4779,#4780);
#4779 = CARTESIAN_POINT('',(0.737002071054,1.5));
#4780 = VECTOR('',#4781,1.);
#4781 = DIRECTION('',(-0.876215908677,-0.481918749772));
#4782 = ( GEOMETRIC_REPRESENTATION_CONTEXT(2) 
PARAMETRIC_REPRESENTATION_CONTEXT() REPRESENTATION_CONTEXT('2D SPACE',''
  ) );
#4783 = PCURVE('',#4784,#4789);
#4784 = PLANE('',#4785);
#4785 = AXIS2_PLACEMENT_3D('',#4786,#4787,#4788);
#4786 = CARTESIAN_POINT('',(22.,-11.5,-2.3));
#4787 = DIRECTION('',(-0.,0.876215908677,0.481918749772));
#4788 = DIRECTION('',(0.,0.481918749772,-0.876215908677));
#4789 = DEFINITIONAL_REPRESENTATION('',(#4790),#4794);
#4790 = LINE('',#4791,#4792);
#4791 = CARTESIAN_POINT('',(0.,0.));
#4792 = VECTOR('',#4793,1.);
#4793 = DIRECTION('',(1.,0.));
#4794 = ( GEOMETRIC_REPRESENTATION_CONTEXT(2) 
PARAMETRIC_REPRESENTATION_CONTEXT() REPRESENTATION_CONTEXT('2D SPACE',''
  ) );
#4795 = ORIENTED_EDGE('',*,*,#4796,.T.);
#4796 = EDGE_CURVE('',#4769,#4797,#4799,.T.);
#4797 = VERTEX_POINT('',#4798);
#4798 = CARTESIAN_POINT('',(22.,-9.6,-4.3));
#4799 = SURFACE_CURVE('',#4800,(#4804,#4811),.PCURVE_S1.);
#4800 = LINE('',#4801,#4802);
#4801 = CARTESIAN_POINT('',(22.,-10.4,-4.3));
#4802 = VECTOR('',#4803,1.);
#4803 = DIRECTION('',(0.,1.,0.));
#4804 = PCURVE('',#993,#4805);
#4805 = DEFINITIONAL_REPRESENTATION('',(#4806),#4810);
#4806 = LINE('',#4807,#4808);
#4807 = CARTESIAN_POINT('',(-1.262997928946,0.4));
#4808 = VECTOR('',#4809,1.);
#4809 = DIRECTION('',(0.,-1.));
#4810 = ( GEOMETRIC_REPRESENTATION_CONTEXT(2) 
PARAMETRIC_REPRESENTATION_CONTEXT() REPRESENTATION_CONTEXT('2D SPACE',''
  ) );
#4811 = PCURVE('',#4812,#4817);
#4812 = PLANE('',#4813);
#4813 = AXIS2_PLACEMENT_3D('',#4814,#4815,#4816);
#4814 = CARTESIAN_POINT('',(22.,-10.4,-4.3));
#4815 = DIRECTION('',(0.,0.,1.));
#4816 = DIRECTION('',(0.,1.,0.));
#4817 = DEFINITIONAL_REPRESENTATION('',(#4818),#4822);
#4818 = LINE('',#4819,#4820);
#4819 = CARTESIAN_POINT('',(0.,0.));
#4820 = VECTOR('',#4821,1.);
#4821 = DIRECTION('',(1.,0.));
#4822 = ( GEOMETRIC_REPRESENTATION_CONTEXT(2) 
PARAMETRIC_REPRESENTATION_CONTEXT() REPRESENTATION_CONTEXT('2D SPACE',''
  ) );
#4823 = ORIENTED_EDGE('',*,*,#4824,.T.);
#4824 = EDGE_CURVE('',#4797,#4724,#4825,.T.);
#4825 = SURFACE_CURVE('',#4826,(#4830,#4837),.PCURVE_S1.);
#4826 = LINE('',#4827,#4828);
#4827 = CARTESIAN_POINT('',(22.,-9.6,-4.3));
#4828 = VECTOR('',#4829,1.);
#4829 = DIRECTION('',(0.,0.481918749772,0.876215908677));
#4830 = PCURVE('',#993,#4831);
#4831 = DEFINITIONAL_REPRESENTATION('',(#4832),#4836);
#4832 = LINE('',#4833,#4834);
#4833 = CARTESIAN_POINT('',(-1.262997928946,-0.4));
#4834 = VECTOR('',#4835,1.);
#4835 = DIRECTION('',(0.876215908677,-0.481918749772));
#4836 = ( GEOMETRIC_REPRESENTATION_CONTEXT(2) 
PARAMETRIC_REPRESENTATION_CONTEXT() REPRESENTATION_CONTEXT('2D SPACE',''
  ) );
#4837 = PCURVE('',#1673,#4838);
#4838 = DEFINITIONAL_REPRESENTATION('',(#4839),#4843);
#4839 = LINE('',#4840,#4841);
#4840 = CARTESIAN_POINT('',(0.,0.));
#4841 = VECTOR('',#4842,1.);
#4842 = DIRECTION('',(1.,0.));
#4843 = ( GEOMETRIC_REPRESENTATION_CONTEXT(2) 
PARAMETRIC_REPRESENTATION_CONTEXT() REPRESENTATION_CONTEXT('2D SPACE',''
  ) );
#4844 = ADVANCED_FACE('',(#4845),#1785,.T.);
#4845 = FACE_BOUND('',#4846,.F.);
#4846 = EDGE_LOOP('',(#4847,#4848,#4876,#4900,#4925));
#4847 = ORIENTED_EDGE('',*,*,#1770,.T.);
#4848 = ORIENTED_EDGE('',*,*,#4849,.T.);
#4849 = EDGE_CURVE('',#1743,#4850,#4852,.T.);
#4850 = VERTEX_POINT('',#4851);
#4851 = CARTESIAN_POINT('',(25.854723699099,-10.4,-4.3));
#4852 = SURFACE_CURVE('',#4853,(#4858,#4869),.PCURVE_S1.);
#4853 = ELLIPSE('',#4854,9.337673626784,4.5);
#4854 = AXIS2_PLACEMENT_3D('',#4855,#4856,#4857);
#4855 = CARTESIAN_POINT('',(24.,-14.5,3.154545454545));
#4856 = DIRECTION('',(0.,0.876215908677,0.481918749772));
#4857 = DIRECTION('',(0.,0.481918749772,-0.876215908677));
#4858 = PCURVE('',#1785,#4859);
#4859 = DEFINITIONAL_REPRESENTATION('',(#4860),#4868);
#4860 = B_SPLINE_CURVE_WITH_KNOTS('',6,(#4861,#4862,#4863,#4864,#4865,
    #4866,#4867),.UNSPECIFIED.,.F.,.F.,(7,7),(5.442116636612,
    5.858360879701),.PIECEWISE_BEZIER_KNOTS.);
#4861 = CARTESIAN_POINT('',(-7.012912963407,-2.000000000234));
#4862 = CARTESIAN_POINT('',(-7.082287003921,-1.576931627819));
#4863 = CARTESIAN_POINT('',(-7.151661044436,-1.185364943156));
#4864 = CARTESIAN_POINT('',(-7.221035084951,-0.828964913281));
#4865 = CARTESIAN_POINT('',(-7.290409125466,-0.510942023801));
#4866 = CARTESIAN_POINT('',(-7.359783165981,-0.233944867355));
#4867 = CARTESIAN_POINT('',(-7.429157206496,1.192858442993E-13));
#4868 = ( GEOMETRIC_REPRESENTATION_CONTEXT(2) 
PARAMETRIC_REPRESENTATION_CONTEXT() REPRESENTATION_CONTEXT('2D SPACE',''
  ) );
#4869 = PCURVE('',#1758,#4870);
#4870 = DEFINITIONAL_REPRESENTATION('',(#4871),#4875);
#4871 = ELLIPSE('',#4872,9.337673626784,4.5);
#4872 = AXIS2_PLACEMENT_2D('',#4873,#4874);
#4873 = CARTESIAN_POINT('',(-6.225115751189,-2.));
#4874 = DIRECTION('',(1.,0.));
#4875 = ( GEOMETRIC_REPRESENTATION_CONTEXT(2) 
PARAMETRIC_REPRESENTATION_CONTEXT() REPRESENTATION_CONTEXT('2D SPACE',''
  ) );
#4876 = ORIENTED_EDGE('',*,*,#4877,.F.);
#4877 = EDGE_CURVE('',#4878,#4850,#4880,.T.);
#4878 = VERTEX_POINT('',#4879);
#4879 = CARTESIAN_POINT('',(22.145276300901,-10.4,-4.3));
#4880 = SURFACE_CURVE('',#4881,(#4886,#4893),.PCURVE_S1.);
#4881 = CIRCLE('',#4882,4.5);
#4882 = AXIS2_PLACEMENT_3D('',#4883,#4884,#4885);
#4883 = CARTESIAN_POINT('',(24.,-14.5,-4.3));
#4884 = DIRECTION('',(0.,0.,1.));
#4885 = DIRECTION('',(-0.412160822022,0.911111111111,0.));
#4886 = PCURVE('',#1785,#4887);
#4887 = DEFINITIONAL_REPRESENTATION('',(#4888),#4892);
#4888 = LINE('',#4889,#4890);
#4889 = CARTESIAN_POINT('',(-1.995620754274,0.));
#4890 = VECTOR('',#4891,1.);
#4891 = DIRECTION('',(-1.,0.));
#4892 = ( GEOMETRIC_REPRESENTATION_CONTEXT(2) 
PARAMETRIC_REPRESENTATION_CONTEXT() REPRESENTATION_CONTEXT('2D SPACE',''
  ) );
#4893 = PCURVE('',#4812,#4894);
#4894 = DEFINITIONAL_REPRESENTATION('',(#4895),#4899);
#4895 = CIRCLE('',#4896,4.5);
#4896 = AXIS2_PLACEMENT_2D('',#4897,#4898);
#4897 = CARTESIAN_POINT('',(-4.1,-2.));
#4898 = DIRECTION('',(0.911111111111,0.412160822022));
#4899 = ( GEOMETRIC_REPRESENTATION_CONTEXT(2) 
PARAMETRIC_REPRESENTATION_CONTEXT() REPRESENTATION_CONTEXT('2D SPACE',''
  ) );
#4900 = ORIENTED_EDGE('',*,*,#4901,.T.);
#4901 = EDGE_CURVE('',#4878,#4748,#4902,.T.);
#4902 = SURFACE_CURVE('',#4903,(#4908,#4918),.PCURVE_S1.);
#4903 = ELLIPSE('',#4904,9.337673626784,4.5);
#4904 = AXIS2_PLACEMENT_3D('',#4905,#4906,#4907);
#4905 = CARTESIAN_POINT('',(24.,-14.5,3.154545454545));
#4906 = DIRECTION('',(0.,0.876215908677,0.481918749772));
#4907 = DIRECTION('',(0.,0.481918749772,-0.876215908677));
#4908 = PCURVE('',#1785,#4909);
#4909 = DEFINITIONAL_REPRESENTATION('',(#4910),#4917);
#4910 = B_SPLINE_CURVE_WITH_KNOTS('',5,(#4911,#4912,#4913,#4914,#4915,
    #4916),.UNSPECIFIED.,.F.,.F.,(6,6),(0.424824427479,0.460553991681),
  .PIECEWISE_BEZIER_KNOTS.);
#4911 = CARTESIAN_POINT('',(-1.995620754274,4.34948152309E-14));
#4912 = CARTESIAN_POINT('',(-2.002766667114,-2.409762526701E-02));
#4913 = CARTESIAN_POINT('',(-2.009912579955,-4.867106824364E-02));
#4914 = CARTESIAN_POINT('',(-2.017058492795,-7.371776924649E-02));
#4915 = CARTESIAN_POINT('',(-2.024204405636,-9.923506576537E-02));
#4916 = CARTESIAN_POINT('',(-2.031350318476,-0.125220194778));
#4917 = ( GEOMETRIC_REPRESENTATION_CONTEXT(2) 
PARAMETRIC_REPRESENTATION_CONTEXT() REPRESENTATION_CONTEXT('2D SPACE',''
  ) );
#4918 = PCURVE('',#4784,#4919);
#4919 = DEFINITIONAL_REPRESENTATION('',(#4920),#4924);
#4920 = ELLIPSE('',#4921,9.337673626784,4.5);
#4921 = AXIS2_PLACEMENT_2D('',#4922,#4923);
#4922 = CARTESIAN_POINT('',(-6.225115751189,-2.));
#4923 = DIRECTION('',(1.,0.));
#4924 = ( GEOMETRIC_REPRESENTATION_CONTEXT(2) 
PARAMETRIC_REPRESENTATION_CONTEXT() REPRESENTATION_CONTEXT('2D SPACE',''
  ) );
#4925 = ORIENTED_EDGE('',*,*,#4747,.F.);
#4926 = ADVANCED_FACE('',(#4927),#1758,.F.);
#4927 = FACE_BOUND('',#4928,.F.);
#4928 = EDGE_LOOP('',(#4929,#4930,#4931,#4959));
#4929 = ORIENTED_EDGE('',*,*,#4849,.F.);
#4930 = ORIENTED_EDGE('',*,*,#1742,.T.);
#4931 = ORIENTED_EDGE('',*,*,#4932,.F.);
#4932 = EDGE_CURVE('',#4933,#1714,#4935,.T.);
#4933 = VERTEX_POINT('',#4934);
#4934 = CARTESIAN_POINT('',(32.145276300901,-10.4,-4.3));
#4935 = SURFACE_CURVE('',#4936,(#4941,#4948),.PCURVE_S1.);
#4936 = ELLIPSE('',#4937,9.337673626784,4.5);
#4937 = AXIS2_PLACEMENT_3D('',#4938,#4939,#4940);
#4938 = CARTESIAN_POINT('',(34.,-14.5,3.154545454545));
#4939 = DIRECTION('',(0.,0.876215908677,0.481918749772));
#4940 = DIRECTION('',(0.,0.481918749772,-0.876215908677));
#4941 = PCURVE('',#1758,#4942);
#4942 = DEFINITIONAL_REPRESENTATION('',(#4943),#4947);
#4943 = ELLIPSE('',#4944,9.337673626784,4.5);
#4944 = AXIS2_PLACEMENT_2D('',#4945,#4946);
#4945 = CARTESIAN_POINT('',(-6.225115751189,-12.));
#4946 = DIRECTION('',(1.,0.));
#4947 = ( GEOMETRIC_REPRESENTATION_CONTEXT(2) 
PARAMETRIC_REPRESENTATION_CONTEXT() REPRESENTATION_CONTEXT('2D SPACE',''
  ) );
#4948 = PCURVE('',#1730,#4949);
#4949 = DEFINITIONAL_REPRESENTATION('',(#4950),#4958);
#4950 = B_SPLINE_CURVE_WITH_KNOTS('',6,(#4951,#4952,#4953,#4954,#4955,
    #4956,#4957),.UNSPECIFIED.,.F.,.F.,(7,7),(0.424824427479,
    0.841068670568),.PIECEWISE_BEZIER_KNOTS.);
#4951 = CARTESIAN_POINT('',(-1.995620754274,6.191461929059E-14));
#4952 = CARTESIAN_POINT('',(-2.064994794789,-0.233944867355));
#4953 = CARTESIAN_POINT('',(-2.134368835304,-0.510942023801));
#4954 = CARTESIAN_POINT('',(-2.203742875818,-0.828964913281));
#4955 = CARTESIAN_POINT('',(-2.273116916333,-1.185364943156));
#4956 = CARTESIAN_POINT('',(-2.342490956848,-1.576931627819));
#4957 = CARTESIAN_POINT('',(-2.411864997363,-2.000000000234));
#4958 = ( GEOMETRIC_REPRESENTATION_CONTEXT(2) 
PARAMETRIC_REPRESENTATION_CONTEXT() REPRESENTATION_CONTEXT('2D SPACE',''
  ) );
#4959 = ORIENTED_EDGE('',*,*,#4960,.F.);
#4960 = EDGE_CURVE('',#4850,#4933,#4961,.T.);
#4961 = SURFACE_CURVE('',#4962,(#4966,#4973),.PCURVE_S1.);
#4962 = LINE('',#4963,#4964);
#4963 = CARTESIAN_POINT('',(22.,-10.4,-4.3));
#4964 = VECTOR('',#4965,1.);
#4965 = DIRECTION('',(1.,0.,0.));
#4966 = PCURVE('',#1758,#4967);
#4967 = DEFINITIONAL_REPRESENTATION('',(#4968),#4972);
#4968 = LINE('',#4969,#4970);
#4969 = CARTESIAN_POINT('',(2.282542442103,0.));
#4970 = VECTOR('',#4971,1.);
#4971 = DIRECTION('',(0.,-1.));
#4972 = ( GEOMETRIC_REPRESENTATION_CONTEXT(2) 
PARAMETRIC_REPRESENTATION_CONTEXT() REPRESENTATION_CONTEXT('2D SPACE',''
  ) );
#4973 = PCURVE('',#4812,#4974);
#4974 = DEFINITIONAL_REPRESENTATION('',(#4975),#4979);
#4975 = LINE('',#4976,#4977);
#4976 = CARTESIAN_POINT('',(0.,0.));
#4977 = VECTOR('',#4978,1.);
#4978 = DIRECTION('',(0.,-1.));
#4979 = ( GEOMETRIC_REPRESENTATION_CONTEXT(2) 
PARAMETRIC_REPRESENTATION_CONTEXT() REPRESENTATION_CONTEXT('2D SPACE',''
  ) );
#4980 = ADVANCED_FACE('',(#4981),#1730,.T.);
#4981 = FACE_BOUND('',#4982,.F.);
#4982 = EDGE_LOOP('',(#4983,#4984,#5005,#5027));
#4983 = ORIENTED_EDGE('',*,*,#1713,.T.);
#4984 = ORIENTED_EDGE('',*,*,#4985,.T.);
#4985 = EDGE_CURVE('',#1686,#4986,#4988,.T.);
#4986 = VERTEX_POINT('',#4987);
#4987 = CARTESIAN_POINT('',(35.,-10.1125178063,-4.3));
#4988 = SURFACE_CURVE('',#4989,(#4993,#4999),.PCURVE_S1.);
#4989 = LINE('',#4990,#4991);
#4990 = CARTESIAN_POINT('',(35.,-10.1125178063,-4.3));
#4991 = VECTOR('',#4992,1.);
#4992 = DIRECTION('',(-0.,-0.,-1.));
#4993 = PCURVE('',#1730,#4994);
#4994 = DEFINITIONAL_REPRESENTATION('',(#4995),#4998);
#4995 = B_SPLINE_CURVE_WITH_KNOTS('',1,(#4996,#4997),.UNSPECIFIED.,.F.,
  .F.,(2,2),(-2.,0.),.PIECEWISE_BEZIER_KNOTS.);
#4996 = CARTESIAN_POINT('',(-7.629888541673,-2.));
#4997 = CARTESIAN_POINT('',(-7.629888541673,0.));
#4998 = ( GEOMETRIC_REPRESENTATION_CONTEXT(2) 
PARAMETRIC_REPRESENTATION_CONTEXT() REPRESENTATION_CONTEXT('2D SPACE',''
  ) );
#4999 = PCURVE('',#1701,#5000);
#5000 = DEFINITIONAL_REPRESENTATION('',(#5001),#5004);
#5001 = B_SPLINE_CURVE_WITH_KNOTS('',1,(#5002,#5003),.UNSPECIFIED.,.F.,
  .F.,(2,2),(-2.1000006,5.999999999062E-07),.PIECEWISE_BEZIER_KNOTS.);
#5002 = CARTESIAN_POINT('',(0.837002671054,0.112517806304));
#5003 = CARTESIAN_POINT('',(-1.262998528946,0.112517806304));
#5004 = ( GEOMETRIC_REPRESENTATION_CONTEXT(2) 
PARAMETRIC_REPRESENTATION_CONTEXT() REPRESENTATION_CONTEXT('2D SPACE',''
  ) );
#5005 = ORIENTED_EDGE('',*,*,#5006,.F.);
#5006 = EDGE_CURVE('',#4933,#4986,#5007,.T.);
#5007 = SURFACE_CURVE('',#5008,(#5013,#5020),.PCURVE_S1.);
#5008 = CIRCLE('',#5009,4.5);
#5009 = AXIS2_PLACEMENT_3D('',#5010,#5011,#5012);
#5010 = CARTESIAN_POINT('',(34.,-14.5,-4.3));
#5011 = DIRECTION('',(0.,0.,1.));
#5012 = DIRECTION('',(-0.412160822022,0.911111111111,0.));
#5013 = PCURVE('',#1730,#5014);
#5014 = DEFINITIONAL_REPRESENTATION('',(#5015),#5019);
#5015 = LINE('',#5016,#5017);
#5016 = CARTESIAN_POINT('',(-1.995620754274,0.));
#5017 = VECTOR('',#5018,1.);
#5018 = DIRECTION('',(-1.,0.));
#5019 = ( GEOMETRIC_REPRESENTATION_CONTEXT(2) 
PARAMETRIC_REPRESENTATION_CONTEXT() REPRESENTATION_CONTEXT('2D SPACE',''
  ) );
#5020 = PCURVE('',#4812,#5021);
#5021 = DEFINITIONAL_REPRESENTATION('',(#5022),#5026);
#5022 = CIRCLE('',#5023,4.5);
#5023 = AXIS2_PLACEMENT_2D('',#5024,#5025);
#5024 = CARTESIAN_POINT('',(-4.1,-12.));
#5025 = DIRECTION('',(0.911111111111,0.412160822022));
#5026 = ( GEOMETRIC_REPRESENTATION_CONTEXT(2) 
PARAMETRIC_REPRESENTATION_CONTEXT() REPRESENTATION_CONTEXT('2D SPACE',''
  ) );
#5027 = ORIENTED_EDGE('',*,*,#4932,.T.);
#5028 = ADVANCED_FACE('',(#5029),#1701,.T.);
#5029 = FACE_BOUND('',#5030,.T.);
#5030 = EDGE_LOOP('',(#5031,#5032,#5033,#5056));
#5031 = ORIENTED_EDGE('',*,*,#1685,.T.);
#5032 = ORIENTED_EDGE('',*,*,#4985,.T.);
#5033 = ORIENTED_EDGE('',*,*,#5034,.T.);
#5034 = EDGE_CURVE('',#4986,#5035,#5037,.T.);
#5035 = VERTEX_POINT('',#5036);
#5036 = CARTESIAN_POINT('',(35.,-9.6,-4.3));
#5037 = SURFACE_CURVE('',#5038,(#5042,#5049),.PCURVE_S1.);
#5038 = LINE('',#5039,#5040);
#5039 = CARTESIAN_POINT('',(35.,-10.4,-4.3));
#5040 = VECTOR('',#5041,1.);
#5041 = DIRECTION('',(0.,1.,0.));
#5042 = PCURVE('',#1701,#5043);
#5043 = DEFINITIONAL_REPRESENTATION('',(#5044),#5048);
#5044 = LINE('',#5045,#5046);
#5045 = CARTESIAN_POINT('',(-1.262997928946,0.4));
#5046 = VECTOR('',#5047,1.);
#5047 = DIRECTION('',(0.,-1.));
#5048 = ( GEOMETRIC_REPRESENTATION_CONTEXT(2) 
PARAMETRIC_REPRESENTATION_CONTEXT() REPRESENTATION_CONTEXT('2D SPACE',''
  ) );
#5049 = PCURVE('',#4812,#5050);
#5050 = DEFINITIONAL_REPRESENTATION('',(#5051),#5055);
#5051 = LINE('',#5052,#5053);
#5052 = CARTESIAN_POINT('',(0.,-13.));
#5053 = VECTOR('',#5054,1.);
#5054 = DIRECTION('',(1.,0.));
#5055 = ( GEOMETRIC_REPRESENTATION_CONTEXT(2) 
PARAMETRIC_REPRESENTATION_CONTEXT() REPRESENTATION_CONTEXT('2D SPACE',''
  ) );
#5056 = ORIENTED_EDGE('',*,*,#5057,.T.);
#5057 = EDGE_CURVE('',#5035,#1658,#5058,.T.);
#5058 = SURFACE_CURVE('',#5059,(#5063,#5070),.PCURVE_S1.);
#5059 = LINE('',#5060,#5061);
#5060 = CARTESIAN_POINT('',(35.,-9.6,-4.3));
#5061 = VECTOR('',#5062,1.);
#5062 = DIRECTION('',(0.,0.481918749772,0.876215908677));
#5063 = PCURVE('',#1701,#5064);
#5064 = DEFINITIONAL_REPRESENTATION('',(#5065),#5069);
#5065 = LINE('',#5066,#5067);
#5066 = CARTESIAN_POINT('',(-1.262997928946,-0.4));
#5067 = VECTOR('',#5068,1.);
#5068 = DIRECTION('',(0.876215908677,-0.481918749772));
#5069 = ( GEOMETRIC_REPRESENTATION_CONTEXT(2) 
PARAMETRIC_REPRESENTATION_CONTEXT() REPRESENTATION_CONTEXT('2D SPACE',''
  ) );
#5070 = PCURVE('',#1673,#5071);
#5071 = DEFINITIONAL_REPRESENTATION('',(#5072),#5076);
#5072 = LINE('',#5073,#5074);
#5073 = CARTESIAN_POINT('',(0.,-13.));
#5074 = VECTOR('',#5075,1.);
#5075 = DIRECTION('',(1.,0.));
#5076 = ( GEOMETRIC_REPRESENTATION_CONTEXT(2) 
PARAMETRIC_REPRESENTATION_CONTEXT() REPRESENTATION_CONTEXT('2D SPACE',''
  ) );
#5077 = ADVANCED_FACE('',(#5078),#1673,.F.);
#5078 = FACE_BOUND('',#5079,.F.);
#5079 = EDGE_LOOP('',(#5080,#5101,#5102,#5103,#5124));
#5080 = ORIENTED_EDGE('',*,*,#5081,.T.);
#5081 = EDGE_CURVE('',#4797,#5035,#5082,.T.);
#5082 = SURFACE_CURVE('',#5083,(#5087,#5094),.PCURVE_S1.);
#5083 = LINE('',#5084,#5085);
#5084 = CARTESIAN_POINT('',(22.,-9.6,-4.3));
#5085 = VECTOR('',#5086,1.);
#5086 = DIRECTION('',(1.,0.,0.));
#5087 = PCURVE('',#1673,#5088);
#5088 = DEFINITIONAL_REPRESENTATION('',(#5089),#5093);
#5089 = LINE('',#5090,#5091);
#5090 = CARTESIAN_POINT('',(0.,0.));
#5091 = VECTOR('',#5092,1.);
#5092 = DIRECTION('',(0.,-1.));
#5093 = ( GEOMETRIC_REPRESENTATION_CONTEXT(2) 
PARAMETRIC_REPRESENTATION_CONTEXT() REPRESENTATION_CONTEXT('2D SPACE',''
  ) );
#5094 = PCURVE('',#4812,#5095);
#5095 = DEFINITIONAL_REPRESENTATION('',(#5096),#5100);
#5096 = LINE('',#5097,#5098);
#5097 = CARTESIAN_POINT('',(0.8,0.));
#5098 = VECTOR('',#5099,1.);
#5099 = DIRECTION('',(0.,-1.));
#5100 = ( GEOMETRIC_REPRESENTATION_CONTEXT(2) 
PARAMETRIC_REPRESENTATION_CONTEXT() REPRESENTATION_CONTEXT('2D SPACE',''
  ) );
#5101 = ORIENTED_EDGE('',*,*,#5057,.T.);
#5102 = ORIENTED_EDGE('',*,*,#1657,.F.);
#5103 = ORIENTED_EDGE('',*,*,#5104,.F.);
#5104 = EDGE_CURVE('',#4724,#1632,#5105,.T.);
#5105 = SURFACE_CURVE('',#5106,(#5110,#5117),.PCURVE_S1.);
#5106 = LINE('',#5107,#5108);
#5107 = CARTESIAN_POINT('',(22.,-9.6,-4.3));
#5108 = VECTOR('',#5109,1.);
#5109 = DIRECTION('',(0.,0.481918749772,0.876215908677));
#5110 = PCURVE('',#1673,#5111);
#5111 = DEFINITIONAL_REPRESENTATION('',(#5112),#5116);
#5112 = LINE('',#5113,#5114);
#5113 = CARTESIAN_POINT('',(0.,0.));
#5114 = VECTOR('',#5115,1.);
#5115 = DIRECTION('',(1.,0.));
#5116 = ( GEOMETRIC_REPRESENTATION_CONTEXT(2) 
PARAMETRIC_REPRESENTATION_CONTEXT() REPRESENTATION_CONTEXT('2D SPACE',''
  ) );
#5117 = PCURVE('',#1646,#5118);
#5118 = DEFINITIONAL_REPRESENTATION('',(#5119),#5123);
#5119 = LINE('',#5120,#5121);
#5120 = CARTESIAN_POINT('',(-0.85,0.6));
#5121 = VECTOR('',#5122,1.);
#5122 = DIRECTION('',(0.876215908677,-0.481918749772));
#5123 = ( GEOMETRIC_REPRESENTATION_CONTEXT(2) 
PARAMETRIC_REPRESENTATION_CONTEXT() REPRESENTATION_CONTEXT('2D SPACE',''
  ) );
#5124 = ORIENTED_EDGE('',*,*,#4824,.F.);
#5125 = ADVANCED_FACE('',(#5126),#1646,.T.);
#5126 = FACE_BOUND('',#5127,.T.);
#5127 = EDGE_LOOP('',(#5128,#5151,#5174,#5195,#5216,#5217));
#5128 = ORIENTED_EDGE('',*,*,#5129,.F.);
#5129 = EDGE_CURVE('',#5130,#4724,#5132,.T.);
#5130 = VERTEX_POINT('',#5131);
#5131 = CARTESIAN_POINT('',(22.,-9.,-3.45));
#5132 = SURFACE_CURVE('',#5133,(#5137,#5144),.PCURVE_S1.);
#5133 = LINE('',#5134,#5135);
#5134 = CARTESIAN_POINT('',(22.,-9.,-3.45));
#5135 = VECTOR('',#5136,1.);
#5136 = DIRECTION('',(0.,0.,1.));
#5137 = PCURVE('',#1646,#5138);
#5138 = DEFINITIONAL_REPRESENTATION('',(#5139),#5143);
#5139 = LINE('',#5140,#5141);
#5140 = CARTESIAN_POINT('',(0.,0.));
#5141 = VECTOR('',#5142,1.);
#5142 = DIRECTION('',(1.,0.));
#5143 = ( GEOMETRIC_REPRESENTATION_CONTEXT(2) 
PARAMETRIC_REPRESENTATION_CONTEXT() REPRESENTATION_CONTEXT('2D SPACE',''
  ) );
#5144 = PCURVE('',#1020,#5145);
#5145 = DEFINITIONAL_REPRESENTATION('',(#5146),#5150);
#5146 = LINE('',#5147,#5148);
#5147 = CARTESIAN_POINT('',(0.,12.));
#5148 = VECTOR('',#5149,1.);
#5149 = DIRECTION('',(1.,0.));
#5150 = ( GEOMETRIC_REPRESENTATION_CONTEXT(2) 
PARAMETRIC_REPRESENTATION_CONTEXT() REPRESENTATION_CONTEXT('2D SPACE',''
  ) );
#5151 = ORIENTED_EDGE('',*,*,#5152,.T.);
#5152 = EDGE_CURVE('',#5130,#5153,#5155,.T.);
#5153 = VERTEX_POINT('',#5154);
#5154 = CARTESIAN_POINT('',(22.,-6.,-3.45));
#5155 = SURFACE_CURVE('',#5156,(#5160,#5167),.PCURVE_S1.);
#5156 = LINE('',#5157,#5158);
#5157 = CARTESIAN_POINT('',(22.,-9.,-3.45));
#5158 = VECTOR('',#5159,1.);
#5159 = DIRECTION('',(0.,1.,0.));
#5160 = PCURVE('',#1646,#5161);
#5161 = DEFINITIONAL_REPRESENTATION('',(#5162),#5166);
#5162 = LINE('',#5163,#5164);
#5163 = CARTESIAN_POINT('',(0.,0.));
#5164 = VECTOR('',#5165,1.);
#5165 = DIRECTION('',(0.,-1.));
#5166 = ( GEOMETRIC_REPRESENTATION_CONTEXT(2) 
PARAMETRIC_REPRESENTATION_CONTEXT() REPRESENTATION_CONTEXT('2D SPACE',''
  ) );
#5167 = PCURVE('',#1818,#5168);
#5168 = DEFINITIONAL_REPRESENTATION('',(#5169),#5173);
#5169 = LINE('',#5170,#5171);
#5170 = CARTESIAN_POINT('',(12.,0.));
#5171 = VECTOR('',#5172,1.);
#5172 = DIRECTION('',(0.,1.));
#5173 = ( GEOMETRIC_REPRESENTATION_CONTEXT(2) 
PARAMETRIC_REPRESENTATION_CONTEXT() REPRESENTATION_CONTEXT('2D SPACE',''
  ) );
#5174 = ORIENTED_EDGE('',*,*,#5175,.T.);
#5175 = EDGE_CURVE('',#5153,#5176,#5178,.T.);
#5176 = VERTEX_POINT('',#5177);
#5177 = CARTESIAN_POINT('',(22.,-6.,-3.209090909091));
#5178 = SURFACE_CURVE('',#5179,(#5183,#5189),.PCURVE_S1.);
#5179 = LINE('',#5180,#5181);
#5180 = CARTESIAN_POINT('',(22.,-6.,-4.375));
#5181 = VECTOR('',#5182,1.);
#5182 = DIRECTION('',(0.,0.,1.));
#5183 = PCURVE('',#1646,#5184);
#5184 = DEFINITIONAL_REPRESENTATION('',(#5185),#5188);
#5185 = B_SPLINE_CURVE_WITH_KNOTS('',1,(#5186,#5187),.UNSPECIFIED.,.F.,
  .F.,(2,2),(0.925,2.075),.PIECEWISE_BEZIER_KNOTS.);
#5186 = CARTESIAN_POINT('',(-2.22044604925E-16,-3.));
#5187 = CARTESIAN_POINT('',(1.15,-3.));
#5188 = ( GEOMETRIC_REPRESENTATION_CONTEXT(2) 
PARAMETRIC_REPRESENTATION_CONTEXT() REPRESENTATION_CONTEXT('2D SPACE',''
  ) );
#5189 = PCURVE('',#4202,#5190);
#5190 = DEFINITIONAL_REPRESENTATION('',(#5191),#5194);
#5191 = B_SPLINE_CURVE_WITH_KNOTS('',1,(#5192,#5193),.UNSPECIFIED.,.F.,
  .F.,(2,2),(0.925,2.075),.PIECEWISE_BEZIER_KNOTS.);
#5192 = CARTESIAN_POINT('',(1.85,0.5));
#5193 = CARTESIAN_POINT('',(3.,0.5));
#5194 = ( GEOMETRIC_REPRESENTATION_CONTEXT(2) 
PARAMETRIC_REPRESENTATION_CONTEXT() REPRESENTATION_CONTEXT('2D SPACE',''
  ) );
#5195 = ORIENTED_EDGE('',*,*,#5196,.F.);
#5196 = EDGE_CURVE('',#1604,#5176,#5197,.T.);
#5197 = SURFACE_CURVE('',#5198,(#5202,#5209),.PCURVE_S1.);
#5198 = LINE('',#5199,#5200);
#5199 = CARTESIAN_POINT('',(22.,-6.5,-2.3));
#5200 = VECTOR('',#5201,1.);
#5201 = DIRECTION('',(0.,0.481918749772,-0.876215908677));
#5202 = PCURVE('',#1646,#5203);
#5203 = DEFINITIONAL_REPRESENTATION('',(#5204),#5208);
#5204 = LINE('',#5205,#5206);
#5205 = CARTESIAN_POINT('',(1.15,-2.5));
#5206 = VECTOR('',#5207,1.);
#5207 = DIRECTION('',(-0.876215908677,-0.481918749772));
#5208 = ( GEOMETRIC_REPRESENTATION_CONTEXT(2) 
PARAMETRIC_REPRESENTATION_CONTEXT() REPRESENTATION_CONTEXT('2D SPACE',''
  ) );
#5209 = PCURVE('',#1619,#5210);
#5210 = DEFINITIONAL_REPRESENTATION('',(#5211),#5215);
#5211 = LINE('',#5212,#5213);
#5212 = CARTESIAN_POINT('',(0.,0.));
#5213 = VECTOR('',#5214,1.);
#5214 = DIRECTION('',(1.,0.));
#5215 = ( GEOMETRIC_REPRESENTATION_CONTEXT(2) 
PARAMETRIC_REPRESENTATION_CONTEXT() REPRESENTATION_CONTEXT('2D SPACE',''
  ) );
#5216 = ORIENTED_EDGE('',*,*,#1631,.F.);
#5217 = ORIENTED_EDGE('',*,*,#5104,.F.);
#5218 = ADVANCED_FACE('',(#5219),#1619,.F.);
#5219 = FACE_BOUND('',#5220,.F.);
#5220 = EDGE_LOOP('',(#5221,#5222,#5223,#5246,#5274,#5295));
#5221 = ORIENTED_EDGE('',*,*,#5196,.F.);
#5222 = ORIENTED_EDGE('',*,*,#1603,.T.);
#5223 = ORIENTED_EDGE('',*,*,#5224,.T.);
#5224 = EDGE_CURVE('',#1576,#5225,#5227,.T.);
#5225 = VERTEX_POINT('',#5226);
#5226 = CARTESIAN_POINT('',(35.,-5.4,-4.3));
#5227 = SURFACE_CURVE('',#5228,(#5232,#5239),.PCURVE_S1.);
#5228 = LINE('',#5229,#5230);
#5229 = CARTESIAN_POINT('',(35.,-6.5,-2.3));
#5230 = VECTOR('',#5231,1.);
#5231 = DIRECTION('',(0.,0.481918749772,-0.876215908677));
#5232 = PCURVE('',#1619,#5233);
#5233 = DEFINITIONAL_REPRESENTATION('',(#5234),#5238);
#5234 = LINE('',#5235,#5236);
#5235 = CARTESIAN_POINT('',(0.,-13.));
#5236 = VECTOR('',#5237,1.);
#5237 = DIRECTION('',(1.,0.));
#5238 = ( GEOMETRIC_REPRESENTATION_CONTEXT(2) 
PARAMETRIC_REPRESENTATION_CONTEXT() REPRESENTATION_CONTEXT('2D SPACE',''
  ) );
#5239 = PCURVE('',#1591,#5240);
#5240 = DEFINITIONAL_REPRESENTATION('',(#5241),#5245);
#5241 = LINE('',#5242,#5243);
#5242 = CARTESIAN_POINT('',(0.737002071054,1.5));
#5243 = VECTOR('',#5244,1.);
#5244 = DIRECTION('',(-0.876215908677,-0.481918749772));
#5245 = ( GEOMETRIC_REPRESENTATION_CONTEXT(2) 
PARAMETRIC_REPRESENTATION_CONTEXT() REPRESENTATION_CONTEXT('2D SPACE',''
  ) );
#5246 = ORIENTED_EDGE('',*,*,#5247,.F.);
#5247 = EDGE_CURVE('',#5248,#5225,#5250,.T.);
#5248 = VERTEX_POINT('',#5249);
#5249 = CARTESIAN_POINT('',(28.5,-5.4,-4.3));
#5250 = SURFACE_CURVE('',#5251,(#5255,#5262),.PCURVE_S1.);
#5251 = LINE('',#5252,#5253);
#5252 = CARTESIAN_POINT('',(22.,-5.4,-4.3));
#5253 = VECTOR('',#5254,1.);
#5254 = DIRECTION('',(1.,0.,0.));
#5255 = PCURVE('',#1619,#5256);
#5256 = DEFINITIONAL_REPRESENTATION('',(#5257),#5261);
#5257 = LINE('',#5258,#5259);
#5258 = CARTESIAN_POINT('',(2.282542442103,0.));
#5259 = VECTOR('',#5260,1.);
#5260 = DIRECTION('',(0.,-1.));
#5261 = ( GEOMETRIC_REPRESENTATION_CONTEXT(2) 
PARAMETRIC_REPRESENTATION_CONTEXT() REPRESENTATION_CONTEXT('2D SPACE',''
  ) );
#5262 = PCURVE('',#5263,#5268);
#5263 = PLANE('',#5264);
#5264 = AXIS2_PLACEMENT_3D('',#5265,#5266,#5267);
#5265 = CARTESIAN_POINT('',(22.,-5.4,-4.3));
#5266 = DIRECTION('',(0.,0.,1.));
#5267 = DIRECTION('',(0.,1.,0.));
#5268 = DEFINITIONAL_REPRESENTATION('',(#5269),#5273);
#5269 = LINE('',#5270,#5271);
#5270 = CARTESIAN_POINT('',(0.,0.));
#5271 = VECTOR('',#5272,1.);
#5272 = DIRECTION('',(0.,-1.));
#5273 = ( GEOMETRIC_REPRESENTATION_CONTEXT(2) 
PARAMETRIC_REPRESENTATION_CONTEXT() REPRESENTATION_CONTEXT('2D SPACE',''
  ) );
#5274 = ORIENTED_EDGE('',*,*,#5275,.F.);
#5275 = EDGE_CURVE('',#5276,#5248,#5278,.T.);
#5276 = VERTEX_POINT('',#5277);
#5277 = CARTESIAN_POINT('',(28.5,-6.,-3.209090909091));
#5278 = SURFACE_CURVE('',#5279,(#5283,#5289),.PCURVE_S1.);
#5279 = LINE('',#5280,#5281);
#5280 = CARTESIAN_POINT('',(28.5,-5.808541266795,-3.557197696737));
#5281 = VECTOR('',#5282,1.);
#5282 = DIRECTION('',(0.,0.481918749772,-0.876215908677));
#5283 = PCURVE('',#1619,#5284);
#5284 = DEFINITIONAL_REPRESENTATION('',(#5285),#5288);
#5285 = B_SPLINE_CURVE_WITH_KNOTS('',1,(#5286,#5287),.UNSPECIFIED.,.F.,
  .F.,(2,2),(-0.397284258593,0.847738891645),.PIECEWISE_BEZIER_KNOTS.);
#5286 = CARTESIAN_POINT('',(1.037519291865,-6.5));
#5287 = CARTESIAN_POINT('',(2.282542442103,-6.5));
#5288 = ( GEOMETRIC_REPRESENTATION_CONTEXT(2) 
PARAMETRIC_REPRESENTATION_CONTEXT() REPRESENTATION_CONTEXT('2D SPACE',''
  ) );
#5289 = PCURVE('',#1431,#5290);
#5290 = DEFINITIONAL_REPRESENTATION('',(#5291),#5294);
#5291 = B_SPLINE_CURVE_WITH_KNOTS('',1,(#5292,#5293),.UNSPECIFIED.,.F.,
  .F.,(2,2),(-0.397284258593,0.847738891645),.PIECEWISE_BEZIER_KNOTS.);
#5292 = CARTESIAN_POINT('',(2.090909090909,1.110223024625E-16));
#5293 = CARTESIAN_POINT('',(1.,-0.6));
#5294 = ( GEOMETRIC_REPRESENTATION_CONTEXT(2) 
PARAMETRIC_REPRESENTATION_CONTEXT() REPRESENTATION_CONTEXT('2D SPACE',''
  ) );
#5295 = ORIENTED_EDGE('',*,*,#5296,.T.);
#5296 = EDGE_CURVE('',#5276,#5176,#5297,.T.);
#5297 = SURFACE_CURVE('',#5298,(#5302,#5308),.PCURVE_S1.);
#5298 = LINE('',#5299,#5300);
#5299 = CARTESIAN_POINT('',(21.75,-6.,-3.209090909091));
#5300 = VECTOR('',#5301,1.);
#5301 = DIRECTION('',(-1.,0.,-0.));
#5302 = PCURVE('',#1619,#5303);
#5303 = DEFINITIONAL_REPRESENTATION('',(#5304),#5307);
#5304 = B_SPLINE_CURVE_WITH_KNOTS('',1,(#5305,#5306),.UNSPECIFIED.,.F.,
  .F.,(2,2),(-6.75,-0.25),.PIECEWISE_BEZIER_KNOTS.);
#5305 = CARTESIAN_POINT('',(1.037519291865,-6.5));
#5306 = CARTESIAN_POINT('',(1.037519291865,0.));
#5307 = ( GEOMETRIC_REPRESENTATION_CONTEXT(2) 
PARAMETRIC_REPRESENTATION_CONTEXT() REPRESENTATION_CONTEXT('2D SPACE',''
  ) );
#5308 = PCURVE('',#4202,#5309);
#5309 = DEFINITIONAL_REPRESENTATION('',(#5310),#5313);
#5310 = B_SPLINE_CURVE_WITH_KNOTS('',1,(#5311,#5312),.UNSPECIFIED.,.F.,
  .F.,(2,2),(-6.75,-0.25),.PIECEWISE_BEZIER_KNOTS.);
#5311 = CARTESIAN_POINT('',(2.090909090909,7.));
#5312 = CARTESIAN_POINT('',(2.090909090909,0.5));
#5313 = ( GEOMETRIC_REPRESENTATION_CONTEXT(2) 
PARAMETRIC_REPRESENTATION_CONTEXT() REPRESENTATION_CONTEXT('2D SPACE',''
  ) );
#5314 = ADVANCED_FACE('',(#5315),#1591,.T.);
#5315 = FACE_BOUND('',#5316,.T.);
#5316 = EDGE_LOOP('',(#5317,#5318,#5341,#5362));
#5317 = ORIENTED_EDGE('',*,*,#5224,.T.);
#5318 = ORIENTED_EDGE('',*,*,#5319,.T.);
#5319 = EDGE_CURVE('',#5225,#5320,#5322,.T.);
#5320 = VERTEX_POINT('',#5321);
#5321 = CARTESIAN_POINT('',(35.,-4.6,-4.3));
#5322 = SURFACE_CURVE('',#5323,(#5327,#5334),.PCURVE_S1.);
#5323 = LINE('',#5324,#5325);
#5324 = CARTESIAN_POINT('',(35.,-5.4,-4.3));
#5325 = VECTOR('',#5326,1.);
#5326 = DIRECTION('',(0.,1.,0.));
#5327 = PCURVE('',#1591,#5328);
#5328 = DEFINITIONAL_REPRESENTATION('',(#5329),#5333);
#5329 = LINE('',#5330,#5331);
#5330 = CARTESIAN_POINT('',(-1.262997928946,0.4));
#5331 = VECTOR('',#5332,1.);
#5332 = DIRECTION('',(0.,-1.));
#5333 = ( GEOMETRIC_REPRESENTATION_CONTEXT(2) 
PARAMETRIC_REPRESENTATION_CONTEXT() REPRESENTATION_CONTEXT('2D SPACE',''
  ) );
#5334 = PCURVE('',#5263,#5335);
#5335 = DEFINITIONAL_REPRESENTATION('',(#5336),#5340);
#5336 = LINE('',#5337,#5338);
#5337 = CARTESIAN_POINT('',(0.,-13.));
#5338 = VECTOR('',#5339,1.);
#5339 = DIRECTION('',(1.,0.));
#5340 = ( GEOMETRIC_REPRESENTATION_CONTEXT(2) 
PARAMETRIC_REPRESENTATION_CONTEXT() REPRESENTATION_CONTEXT('2D SPACE',''
  ) );
#5341 = ORIENTED_EDGE('',*,*,#5342,.T.);
#5342 = EDGE_CURVE('',#5320,#1548,#5343,.T.);
#5343 = SURFACE_CURVE('',#5344,(#5348,#5355),.PCURVE_S1.);
#5344 = LINE('',#5345,#5346);
#5345 = CARTESIAN_POINT('',(35.,-4.6,-4.3));
#5346 = VECTOR('',#5347,1.);
#5347 = DIRECTION('',(0.,0.481918749772,0.876215908677));
#5348 = PCURVE('',#1591,#5349);
#5349 = DEFINITIONAL_REPRESENTATION('',(#5350),#5354);
#5350 = LINE('',#5351,#5352);
#5351 = CARTESIAN_POINT('',(-1.262997928946,-0.4));
#5352 = VECTOR('',#5353,1.);
#5353 = DIRECTION('',(0.876215908677,-0.481918749772));
#5354 = ( GEOMETRIC_REPRESENTATION_CONTEXT(2) 
PARAMETRIC_REPRESENTATION_CONTEXT() REPRESENTATION_CONTEXT('2D SPACE',''
  ) );
#5355 = PCURVE('',#1563,#5356);
#5356 = DEFINITIONAL_REPRESENTATION('',(#5357),#5361);
#5357 = LINE('',#5358,#5359);
#5358 = CARTESIAN_POINT('',(0.,-13.));
#5359 = VECTOR('',#5360,1.);
#5360 = DIRECTION('',(1.,0.));
#5361 = ( GEOMETRIC_REPRESENTATION_CONTEXT(2) 
PARAMETRIC_REPRESENTATION_CONTEXT() REPRESENTATION_CONTEXT('2D SPACE',''
  ) );
#5362 = ORIENTED_EDGE('',*,*,#1575,.T.);
#5363 = ADVANCED_FACE('',(#5364),#1563,.F.);
#5364 = FACE_BOUND('',#5365,.F.);
#5365 = EDGE_LOOP('',(#5366,#5387,#5408,#5409));
#5366 = ORIENTED_EDGE('',*,*,#5367,.F.);
#5367 = EDGE_CURVE('',#5368,#1527,#5370,.T.);
#5368 = VERTEX_POINT('',#5369);
#5369 = CARTESIAN_POINT('',(28.5,-4.6,-4.3));
#5370 = SURFACE_CURVE('',#5371,(#5375,#5381),.PCURVE_S1.);
#5371 = LINE('',#5372,#5373);
#5372 = CARTESIAN_POINT('',(28.5,-4.973704414587,-4.979462571977));
#5373 = VECTOR('',#5374,1.);
#5374 = DIRECTION('',(-0.,0.481918749772,0.876215908677));
#5375 = PCURVE('',#1563,#5376);
#5376 = DEFINITIONAL_REPRESENTATION('',(#5377),#5380);
#5377 = B_SPLINE_CURVE_WITH_KNOTS('',1,(#5378,#5379),.UNSPECIFIED.,.F.,
  .F.,(2,2),(0.775451079179,3.057993521281),.PIECEWISE_BEZIER_KNOTS.);
#5378 = CARTESIAN_POINT('',(0.,-6.5));
#5379 = CARTESIAN_POINT('',(2.282542442103,-6.5));
#5380 = ( GEOMETRIC_REPRESENTATION_CONTEXT(2) 
PARAMETRIC_REPRESENTATION_CONTEXT() REPRESENTATION_CONTEXT('2D SPACE',''
  ) );
#5381 = PCURVE('',#1431,#5382);
#5382 = DEFINITIONAL_REPRESENTATION('',(#5383),#5386);
#5383 = B_SPLINE_CURVE_WITH_KNOTS('',1,(#5384,#5385),.UNSPECIFIED.,.F.,
  .F.,(2,2),(0.775451079179,3.057993521281),.PIECEWISE_BEZIER_KNOTS.);
#5384 = CARTESIAN_POINT('',(1.,-1.4));
#5385 = CARTESIAN_POINT('',(3.,-2.5));
#5386 = ( GEOMETRIC_REPRESENTATION_CONTEXT(2) 
PARAMETRIC_REPRESENTATION_CONTEXT() REPRESENTATION_CONTEXT('2D SPACE',''
  ) );
#5387 = ORIENTED_EDGE('',*,*,#5388,.T.);
#5388 = EDGE_CURVE('',#5368,#5320,#5389,.T.);
#5389 = SURFACE_CURVE('',#5390,(#5394,#5401),.PCURVE_S1.);
#5390 = LINE('',#5391,#5392);
#5391 = CARTESIAN_POINT('',(22.,-4.6,-4.3));
#5392 = VECTOR('',#5393,1.);
#5393 = DIRECTION('',(1.,0.,0.));
#5394 = PCURVE('',#1563,#5395);
#5395 = DEFINITIONAL_REPRESENTATION('',(#5396),#5400);
#5396 = LINE('',#5397,#5398);
#5397 = CARTESIAN_POINT('',(0.,0.));
#5398 = VECTOR('',#5399,1.);
#5399 = DIRECTION('',(0.,-1.));
#5400 = ( GEOMETRIC_REPRESENTATION_CONTEXT(2) 
PARAMETRIC_REPRESENTATION_CONTEXT() REPRESENTATION_CONTEXT('2D SPACE',''
  ) );
#5401 = PCURVE('',#5263,#5402);
#5402 = DEFINITIONAL_REPRESENTATION('',(#5403),#5407);
#5403 = LINE('',#5404,#5405);
#5404 = CARTESIAN_POINT('',(0.8,0.));
#5405 = VECTOR('',#5406,1.);
#5406 = DIRECTION('',(0.,-1.));
#5407 = ( GEOMETRIC_REPRESENTATION_CONTEXT(2) 
PARAMETRIC_REPRESENTATION_CONTEXT() REPRESENTATION_CONTEXT('2D SPACE',''
  ) );
#5408 = ORIENTED_EDGE('',*,*,#5342,.T.);
#5409 = ORIENTED_EDGE('',*,*,#1547,.F.);
#5410 = ADVANCED_FACE('',(#5411),#1431,.F.);
#5411 = FACE_BOUND('',#5412,.F.);
#5412 = EDGE_LOOP('',(#5413,#5434,#5435,#5454,#5455,#5456,#5477,#5503,
    #5522,#5523,#5544,#5570,#5591,#5612));
#5413 = ORIENTED_EDGE('',*,*,#5414,.F.);
#5414 = EDGE_CURVE('',#5276,#4169,#5415,.T.);
#5415 = SURFACE_CURVE('',#5416,(#5420,#5427),.PCURVE_S1.);
#5416 = LINE('',#5417,#5418);
#5417 = CARTESIAN_POINT('',(28.5,-6.,-5.3));
#5418 = VECTOR('',#5419,1.);
#5419 = DIRECTION('',(0.,0.,1.));
#5420 = PCURVE('',#1431,#5421);
#5421 = DEFINITIONAL_REPRESENTATION('',(#5422),#5426);
#5422 = LINE('',#5423,#5424);
#5423 = CARTESIAN_POINT('',(0.,0.));
#5424 = VECTOR('',#5425,1.);
#5425 = DIRECTION('',(1.,0.));
#5426 = ( GEOMETRIC_REPRESENTATION_CONTEXT(2) 
PARAMETRIC_REPRESENTATION_CONTEXT() REPRESENTATION_CONTEXT('2D SPACE',''
  ) );
#5427 = PCURVE('',#4202,#5428);
#5428 = DEFINITIONAL_REPRESENTATION('',(#5429),#5433);
#5429 = LINE('',#5430,#5431);
#5430 = CARTESIAN_POINT('',(0.,7.));
#5431 = VECTOR('',#5432,1.);
#5432 = DIRECTION('',(1.,0.));
#5433 = ( GEOMETRIC_REPRESENTATION_CONTEXT(2) 
PARAMETRIC_REPRESENTATION_CONTEXT() REPRESENTATION_CONTEXT('2D SPACE',''
  ) );
#5434 = ORIENTED_EDGE('',*,*,#5275,.T.);
#5435 = ORIENTED_EDGE('',*,*,#5436,.T.);
#5436 = EDGE_CURVE('',#5248,#5368,#5437,.T.);
#5437 = SURFACE_CURVE('',#5438,(#5442,#5448),.PCURVE_S1.);
#5438 = LINE('',#5439,#5440);
#5439 = CARTESIAN_POINT('',(28.5,-5.7,-4.3));
#5440 = VECTOR('',#5441,1.);
#5441 = DIRECTION('',(0.,1.,0.));
#5442 = PCURVE('',#1431,#5443);
#5443 = DEFINITIONAL_REPRESENTATION('',(#5444),#5447);
#5444 = B_SPLINE_CURVE_WITH_KNOTS('',1,(#5445,#5446),.UNSPECIFIED.,.F.,
  .F.,(2,2),(0.3,1.1),.PIECEWISE_BEZIER_KNOTS.);
#5445 = CARTESIAN_POINT('',(1.,-0.6));
#5446 = CARTESIAN_POINT('',(1.,-1.4));
#5447 = ( GEOMETRIC_REPRESENTATION_CONTEXT(2) 
PARAMETRIC_REPRESENTATION_CONTEXT() REPRESENTATION_CONTEXT('2D SPACE',''
  ) );
#5448 = PCURVE('',#5263,#5449);
#5449 = DEFINITIONAL_REPRESENTATION('',(#5450),#5453);
#5450 = B_SPLINE_CURVE_WITH_KNOTS('',1,(#5451,#5452),.UNSPECIFIED.,.F.,
  .F.,(2,2),(0.3,1.1),.PIECEWISE_BEZIER_KNOTS.);
#5451 = CARTESIAN_POINT('',(0.,-6.5));
#5452 = CARTESIAN_POINT('',(0.8,-6.5));
#5453 = ( GEOMETRIC_REPRESENTATION_CONTEXT(2) 
PARAMETRIC_REPRESENTATION_CONTEXT() REPRESENTATION_CONTEXT('2D SPACE',''
  ) );
#5454 = ORIENTED_EDGE('',*,*,#5367,.T.);
#5455 = ORIENTED_EDGE('',*,*,#1526,.T.);
#5456 = ORIENTED_EDGE('',*,*,#5457,.T.);
#5457 = EDGE_CURVE('',#1499,#5458,#5460,.T.);
#5458 = VERTEX_POINT('',#5459);
#5459 = CARTESIAN_POINT('',(28.5,-0.4,-4.3));
#5460 = SURFACE_CURVE('',#5461,(#5465,#5471),.PCURVE_S1.);
#5461 = LINE('',#5462,#5463);
#5462 = CARTESIAN_POINT('',(28.5,-1.38915547025,-2.501535508637));
#5463 = VECTOR('',#5464,1.);
#5464 = DIRECTION('',(0.,0.481918749772,-0.876215908677));
#5465 = PCURVE('',#1431,#5466);
#5466 = DEFINITIONAL_REPRESENTATION('',(#5467),#5470);
#5467 = B_SPLINE_CURVE_WITH_KNOTS('',1,(#5468,#5469),.UNSPECIFIED.,.F.,
  .F.,(2,2),(-0.230006676028,2.052535766075),.PIECEWISE_BEZIER_KNOTS.);
#5468 = CARTESIAN_POINT('',(3.,-4.5));
#5469 = CARTESIAN_POINT('',(1.,-5.6));
#5470 = ( GEOMETRIC_REPRESENTATION_CONTEXT(2) 
PARAMETRIC_REPRESENTATION_CONTEXT() REPRESENTATION_CONTEXT('2D SPACE',''
  ) );
#5471 = PCURVE('',#1514,#5472);
#5472 = DEFINITIONAL_REPRESENTATION('',(#5473),#5476);
#5473 = B_SPLINE_CURVE_WITH_KNOTS('',1,(#5474,#5475),.UNSPECIFIED.,.F.,
  .F.,(2,2),(-0.230006676028,2.052535766075),.PIECEWISE_BEZIER_KNOTS.);
#5474 = CARTESIAN_POINT('',(0.,-6.5));
#5475 = CARTESIAN_POINT('',(2.282542442103,-6.5));
#5476 = ( GEOMETRIC_REPRESENTATION_CONTEXT(2) 
PARAMETRIC_REPRESENTATION_CONTEXT() REPRESENTATION_CONTEXT('2D SPACE',''
  ) );
#5477 = ORIENTED_EDGE('',*,*,#5478,.T.);
#5478 = EDGE_CURVE('',#5458,#5479,#5481,.T.);
#5479 = VERTEX_POINT('',#5480);
#5480 = CARTESIAN_POINT('',(28.5,0.4,-4.3));
#5481 = SURFACE_CURVE('',#5482,(#5486,#5492),.PCURVE_S1.);
#5482 = LINE('',#5483,#5484);
#5483 = CARTESIAN_POINT('',(28.5,-3.2,-4.3));
#5484 = VECTOR('',#5485,1.);
#5485 = DIRECTION('',(0.,1.,0.));
#5486 = PCURVE('',#1431,#5487);
#5487 = DEFINITIONAL_REPRESENTATION('',(#5488),#5491);
#5488 = B_SPLINE_CURVE_WITH_KNOTS('',1,(#5489,#5490),.UNSPECIFIED.,.F.,
  .F.,(2,2),(2.8,3.6),.PIECEWISE_BEZIER_KNOTS.);
#5489 = CARTESIAN_POINT('',(1.,-5.6));
#5490 = CARTESIAN_POINT('',(1.,-6.4));
#5491 = ( GEOMETRIC_REPRESENTATION_CONTEXT(2) 
PARAMETRIC_REPRESENTATION_CONTEXT() REPRESENTATION_CONTEXT('2D SPACE',''
  ) );
#5492 = PCURVE('',#5493,#5498);
#5493 = PLANE('',#5494);
#5494 = AXIS2_PLACEMENT_3D('',#5495,#5496,#5497);
#5495 = CARTESIAN_POINT('',(22.,-0.4,-4.3));
#5496 = DIRECTION('',(0.,0.,1.));
#5497 = DIRECTION('',(0.,1.,0.));
#5498 = DEFINITIONAL_REPRESENTATION('',(#5499),#5502);
#5499 = B_SPLINE_CURVE_WITH_KNOTS('',1,(#5500,#5501),.UNSPECIFIED.,.F.,
  .F.,(2,2),(2.8,3.6),.PIECEWISE_BEZIER_KNOTS.);
#5500 = CARTESIAN_POINT('',(0.,-6.5));
#5501 = CARTESIAN_POINT('',(0.8,-6.5));
#5502 = ( GEOMETRIC_REPRESENTATION_CONTEXT(2) 
PARAMETRIC_REPRESENTATION_CONTEXT() REPRESENTATION_CONTEXT('2D SPACE',''
  ) );
#5503 = ORIENTED_EDGE('',*,*,#5504,.T.);
#5504 = EDGE_CURVE('',#5479,#1417,#5505,.T.);
#5505 = SURFACE_CURVE('',#5506,(#5510,#5516),.PCURVE_S1.);
#5506 = LINE('',#5507,#5508);
#5507 = CARTESIAN_POINT('',(28.5,-0.554318618042,-6.035124760077));
#5508 = VECTOR('',#5509,1.);
#5509 = DIRECTION('',(-0.,0.481918749772,0.876215908677));
#5510 = PCURVE('',#1431,#5511);
#5511 = DEFINITIONAL_REPRESENTATION('',(#5512),#5515);
#5512 = B_SPLINE_CURVE_WITH_KNOTS('',1,(#5513,#5514),.UNSPECIFIED.,.F.,
  .F.,(2,2),(1.980247953609,4.262790395712),.PIECEWISE_BEZIER_KNOTS.);
#5513 = CARTESIAN_POINT('',(1.,-6.4));
#5514 = CARTESIAN_POINT('',(3.,-7.5));
#5515 = ( GEOMETRIC_REPRESENTATION_CONTEXT(2) 
PARAMETRIC_REPRESENTATION_CONTEXT() REPRESENTATION_CONTEXT('2D SPACE',''
  ) );
#5516 = PCURVE('',#1458,#5517);
#5517 = DEFINITIONAL_REPRESENTATION('',(#5518),#5521);
#5518 = B_SPLINE_CURVE_WITH_KNOTS('',1,(#5519,#5520),.UNSPECIFIED.,.F.,
  .F.,(2,2),(1.980247953609,4.262790395712),.PIECEWISE_BEZIER_KNOTS.);
#5519 = CARTESIAN_POINT('',(0.,-6.5));
#5520 = CARTESIAN_POINT('',(2.282542442103,-6.5));
#5521 = ( GEOMETRIC_REPRESENTATION_CONTEXT(2) 
PARAMETRIC_REPRESENTATION_CONTEXT() REPRESENTATION_CONTEXT('2D SPACE',''
  ) );
#5522 = ORIENTED_EDGE('',*,*,#1416,.T.);
#5523 = ORIENTED_EDGE('',*,*,#5524,.T.);
#5524 = EDGE_CURVE('',#1389,#5525,#5527,.T.);
#5525 = VERTEX_POINT('',#5526);
#5526 = CARTESIAN_POINT('',(28.5,4.6,-4.3));
#5527 = SURFACE_CURVE('',#5528,(#5532,#5538),.PCURVE_S1.);
#5528 = LINE('',#5529,#5530);
#5529 = CARTESIAN_POINT('',(28.5,3.030230326296,-1.445873320537));
#5530 = VECTOR('',#5531,1.);
#5531 = DIRECTION('',(0.,0.481918749772,-0.876215908677));
#5532 = PCURVE('',#1431,#5533);
#5533 = DEFINITIONAL_REPRESENTATION('',(#5534),#5537);
#5534 = B_SPLINE_CURVE_WITH_KNOTS('',1,(#5535,#5536),.UNSPECIFIED.,.F.,
  .F.,(2,2),(0.974790198403,3.257332640505),.PIECEWISE_BEZIER_KNOTS.);
#5535 = CARTESIAN_POINT('',(3.,-9.5));
#5536 = CARTESIAN_POINT('',(1.,-10.6));
#5537 = ( GEOMETRIC_REPRESENTATION_CONTEXT(2) 
PARAMETRIC_REPRESENTATION_CONTEXT() REPRESENTATION_CONTEXT('2D SPACE',''
  ) );
#5538 = PCURVE('',#1404,#5539);
#5539 = DEFINITIONAL_REPRESENTATION('',(#5540),#5543);
#5540 = B_SPLINE_CURVE_WITH_KNOTS('',1,(#5541,#5542),.UNSPECIFIED.,.F.,
  .F.,(2,2),(0.974790198403,3.257332640505),.PIECEWISE_BEZIER_KNOTS.);
#5541 = CARTESIAN_POINT('',(0.,-6.5));
#5542 = CARTESIAN_POINT('',(2.282542442103,-6.5));
#5543 = ( GEOMETRIC_REPRESENTATION_CONTEXT(2) 
PARAMETRIC_REPRESENTATION_CONTEXT() REPRESENTATION_CONTEXT('2D SPACE',''
  ) );
#5544 = ORIENTED_EDGE('',*,*,#5545,.T.);
#5545 = EDGE_CURVE('',#5525,#5546,#5548,.T.);
#5546 = VERTEX_POINT('',#5547);
#5547 = CARTESIAN_POINT('',(28.5,5.4,-4.3));
#5548 = SURFACE_CURVE('',#5549,(#5553,#5559),.PCURVE_S1.);
#5549 = LINE('',#5550,#5551);
#5550 = CARTESIAN_POINT('',(28.5,-0.7,-4.3));
#5551 = VECTOR('',#5552,1.);
#5552 = DIRECTION('',(0.,1.,0.));
#5553 = PCURVE('',#1431,#5554);
#5554 = DEFINITIONAL_REPRESENTATION('',(#5555),#5558);
#5555 = B_SPLINE_CURVE_WITH_KNOTS('',1,(#5556,#5557),.UNSPECIFIED.,.F.,
  .F.,(2,2),(5.3,6.1),.PIECEWISE_BEZIER_KNOTS.);
#5556 = CARTESIAN_POINT('',(1.,-10.6));
#5557 = CARTESIAN_POINT('',(1.,-11.4));
#5558 = ( GEOMETRIC_REPRESENTATION_CONTEXT(2) 
PARAMETRIC_REPRESENTATION_CONTEXT() REPRESENTATION_CONTEXT('2D SPACE',''
  ) );
#5559 = PCURVE('',#5560,#5565);
#5560 = PLANE('',#5561);
#5561 = AXIS2_PLACEMENT_3D('',#5562,#5563,#5564);
#5562 = CARTESIAN_POINT('',(22.,4.6,-4.3));
#5563 = DIRECTION('',(0.,0.,1.));
#5564 = DIRECTION('',(0.,1.,0.));
#5565 = DEFINITIONAL_REPRESENTATION('',(#5566),#5569);
#5566 = B_SPLINE_CURVE_WITH_KNOTS('',1,(#5567,#5568),.UNSPECIFIED.,.F.,
  .F.,(2,2),(5.3,6.1),.PIECEWISE_BEZIER_KNOTS.);
#5567 = CARTESIAN_POINT('',(0.,-6.5));
#5568 = CARTESIAN_POINT('',(0.8,-6.5));
#5569 = ( GEOMETRIC_REPRESENTATION_CONTEXT(2) 
PARAMETRIC_REPRESENTATION_CONTEXT() REPRESENTATION_CONTEXT('2D SPACE',''
  ) );
#5570 = ORIENTED_EDGE('',*,*,#5571,.T.);
#5571 = EDGE_CURVE('',#5546,#5572,#5574,.T.);
#5572 = VERTEX_POINT('',#5573);
#5573 = CARTESIAN_POINT('',(28.5,6.,-3.209090909091));
#5574 = SURFACE_CURVE('',#5575,(#5579,#5585),.PCURVE_S1.);
#5575 = LINE('',#5576,#5577);
#5576 = CARTESIAN_POINT('',(28.5,3.865067178503,-7.090786948177));
#5577 = VECTOR('',#5578,1.);
#5578 = DIRECTION('',(-0.,0.481918749772,0.876215908677));
#5579 = PCURVE('',#1431,#5580);
#5580 = DEFINITIONAL_REPRESENTATION('',(#5581),#5584);
#5581 = B_SPLINE_CURVE_WITH_KNOTS('',1,(#5582,#5583),.UNSPECIFIED.,.F.,
  .F.,(2,2),(3.18504482804,4.430067978277),.PIECEWISE_BEZIER_KNOTS.);
#5582 = CARTESIAN_POINT('',(1.,-11.4));
#5583 = CARTESIAN_POINT('',(2.090909090909,-12.));
#5584 = ( GEOMETRIC_REPRESENTATION_CONTEXT(2) 
PARAMETRIC_REPRESENTATION_CONTEXT() REPRESENTATION_CONTEXT('2D SPACE',''
  ) );
#5585 = PCURVE('',#1348,#5586);
#5586 = DEFINITIONAL_REPRESENTATION('',(#5587),#5590);
#5587 = B_SPLINE_CURVE_WITH_KNOTS('',1,(#5588,#5589),.UNSPECIFIED.,.F.,
  .F.,(2,2),(3.18504482804,4.430067978277),.PIECEWISE_BEZIER_KNOTS.);
#5588 = CARTESIAN_POINT('',(0.,-6.5));
#5589 = CARTESIAN_POINT('',(1.245023150238,-6.5));
#5590 = ( GEOMETRIC_REPRESENTATION_CONTEXT(2) 
PARAMETRIC_REPRESENTATION_CONTEXT() REPRESENTATION_CONTEXT('2D SPACE',''
  ) );
#5591 = ORIENTED_EDGE('',*,*,#5592,.T.);
#5592 = EDGE_CURVE('',#5572,#4143,#5593,.T.);
#5593 = SURFACE_CURVE('',#5594,(#5598,#5605),.PCURVE_S1.);
#5594 = LINE('',#5595,#5596);
#5595 = CARTESIAN_POINT('',(28.5,6.,-5.3));
#5596 = VECTOR('',#5597,1.);
#5597 = DIRECTION('',(0.,0.,1.));
#5598 = PCURVE('',#1431,#5599);
#5599 = DEFINITIONAL_REPRESENTATION('',(#5600),#5604);
#5600 = LINE('',#5601,#5602);
#5601 = CARTESIAN_POINT('',(0.,-12.));
#5602 = VECTOR('',#5603,1.);
#5603 = DIRECTION('',(1.,0.));
#5604 = ( GEOMETRIC_REPRESENTATION_CONTEXT(2) 
PARAMETRIC_REPRESENTATION_CONTEXT() REPRESENTATION_CONTEXT('2D SPACE',''
  ) );
#5605 = PCURVE('',#4157,#5606);
#5606 = DEFINITIONAL_REPRESENTATION('',(#5607),#5611);
#5607 = LINE('',#5608,#5609);
#5608 = CARTESIAN_POINT('',(0.,7.));
#5609 = VECTOR('',#5610,1.);
#5610 = DIRECTION('',(1.,0.));
#5611 = ( GEOMETRIC_REPRESENTATION_CONTEXT(2) 
PARAMETRIC_REPRESENTATION_CONTEXT() REPRESENTATION_CONTEXT('2D SPACE',''
  ) );
#5612 = ORIENTED_EDGE('',*,*,#4168,.T.);
#5613 = ADVANCED_FACE('',(#5614),#1514,.F.);
#5614 = FACE_BOUND('',#5615,.F.);
#5615 = EDGE_LOOP('',(#5616,#5617,#5618,#5641));
#5616 = ORIENTED_EDGE('',*,*,#5457,.F.);
#5617 = ORIENTED_EDGE('',*,*,#1498,.T.);
#5618 = ORIENTED_EDGE('',*,*,#5619,.T.);
#5619 = EDGE_CURVE('',#1471,#5620,#5622,.T.);
#5620 = VERTEX_POINT('',#5621);
#5621 = CARTESIAN_POINT('',(35.,-0.4,-4.3));
#5622 = SURFACE_CURVE('',#5623,(#5627,#5634),.PCURVE_S1.);
#5623 = LINE('',#5624,#5625);
#5624 = CARTESIAN_POINT('',(35.,-1.5,-2.3));
#5625 = VECTOR('',#5626,1.);
#5626 = DIRECTION('',(0.,0.481918749772,-0.876215908677));
#5627 = PCURVE('',#1514,#5628);
#5628 = DEFINITIONAL_REPRESENTATION('',(#5629),#5633);
#5629 = LINE('',#5630,#5631);
#5630 = CARTESIAN_POINT('',(0.,-13.));
#5631 = VECTOR('',#5632,1.);
#5632 = DIRECTION('',(1.,0.));
#5633 = ( GEOMETRIC_REPRESENTATION_CONTEXT(2) 
PARAMETRIC_REPRESENTATION_CONTEXT() REPRESENTATION_CONTEXT('2D SPACE',''
  ) );
#5634 = PCURVE('',#1486,#5635);
#5635 = DEFINITIONAL_REPRESENTATION('',(#5636),#5640);
#5636 = LINE('',#5637,#5638);
#5637 = CARTESIAN_POINT('',(0.737002071054,1.5));
#5638 = VECTOR('',#5639,1.);
#5639 = DIRECTION('',(-0.876215908677,-0.481918749772));
#5640 = ( GEOMETRIC_REPRESENTATION_CONTEXT(2) 
PARAMETRIC_REPRESENTATION_CONTEXT() REPRESENTATION_CONTEXT('2D SPACE',''
  ) );
#5641 = ORIENTED_EDGE('',*,*,#5642,.F.);
#5642 = EDGE_CURVE('',#5458,#5620,#5643,.T.);
#5643 = SURFACE_CURVE('',#5644,(#5648,#5655),.PCURVE_S1.);
#5644 = LINE('',#5645,#5646);
#5645 = CARTESIAN_POINT('',(22.,-0.4,-4.3));
#5646 = VECTOR('',#5647,1.);
#5647 = DIRECTION('',(1.,0.,0.));
#5648 = PCURVE('',#1514,#5649);
#5649 = DEFINITIONAL_REPRESENTATION('',(#5650),#5654);
#5650 = LINE('',#5651,#5652);
#5651 = CARTESIAN_POINT('',(2.282542442103,0.));
#5652 = VECTOR('',#5653,1.);
#5653 = DIRECTION('',(0.,-1.));
#5654 = ( GEOMETRIC_REPRESENTATION_CONTEXT(2) 
PARAMETRIC_REPRESENTATION_CONTEXT() REPRESENTATION_CONTEXT('2D SPACE',''
  ) );
#5655 = PCURVE('',#5493,#5656);
#5656 = DEFINITIONAL_REPRESENTATION('',(#5657),#5661);
#5657 = LINE('',#5658,#5659);
#5658 = CARTESIAN_POINT('',(0.,0.));
#5659 = VECTOR('',#5660,1.);
#5660 = DIRECTION('',(0.,-1.));
#5661 = ( GEOMETRIC_REPRESENTATION_CONTEXT(2) 
PARAMETRIC_REPRESENTATION_CONTEXT() REPRESENTATION_CONTEXT('2D SPACE',''
  ) );
#5662 = ADVANCED_FACE('',(#5663),#1486,.T.);
#5663 = FACE_BOUND('',#5664,.T.);
#5664 = EDGE_LOOP('',(#5665,#5666,#5689,#5710));
#5665 = ORIENTED_EDGE('',*,*,#5619,.T.);
#5666 = ORIENTED_EDGE('',*,*,#5667,.T.);
#5667 = EDGE_CURVE('',#5620,#5668,#5670,.T.);
#5668 = VERTEX_POINT('',#5669);
#5669 = CARTESIAN_POINT('',(35.,0.4,-4.3));
#5670 = SURFACE_CURVE('',#5671,(#5675,#5682),.PCURVE_S1.);
#5671 = LINE('',#5672,#5673);
#5672 = CARTESIAN_POINT('',(35.,-0.4,-4.3));
#5673 = VECTOR('',#5674,1.);
#5674 = DIRECTION('',(0.,1.,0.));
#5675 = PCURVE('',#1486,#5676);
#5676 = DEFINITIONAL_REPRESENTATION('',(#5677),#5681);
#5677 = LINE('',#5678,#5679);
#5678 = CARTESIAN_POINT('',(-1.262997928946,0.4));
#5679 = VECTOR('',#5680,1.);
#5680 = DIRECTION('',(0.,-1.));
#5681 = ( GEOMETRIC_REPRESENTATION_CONTEXT(2) 
PARAMETRIC_REPRESENTATION_CONTEXT() REPRESENTATION_CONTEXT('2D SPACE',''
  ) );
#5682 = PCURVE('',#5493,#5683);
#5683 = DEFINITIONAL_REPRESENTATION('',(#5684),#5688);
#5684 = LINE('',#5685,#5686);
#5685 = CARTESIAN_POINT('',(0.,-13.));
#5686 = VECTOR('',#5687,1.);
#5687 = DIRECTION('',(1.,0.));
#5688 = ( GEOMETRIC_REPRESENTATION_CONTEXT(2) 
PARAMETRIC_REPRESENTATION_CONTEXT() REPRESENTATION_CONTEXT('2D SPACE',''
  ) );
#5689 = ORIENTED_EDGE('',*,*,#5690,.T.);
#5690 = EDGE_CURVE('',#5668,#1443,#5691,.T.);
#5691 = SURFACE_CURVE('',#5692,(#5696,#5703),.PCURVE_S1.);
#5692 = LINE('',#5693,#5694);
#5693 = CARTESIAN_POINT('',(35.,0.4,-4.3));
#5694 = VECTOR('',#5695,1.);
#5695 = DIRECTION('',(0.,0.481918749772,0.876215908677));
#5696 = PCURVE('',#1486,#5697);
#5697 = DEFINITIONAL_REPRESENTATION('',(#5698),#5702);
#5698 = LINE('',#5699,#5700);
#5699 = CARTESIAN_POINT('',(-1.262997928946,-0.4));
#5700 = VECTOR('',#5701,1.);
#5701 = DIRECTION('',(0.876215908677,-0.481918749772));
#5702 = ( GEOMETRIC_REPRESENTATION_CONTEXT(2) 
PARAMETRIC_REPRESENTATION_CONTEXT() REPRESENTATION_CONTEXT('2D SPACE',''
  ) );
#5703 = PCURVE('',#1458,#5704);
#5704 = DEFINITIONAL_REPRESENTATION('',(#5705),#5709);
#5705 = LINE('',#5706,#5707);
#5706 = CARTESIAN_POINT('',(0.,-13.));
#5707 = VECTOR('',#5708,1.);
#5708 = DIRECTION('',(1.,0.));
#5709 = ( GEOMETRIC_REPRESENTATION_CONTEXT(2) 
PARAMETRIC_REPRESENTATION_CONTEXT() REPRESENTATION_CONTEXT('2D SPACE',''
  ) );
#5710 = ORIENTED_EDGE('',*,*,#1470,.T.);
#5711 = ADVANCED_FACE('',(#5712),#1458,.F.);
#5712 = FACE_BOUND('',#5713,.F.);
#5713 = EDGE_LOOP('',(#5714,#5715,#5736,#5737));
#5714 = ORIENTED_EDGE('',*,*,#5504,.F.);
#5715 = ORIENTED_EDGE('',*,*,#5716,.T.);
#5716 = EDGE_CURVE('',#5479,#5668,#5717,.T.);
#5717 = SURFACE_CURVE('',#5718,(#5722,#5729),.PCURVE_S1.);
#5718 = LINE('',#5719,#5720);
#5719 = CARTESIAN_POINT('',(22.,0.4,-4.3));
#5720 = VECTOR('',#5721,1.);
#5721 = DIRECTION('',(1.,0.,0.));
#5722 = PCURVE('',#1458,#5723);
#5723 = DEFINITIONAL_REPRESENTATION('',(#5724),#5728);
#5724 = LINE('',#5725,#5726);
#5725 = CARTESIAN_POINT('',(0.,0.));
#5726 = VECTOR('',#5727,1.);
#5727 = DIRECTION('',(0.,-1.));
#5728 = ( GEOMETRIC_REPRESENTATION_CONTEXT(2) 
PARAMETRIC_REPRESENTATION_CONTEXT() REPRESENTATION_CONTEXT('2D SPACE',''
  ) );
#5729 = PCURVE('',#5493,#5730);
#5730 = DEFINITIONAL_REPRESENTATION('',(#5731),#5735);
#5731 = LINE('',#5732,#5733);
#5732 = CARTESIAN_POINT('',(0.8,0.));
#5733 = VECTOR('',#5734,1.);
#5734 = DIRECTION('',(0.,-1.));
#5735 = ( GEOMETRIC_REPRESENTATION_CONTEXT(2) 
PARAMETRIC_REPRESENTATION_CONTEXT() REPRESENTATION_CONTEXT('2D SPACE',''
  ) );
#5736 = ORIENTED_EDGE('',*,*,#5690,.T.);
#5737 = ORIENTED_EDGE('',*,*,#1442,.F.);
#5738 = ADVANCED_FACE('',(#5739),#1404,.F.);
#5739 = FACE_BOUND('',#5740,.F.);
#5740 = EDGE_LOOP('',(#5741,#5742,#5743,#5766));
#5741 = ORIENTED_EDGE('',*,*,#5524,.F.);
#5742 = ORIENTED_EDGE('',*,*,#1388,.T.);
#5743 = ORIENTED_EDGE('',*,*,#5744,.T.);
#5744 = EDGE_CURVE('',#1361,#5745,#5747,.T.);
#5745 = VERTEX_POINT('',#5746);
#5746 = CARTESIAN_POINT('',(35.,4.6,-4.3));
#5747 = SURFACE_CURVE('',#5748,(#5752,#5759),.PCURVE_S1.);
#5748 = LINE('',#5749,#5750);
#5749 = CARTESIAN_POINT('',(35.,3.5,-2.3));
#5750 = VECTOR('',#5751,1.);
#5751 = DIRECTION('',(0.,0.481918749772,-0.876215908677));
#5752 = PCURVE('',#1404,#5753);
#5753 = DEFINITIONAL_REPRESENTATION('',(#5754),#5758);
#5754 = LINE('',#5755,#5756);
#5755 = CARTESIAN_POINT('',(0.,-13.));
#5756 = VECTOR('',#5757,1.);
#5757 = DIRECTION('',(1.,0.));
#5758 = ( GEOMETRIC_REPRESENTATION_CONTEXT(2) 
PARAMETRIC_REPRESENTATION_CONTEXT() REPRESENTATION_CONTEXT('2D SPACE',''
  ) );
#5759 = PCURVE('',#1376,#5760);
#5760 = DEFINITIONAL_REPRESENTATION('',(#5761),#5765);
#5761 = LINE('',#5762,#5763);
#5762 = CARTESIAN_POINT('',(0.737002071054,1.5));
#5763 = VECTOR('',#5764,1.);
#5764 = DIRECTION('',(-0.876215908677,-0.481918749772));
#5765 = ( GEOMETRIC_REPRESENTATION_CONTEXT(2) 
PARAMETRIC_REPRESENTATION_CONTEXT() REPRESENTATION_CONTEXT('2D SPACE',''
  ) );
#5766 = ORIENTED_EDGE('',*,*,#5767,.F.);
#5767 = EDGE_CURVE('',#5525,#5745,#5768,.T.);
#5768 = SURFACE_CURVE('',#5769,(#5773,#5780),.PCURVE_S1.);
#5769 = LINE('',#5770,#5771);
#5770 = CARTESIAN_POINT('',(22.,4.6,-4.3));
#5771 = VECTOR('',#5772,1.);
#5772 = DIRECTION('',(1.,0.,0.));
#5773 = PCURVE('',#1404,#5774);
#5774 = DEFINITIONAL_REPRESENTATION('',(#5775),#5779);
#5775 = LINE('',#5776,#5777);
#5776 = CARTESIAN_POINT('',(2.282542442103,0.));
#5777 = VECTOR('',#5778,1.);
#5778 = DIRECTION('',(0.,-1.));
#5779 = ( GEOMETRIC_REPRESENTATION_CONTEXT(2) 
PARAMETRIC_REPRESENTATION_CONTEXT() REPRESENTATION_CONTEXT('2D SPACE',''
  ) );
#5780 = PCURVE('',#5560,#5781);
#5781 = DEFINITIONAL_REPRESENTATION('',(#5782),#5786);
#5782 = LINE('',#5783,#5784);
#5783 = CARTESIAN_POINT('',(0.,0.));
#5784 = VECTOR('',#5785,1.);
#5785 = DIRECTION('',(0.,-1.));
#5786 = ( GEOMETRIC_REPRESENTATION_CONTEXT(2) 
PARAMETRIC_REPRESENTATION_CONTEXT() REPRESENTATION_CONTEXT('2D SPACE',''
  ) );
#5787 = ADVANCED_FACE('',(#5788),#1376,.T.);
#5788 = FACE_BOUND('',#5789,.T.);
#5789 = EDGE_LOOP('',(#5790,#5791,#5814,#5835));
#5790 = ORIENTED_EDGE('',*,*,#5744,.T.);
#5791 = ORIENTED_EDGE('',*,*,#5792,.T.);
#5792 = EDGE_CURVE('',#5745,#5793,#5795,.T.);
#5793 = VERTEX_POINT('',#5794);
#5794 = CARTESIAN_POINT('',(35.,5.4,-4.3));
#5795 = SURFACE_CURVE('',#5796,(#5800,#5807),.PCURVE_S1.);
#5796 = LINE('',#5797,#5798);
#5797 = CARTESIAN_POINT('',(35.,4.6,-4.3));
#5798 = VECTOR('',#5799,1.);
#5799 = DIRECTION('',(0.,1.,0.));
#5800 = PCURVE('',#1376,#5801);
#5801 = DEFINITIONAL_REPRESENTATION('',(#5802),#5806);
#5802 = LINE('',#5803,#5804);
#5803 = CARTESIAN_POINT('',(-1.262997928946,0.4));
#5804 = VECTOR('',#5805,1.);
#5805 = DIRECTION('',(0.,-1.));
#5806 = ( GEOMETRIC_REPRESENTATION_CONTEXT(2) 
PARAMETRIC_REPRESENTATION_CONTEXT() REPRESENTATION_CONTEXT('2D SPACE',''
  ) );
#5807 = PCURVE('',#5560,#5808);
#5808 = DEFINITIONAL_REPRESENTATION('',(#5809),#5813);
#5809 = LINE('',#5810,#5811);
#5810 = CARTESIAN_POINT('',(0.,-13.));
#5811 = VECTOR('',#5812,1.);
#5812 = DIRECTION('',(1.,0.));
#5813 = ( GEOMETRIC_REPRESENTATION_CONTEXT(2) 
PARAMETRIC_REPRESENTATION_CONTEXT() REPRESENTATION_CONTEXT('2D SPACE',''
  ) );
#5814 = ORIENTED_EDGE('',*,*,#5815,.T.);
#5815 = EDGE_CURVE('',#5793,#1333,#5816,.T.);
#5816 = SURFACE_CURVE('',#5817,(#5821,#5828),.PCURVE_S1.);
#5817 = LINE('',#5818,#5819);
#5818 = CARTESIAN_POINT('',(35.,5.4,-4.3));
#5819 = VECTOR('',#5820,1.);
#5820 = DIRECTION('',(0.,0.481918749772,0.876215908677));
#5821 = PCURVE('',#1376,#5822);
#5822 = DEFINITIONAL_REPRESENTATION('',(#5823),#5827);
#5823 = LINE('',#5824,#5825);
#5824 = CARTESIAN_POINT('',(-1.262997928946,-0.4));
#5825 = VECTOR('',#5826,1.);
#5826 = DIRECTION('',(0.876215908677,-0.481918749772));
#5827 = ( GEOMETRIC_REPRESENTATION_CONTEXT(2) 
PARAMETRIC_REPRESENTATION_CONTEXT() REPRESENTATION_CONTEXT('2D SPACE',''
  ) );
#5828 = PCURVE('',#1348,#5829);
#5829 = DEFINITIONAL_REPRESENTATION('',(#5830),#5834);
#5830 = LINE('',#5831,#5832);
#5831 = CARTESIAN_POINT('',(0.,-13.));
#5832 = VECTOR('',#5833,1.);
#5833 = DIRECTION('',(1.,0.));
#5834 = ( GEOMETRIC_REPRESENTATION_CONTEXT(2) 
PARAMETRIC_REPRESENTATION_CONTEXT() REPRESENTATION_CONTEXT('2D SPACE',''
  ) );
#5835 = ORIENTED_EDGE('',*,*,#1360,.T.);
#5836 = ADVANCED_FACE('',(#5837),#1348,.F.);
#5837 = FACE_BOUND('',#5838,.F.);
#5838 = EDGE_LOOP('',(#5839,#5840,#5861,#5862,#5863,#5886));
#5839 = ORIENTED_EDGE('',*,*,#5571,.F.);
#5840 = ORIENTED_EDGE('',*,*,#5841,.T.);
#5841 = EDGE_CURVE('',#5546,#5793,#5842,.T.);
#5842 = SURFACE_CURVE('',#5843,(#5847,#5854),.PCURVE_S1.);
#5843 = LINE('',#5844,#5845);
#5844 = CARTESIAN_POINT('',(22.,5.4,-4.3));
#5845 = VECTOR('',#5846,1.);
#5846 = DIRECTION('',(1.,0.,0.));
#5847 = PCURVE('',#1348,#5848);
#5848 = DEFINITIONAL_REPRESENTATION('',(#5849),#5853);
#5849 = LINE('',#5850,#5851);
#5850 = CARTESIAN_POINT('',(0.,0.));
#5851 = VECTOR('',#5852,1.);
#5852 = DIRECTION('',(0.,-1.));
#5853 = ( GEOMETRIC_REPRESENTATION_CONTEXT(2) 
PARAMETRIC_REPRESENTATION_CONTEXT() REPRESENTATION_CONTEXT('2D SPACE',''
  ) );
#5854 = PCURVE('',#5560,#5855);
#5855 = DEFINITIONAL_REPRESENTATION('',(#5856),#5860);
#5856 = LINE('',#5857,#5858);
#5857 = CARTESIAN_POINT('',(0.8,0.));
#5858 = VECTOR('',#5859,1.);
#5859 = DIRECTION('',(0.,-1.));
#5860 = ( GEOMETRIC_REPRESENTATION_CONTEXT(2) 
PARAMETRIC_REPRESENTATION_CONTEXT() REPRESENTATION_CONTEXT('2D SPACE',''
  ) );
#5861 = ORIENTED_EDGE('',*,*,#5815,.T.);
#5862 = ORIENTED_EDGE('',*,*,#1332,.F.);
#5863 = ORIENTED_EDGE('',*,*,#5864,.F.);
#5864 = EDGE_CURVE('',#5865,#1307,#5867,.T.);
#5865 = VERTEX_POINT('',#5866);
#5866 = CARTESIAN_POINT('',(22.,6.,-3.209090909091));
#5867 = SURFACE_CURVE('',#5868,(#5872,#5879),.PCURVE_S1.);
#5868 = LINE('',#5869,#5870);
#5869 = CARTESIAN_POINT('',(22.,5.4,-4.3));
#5870 = VECTOR('',#5871,1.);
#5871 = DIRECTION('',(0.,0.481918749772,0.876215908677));
#5872 = PCURVE('',#1348,#5873);
#5873 = DEFINITIONAL_REPRESENTATION('',(#5874),#5878);
#5874 = LINE('',#5875,#5876);
#5875 = CARTESIAN_POINT('',(0.,0.));
#5876 = VECTOR('',#5877,1.);
#5877 = DIRECTION('',(1.,0.));
#5878 = ( GEOMETRIC_REPRESENTATION_CONTEXT(2) 
PARAMETRIC_REPRESENTATION_CONTEXT() REPRESENTATION_CONTEXT('2D SPACE',''
  ) );
#5879 = PCURVE('',#1321,#5880);
#5880 = DEFINITIONAL_REPRESENTATION('',(#5881),#5885);
#5881 = LINE('',#5882,#5883);
#5882 = CARTESIAN_POINT('',(-0.85,-14.4));
#5883 = VECTOR('',#5884,1.);
#5884 = DIRECTION('',(0.876215908677,-0.481918749772));
#5885 = ( GEOMETRIC_REPRESENTATION_CONTEXT(2) 
PARAMETRIC_REPRESENTATION_CONTEXT() REPRESENTATION_CONTEXT('2D SPACE',''
  ) );
#5886 = ORIENTED_EDGE('',*,*,#5887,.F.);
#5887 = EDGE_CURVE('',#5572,#5865,#5888,.T.);
#5888 = SURFACE_CURVE('',#5889,(#5893,#5899),.PCURVE_S1.);
#5889 = LINE('',#5890,#5891);
#5890 = CARTESIAN_POINT('',(21.75,6.,-3.209090909091));
#5891 = VECTOR('',#5892,1.);
#5892 = DIRECTION('',(-1.,0.,0.));
#5893 = PCURVE('',#1348,#5894);
#5894 = DEFINITIONAL_REPRESENTATION('',(#5895),#5898);
#5895 = B_SPLINE_CURVE_WITH_KNOTS('',1,(#5896,#5897),.UNSPECIFIED.,.F.,
  .F.,(2,2),(-6.75,-0.25),.PIECEWISE_BEZIER_KNOTS.);
#5896 = CARTESIAN_POINT('',(1.245023150238,-6.5));
#5897 = CARTESIAN_POINT('',(1.245023150238,0.));
#5898 = ( GEOMETRIC_REPRESENTATION_CONTEXT(2) 
PARAMETRIC_REPRESENTATION_CONTEXT() REPRESENTATION_CONTEXT('2D SPACE',''
  ) );
#5899 = PCURVE('',#4157,#5900);
#5900 = DEFINITIONAL_REPRESENTATION('',(#5901),#5904);
#5901 = B_SPLINE_CURVE_WITH_KNOTS('',1,(#5902,#5903),.UNSPECIFIED.,.F.,
  .F.,(2,2),(-6.75,-0.25),.PIECEWISE_BEZIER_KNOTS.);
#5902 = CARTESIAN_POINT('',(2.090909090909,7.));
#5903 = CARTESIAN_POINT('',(2.090909090909,0.5));
#5904 = ( GEOMETRIC_REPRESENTATION_CONTEXT(2) 
PARAMETRIC_REPRESENTATION_CONTEXT() REPRESENTATION_CONTEXT('2D SPACE',''
  ) );
#5905 = ADVANCED_FACE('',(#5906),#1321,.T.);
#5906 = FACE_BOUND('',#5907,.T.);
#5907 = EDGE_LOOP('',(#5908,#5909,#5930,#5951,#5952,#5973));
#5908 = ORIENTED_EDGE('',*,*,#5864,.F.);
#5909 = ORIENTED_EDGE('',*,*,#5910,.F.);
#5910 = EDGE_CURVE('',#5911,#5865,#5913,.T.);
#5911 = VERTEX_POINT('',#5912);
#5912 = CARTESIAN_POINT('',(22.,6.,-3.45));
#5913 = SURFACE_CURVE('',#5914,(#5918,#5924),.PCURVE_S1.);
#5914 = LINE('',#5915,#5916);
#5915 = CARTESIAN_POINT('',(22.,6.,-4.375));
#5916 = VECTOR('',#5917,1.);
#5917 = DIRECTION('',(0.,0.,1.));
#5918 = PCURVE('',#1321,#5919);
#5919 = DEFINITIONAL_REPRESENTATION('',(#5920),#5923);
#5920 = B_SPLINE_CURVE_WITH_KNOTS('',1,(#5921,#5922),.UNSPECIFIED.,.F.,
  .F.,(2,2),(0.925,2.075),.PIECEWISE_BEZIER_KNOTS.);
#5921 = CARTESIAN_POINT('',(-1.110223024625E-16,-15.));
#5922 = CARTESIAN_POINT('',(1.15,-15.));
#5923 = ( GEOMETRIC_REPRESENTATION_CONTEXT(2) 
PARAMETRIC_REPRESENTATION_CONTEXT() REPRESENTATION_CONTEXT('2D SPACE',''
  ) );
#5924 = PCURVE('',#4157,#5925);
#5925 = DEFINITIONAL_REPRESENTATION('',(#5926),#5929);
#5926 = B_SPLINE_CURVE_WITH_KNOTS('',1,(#5927,#5928),.UNSPECIFIED.,.F.,
  .F.,(2,2),(0.925,2.075),.PIECEWISE_BEZIER_KNOTS.);
#5927 = CARTESIAN_POINT('',(1.85,0.5));
#5928 = CARTESIAN_POINT('',(3.,0.5));
#5929 = ( GEOMETRIC_REPRESENTATION_CONTEXT(2) 
PARAMETRIC_REPRESENTATION_CONTEXT() REPRESENTATION_CONTEXT('2D SPACE',''
  ) );
#5930 = ORIENTED_EDGE('',*,*,#5931,.T.);
#5931 = EDGE_CURVE('',#5911,#1803,#5932,.T.);
#5932 = SURFACE_CURVE('',#5933,(#5937,#5944),.PCURVE_S1.);
#5933 = LINE('',#5934,#5935);
#5934 = CARTESIAN_POINT('',(22.,-9.,-3.45));
#5935 = VECTOR('',#5936,1.);
#5936 = DIRECTION('',(0.,1.,0.));
#5937 = PCURVE('',#1321,#5938);
#5938 = DEFINITIONAL_REPRESENTATION('',(#5939),#5943);
#5939 = LINE('',#5940,#5941);
#5940 = CARTESIAN_POINT('',(0.,0.));
#5941 = VECTOR('',#5942,1.);
#5942 = DIRECTION('',(0.,-1.));
#5943 = ( GEOMETRIC_REPRESENTATION_CONTEXT(2) 
PARAMETRIC_REPRESENTATION_CONTEXT() REPRESENTATION_CONTEXT('2D SPACE',''
  ) );
#5944 = PCURVE('',#1818,#5945);
#5945 = DEFINITIONAL_REPRESENTATION('',(#5946),#5950);
#5946 = LINE('',#5947,#5948);
#5947 = CARTESIAN_POINT('',(12.,0.));
#5948 = VECTOR('',#5949,1.);
#5949 = DIRECTION('',(0.,1.));
#5950 = ( GEOMETRIC_REPRESENTATION_CONTEXT(2) 
PARAMETRIC_REPRESENTATION_CONTEXT() REPRESENTATION_CONTEXT('2D SPACE',''
  ) );
#5951 = ORIENTED_EDGE('',*,*,#1900,.T.);
#5952 = ORIENTED_EDGE('',*,*,#5953,.F.);
#5953 = EDGE_CURVE('',#1279,#1878,#5954,.T.);
#5954 = SURFACE_CURVE('',#5955,(#5959,#5966),.PCURVE_S1.);
#5955 = LINE('',#5956,#5957);
#5956 = CARTESIAN_POINT('',(22.,8.5,-2.3));
#5957 = VECTOR('',#5958,1.);
#5958 = DIRECTION('',(0.,0.481918749772,-0.876215908677));
#5959 = PCURVE('',#1321,#5960);
#5960 = DEFINITIONAL_REPRESENTATION('',(#5961),#5965);
#5961 = LINE('',#5962,#5963);
#5962 = CARTESIAN_POINT('',(1.15,-17.5));
#5963 = VECTOR('',#5964,1.);
#5964 = DIRECTION('',(-0.876215908677,-0.481918749772));
#5965 = ( GEOMETRIC_REPRESENTATION_CONTEXT(2) 
PARAMETRIC_REPRESENTATION_CONTEXT() REPRESENTATION_CONTEXT('2D SPACE',''
  ) );
#5966 = PCURVE('',#1294,#5967);
#5967 = DEFINITIONAL_REPRESENTATION('',(#5968),#5972);
#5968 = LINE('',#5969,#5970);
#5969 = CARTESIAN_POINT('',(0.,0.));
#5970 = VECTOR('',#5971,1.);
#5971 = DIRECTION('',(1.,0.));
#5972 = ( GEOMETRIC_REPRESENTATION_CONTEXT(2) 
PARAMETRIC_REPRESENTATION_CONTEXT() REPRESENTATION_CONTEXT('2D SPACE',''
  ) );
#5973 = ORIENTED_EDGE('',*,*,#1306,.F.);
#5974 = ADVANCED_FACE('',(#5975),#1294,.F.);
#5975 = FACE_BOUND('',#5976,.F.);
#5976 = EDGE_LOOP('',(#5977,#5978,#6001,#6029,#6050));
#5977 = ORIENTED_EDGE('',*,*,#1278,.T.);
#5978 = ORIENTED_EDGE('',*,*,#5979,.T.);
#5979 = EDGE_CURVE('',#1251,#5980,#5982,.T.);
#5980 = VERTEX_POINT('',#5981);
#5981 = CARTESIAN_POINT('',(35.,9.6,-4.3));
#5982 = SURFACE_CURVE('',#5983,(#5987,#5994),.PCURVE_S1.);
#5983 = LINE('',#5984,#5985);
#5984 = CARTESIAN_POINT('',(35.,8.5,-2.3));
#5985 = VECTOR('',#5986,1.);
#5986 = DIRECTION('',(0.,0.481918749772,-0.876215908677));
#5987 = PCURVE('',#1294,#5988);
#5988 = DEFINITIONAL_REPRESENTATION('',(#5989),#5993);
#5989 = LINE('',#5990,#5991);
#5990 = CARTESIAN_POINT('',(0.,-13.));
#5991 = VECTOR('',#5992,1.);
#5992 = DIRECTION('',(1.,0.));
#5993 = ( GEOMETRIC_REPRESENTATION_CONTEXT(2) 
PARAMETRIC_REPRESENTATION_CONTEXT() REPRESENTATION_CONTEXT('2D SPACE',''
  ) );
#5994 = PCURVE('',#1266,#5995);
#5995 = DEFINITIONAL_REPRESENTATION('',(#5996),#6000);
#5996 = LINE('',#5997,#5998);
#5997 = CARTESIAN_POINT('',(0.737002071054,1.5));
#5998 = VECTOR('',#5999,1.);
#5999 = DIRECTION('',(-0.876215908677,-0.481918749772));
#6000 = ( GEOMETRIC_REPRESENTATION_CONTEXT(2) 
PARAMETRIC_REPRESENTATION_CONTEXT() REPRESENTATION_CONTEXT('2D SPACE',''
  ) );
#6001 = ORIENTED_EDGE('',*,*,#6002,.F.);
#6002 = EDGE_CURVE('',#6003,#5980,#6005,.T.);
#6003 = VERTEX_POINT('',#6004);
#6004 = CARTESIAN_POINT('',(22.,9.6,-4.3));
#6005 = SURFACE_CURVE('',#6006,(#6010,#6017),.PCURVE_S1.);
#6006 = LINE('',#6007,#6008);
#6007 = CARTESIAN_POINT('',(22.,9.6,-4.3));
#6008 = VECTOR('',#6009,1.);
#6009 = DIRECTION('',(1.,0.,0.));
#6010 = PCURVE('',#1294,#6011);
#6011 = DEFINITIONAL_REPRESENTATION('',(#6012),#6016);
#6012 = LINE('',#6013,#6014);
#6013 = CARTESIAN_POINT('',(2.282542442103,0.));
#6014 = VECTOR('',#6015,1.);
#6015 = DIRECTION('',(0.,-1.));
#6016 = ( GEOMETRIC_REPRESENTATION_CONTEXT(2) 
PARAMETRIC_REPRESENTATION_CONTEXT() REPRESENTATION_CONTEXT('2D SPACE',''
  ) );
#6017 = PCURVE('',#6018,#6023);
#6018 = PLANE('',#6019);
#6019 = AXIS2_PLACEMENT_3D('',#6020,#6021,#6022);
#6020 = CARTESIAN_POINT('',(22.,9.6,-4.3));
#6021 = DIRECTION('',(0.,0.,1.));
#6022 = DIRECTION('',(0.,1.,0.));
#6023 = DEFINITIONAL_REPRESENTATION('',(#6024),#6028);
#6024 = LINE('',#6025,#6026);
#6025 = CARTESIAN_POINT('',(0.,0.));
#6026 = VECTOR('',#6027,1.);
#6027 = DIRECTION('',(0.,-1.));
#6028 = ( GEOMETRIC_REPRESENTATION_CONTEXT(2) 
PARAMETRIC_REPRESENTATION_CONTEXT() REPRESENTATION_CONTEXT('2D SPACE',''
  ) );
#6029 = ORIENTED_EDGE('',*,*,#6030,.F.);
#6030 = EDGE_CURVE('',#1878,#6003,#6031,.T.);
#6031 = SURFACE_CURVE('',#6032,(#6036,#6043),.PCURVE_S1.);
#6032 = LINE('',#6033,#6034);
#6033 = CARTESIAN_POINT('',(22.,8.5,-2.3));
#6034 = VECTOR('',#6035,1.);
#6035 = DIRECTION('',(0.,0.481918749772,-0.876215908677));
#6036 = PCURVE('',#1294,#6037);
#6037 = DEFINITIONAL_REPRESENTATION('',(#6038),#6042);
#6038 = LINE('',#6039,#6040);
#6039 = CARTESIAN_POINT('',(0.,0.));
#6040 = VECTOR('',#6041,1.);
#6041 = DIRECTION('',(1.,0.));
#6042 = ( GEOMETRIC_REPRESENTATION_CONTEXT(2) 
PARAMETRIC_REPRESENTATION_CONTEXT() REPRESENTATION_CONTEXT('2D SPACE',''
  ) );
#6043 = PCURVE('',#1152,#6044);
#6044 = DEFINITIONAL_REPRESENTATION('',(#6045),#6049);
#6045 = LINE('',#6046,#6047);
#6046 = CARTESIAN_POINT('',(0.737002071054,1.5));
#6047 = VECTOR('',#6048,1.);
#6048 = DIRECTION('',(-0.876215908677,-0.481918749772));
#6049 = ( GEOMETRIC_REPRESENTATION_CONTEXT(2) 
PARAMETRIC_REPRESENTATION_CONTEXT() REPRESENTATION_CONTEXT('2D SPACE',''
  ) );
#6050 = ORIENTED_EDGE('',*,*,#5953,.F.);
#6051 = ADVANCED_FACE('',(#6052),#1266,.T.);
#6052 = FACE_BOUND('',#6053,.T.);
#6053 = EDGE_LOOP('',(#6054,#6055,#6056,#6079));
#6054 = ORIENTED_EDGE('',*,*,#1250,.T.);
#6055 = ORIENTED_EDGE('',*,*,#5979,.T.);
#6056 = ORIENTED_EDGE('',*,*,#6057,.T.);
#6057 = EDGE_CURVE('',#5980,#6058,#6060,.T.);
#6058 = VERTEX_POINT('',#6059);
#6059 = CARTESIAN_POINT('',(35.,10.112517806304,-4.3));
#6060 = SURFACE_CURVE('',#6061,(#6065,#6072),.PCURVE_S1.);
#6061 = LINE('',#6062,#6063);
#6062 = CARTESIAN_POINT('',(35.,9.6,-4.3));
#6063 = VECTOR('',#6064,1.);
#6064 = DIRECTION('',(0.,1.,0.));
#6065 = PCURVE('',#1266,#6066);
#6066 = DEFINITIONAL_REPRESENTATION('',(#6067),#6071);
#6067 = LINE('',#6068,#6069);
#6068 = CARTESIAN_POINT('',(-1.262997928946,0.4));
#6069 = VECTOR('',#6070,1.);
#6070 = DIRECTION('',(0.,-1.));
#6071 = ( GEOMETRIC_REPRESENTATION_CONTEXT(2) 
PARAMETRIC_REPRESENTATION_CONTEXT() REPRESENTATION_CONTEXT('2D SPACE',''
  ) );
#6072 = PCURVE('',#6018,#6073);
#6073 = DEFINITIONAL_REPRESENTATION('',(#6074),#6078);
#6074 = LINE('',#6075,#6076);
#6075 = CARTESIAN_POINT('',(0.,-13.));
#6076 = VECTOR('',#6077,1.);
#6077 = DIRECTION('',(1.,0.));
#6078 = ( GEOMETRIC_REPRESENTATION_CONTEXT(2) 
PARAMETRIC_REPRESENTATION_CONTEXT() REPRESENTATION_CONTEXT('2D SPACE',''
  ) );
#6079 = ORIENTED_EDGE('',*,*,#6080,.F.);
#6080 = EDGE_CURVE('',#1222,#6058,#6081,.T.);
#6081 = SURFACE_CURVE('',#6082,(#6086,#6092),.PCURVE_S1.);
#6082 = LINE('',#6083,#6084);
#6083 = CARTESIAN_POINT('',(35.,10.112517806304,-4.3));
#6084 = VECTOR('',#6085,1.);
#6085 = DIRECTION('',(-0.,-0.,-1.));
#6086 = PCURVE('',#1266,#6087);
#6087 = DEFINITIONAL_REPRESENTATION('',(#6088),#6091);
#6088 = B_SPLINE_CURVE_WITH_KNOTS('',1,(#6089,#6090),.UNSPECIFIED.,.F.,
  .F.,(2,2),(-2.1000006,5.999999999062E-07),.PIECEWISE_BEZIER_KNOTS.);
#6089 = CARTESIAN_POINT('',(0.837002671054,-0.112517806304));
#6090 = CARTESIAN_POINT('',(-1.262998528946,-0.112517806304));
#6091 = ( GEOMETRIC_REPRESENTATION_CONTEXT(2) 
PARAMETRIC_REPRESENTATION_CONTEXT() REPRESENTATION_CONTEXT('2D SPACE',''
  ) );
#6092 = PCURVE('',#1238,#6093);
#6093 = DEFINITIONAL_REPRESENTATION('',(#6094),#6097);
#6094 = B_SPLINE_CURVE_WITH_KNOTS('',1,(#6095,#6096),.UNSPECIFIED.,.F.,
  .F.,(2,2),(-2.,-0.),.PIECEWISE_BEZIER_KNOTS.);
#6095 = CARTESIAN_POINT('',(-4.936482072686,-2.));
#6096 = CARTESIAN_POINT('',(-4.936482072686,0.));
#6097 = ( GEOMETRIC_REPRESENTATION_CONTEXT(2) 
PARAMETRIC_REPRESENTATION_CONTEXT() REPRESENTATION_CONTEXT('2D SPACE',''
  ) );
#6098 = ADVANCED_FACE('',(#6099),#1238,.T.);
#6099 = FACE_BOUND('',#6100,.F.);
#6100 = EDGE_LOOP('',(#6101,#6102,#6130,#6152));
#6101 = ORIENTED_EDGE('',*,*,#1221,.T.);
#6102 = ORIENTED_EDGE('',*,*,#6103,.T.);
#6103 = EDGE_CURVE('',#1194,#6104,#6106,.T.);
#6104 = VERTEX_POINT('',#6105);
#6105 = CARTESIAN_POINT('',(32.145276300901,10.4,-4.3));
#6106 = SURFACE_CURVE('',#6107,(#6112,#6123),.PCURVE_S1.);
#6107 = ELLIPSE('',#6108,9.337673626784,4.5);
#6108 = AXIS2_PLACEMENT_3D('',#6109,#6110,#6111);
#6109 = CARTESIAN_POINT('',(34.,14.5,3.154545454545));
#6110 = DIRECTION('',(0.,-0.876215908677,0.481918749772));
#6111 = DIRECTION('',(0.,-0.481918749772,-0.876215908677));
#6112 = PCURVE('',#1238,#6113);
#6113 = DEFINITIONAL_REPRESENTATION('',(#6114),#6122);
#6114 = B_SPLINE_CURVE_WITH_KNOTS('',6,(#6115,#6116,#6117,#6118,#6119,
    #6120,#6121),.UNSPECIFIED.,.F.,.F.,(7,7),(5.442116636612,
    5.858360879701),.PIECEWISE_BEZIER_KNOTS.);
#6115 = CARTESIAN_POINT('',(-10.15450561699,-2.000000000234));
#6116 = CARTESIAN_POINT('',(-10.22387965751,-1.576931627819));
#6117 = CARTESIAN_POINT('',(-10.29325369802,-1.185364943156));
#6118 = CARTESIAN_POINT('',(-10.36262773854,-0.828964913281));
#6119 = CARTESIAN_POINT('',(-10.43200177905,-0.510942023801));
#6120 = CARTESIAN_POINT('',(-10.50137581957,-0.233944867355));
#6121 = CARTESIAN_POINT('',(-10.57074986008,6.237823381425E-14));
#6122 = ( GEOMETRIC_REPRESENTATION_CONTEXT(2) 
PARAMETRIC_REPRESENTATION_CONTEXT() REPRESENTATION_CONTEXT('2D SPACE',''
  ) );
#6123 = PCURVE('',#1209,#6124);
#6124 = DEFINITIONAL_REPRESENTATION('',(#6125),#6129);
#6125 = ELLIPSE('',#6126,9.337673626784,4.5);
#6126 = AXIS2_PLACEMENT_2D('',#6127,#6128);
#6127 = CARTESIAN_POINT('',(8.507658193292,-12.));
#6128 = DIRECTION('',(-1.,-0.));
#6129 = ( GEOMETRIC_REPRESENTATION_CONTEXT(2) 
PARAMETRIC_REPRESENTATION_CONTEXT() REPRESENTATION_CONTEXT('2D SPACE',''
  ) );
#6130 = ORIENTED_EDGE('',*,*,#6131,.F.);
#6131 = EDGE_CURVE('',#6058,#6104,#6132,.T.);
#6132 = SURFACE_CURVE('',#6133,(#6138,#6145),.PCURVE_S1.);
#6133 = CIRCLE('',#6134,4.5);
#6134 = AXIS2_PLACEMENT_3D('',#6135,#6136,#6137);
#6135 = CARTESIAN_POINT('',(34.,14.5,-4.3));
#6136 = DIRECTION('',(0.,0.,1.));
#6137 = DIRECTION('',(0.222222222222,-0.974996043044,0.));
#6138 = PCURVE('',#1238,#6139);
#6139 = DEFINITIONAL_REPRESENTATION('',(#6140),#6144);
#6140 = LINE('',#6141,#6142);
#6141 = CARTESIAN_POINT('',(-4.936482072686,0.));
#6142 = VECTOR('',#6143,1.);
#6143 = DIRECTION('',(-1.,0.));
#6144 = ( GEOMETRIC_REPRESENTATION_CONTEXT(2) 
PARAMETRIC_REPRESENTATION_CONTEXT() REPRESENTATION_CONTEXT('2D SPACE',''
  ) );
#6145 = PCURVE('',#6018,#6146);
#6146 = DEFINITIONAL_REPRESENTATION('',(#6147),#6151);
#6147 = CIRCLE('',#6148,4.5);
#6148 = AXIS2_PLACEMENT_2D('',#6149,#6150);
#6149 = CARTESIAN_POINT('',(4.9,-12.));
#6150 = DIRECTION('',(-0.974996043044,-0.222222222222));
#6151 = ( GEOMETRIC_REPRESENTATION_CONTEXT(2) 
PARAMETRIC_REPRESENTATION_CONTEXT() REPRESENTATION_CONTEXT('2D SPACE',''
  ) );
#6152 = ORIENTED_EDGE('',*,*,#6080,.F.);
#6153 = ADVANCED_FACE('',(#6154),#1209,.F.);
#6154 = FACE_BOUND('',#6155,.F.);
#6155 = EDGE_LOOP('',(#6156,#6184,#6205,#6206));
#6156 = ORIENTED_EDGE('',*,*,#6157,.F.);
#6157 = EDGE_CURVE('',#6158,#1165,#6160,.T.);
#6158 = VERTEX_POINT('',#6159);
#6159 = CARTESIAN_POINT('',(25.854723699099,10.4,-4.3));
#6160 = SURFACE_CURVE('',#6161,(#6166,#6173),.PCURVE_S1.);
#6161 = ELLIPSE('',#6162,9.337673626784,4.5);
#6162 = AXIS2_PLACEMENT_3D('',#6163,#6164,#6165);
#6163 = CARTESIAN_POINT('',(24.,14.5,3.154545454545));
#6164 = DIRECTION('',(0.,-0.876215908677,0.481918749772));
#6165 = DIRECTION('',(0.,-0.481918749772,-0.876215908677));
#6166 = PCURVE('',#1209,#6167);
#6167 = DEFINITIONAL_REPRESENTATION('',(#6168),#6172);
#6168 = ELLIPSE('',#6169,9.337673626784,4.5);
#6169 = AXIS2_PLACEMENT_2D('',#6170,#6171);
#6170 = CARTESIAN_POINT('',(8.507658193292,-2.));
#6171 = DIRECTION('',(-1.,-0.));
#6172 = ( GEOMETRIC_REPRESENTATION_CONTEXT(2) 
PARAMETRIC_REPRESENTATION_CONTEXT() REPRESENTATION_CONTEXT('2D SPACE',''
  ) );
#6173 = PCURVE('',#1181,#6174);
#6174 = DEFINITIONAL_REPRESENTATION('',(#6175),#6183);
#6175 = B_SPLINE_CURVE_WITH_KNOTS('',6,(#6176,#6177,#6178,#6179,#6180,
    #6181,#6182),.UNSPECIFIED.,.F.,.F.,(7,7),(0.424824427479,
    0.841068670568),.PIECEWISE_BEZIER_KNOTS.);
#6176 = CARTESIAN_POINT('',(-5.137213407864,1.221539939573E-13));
#6177 = CARTESIAN_POINT('',(-5.206587448378,-0.233944867355));
#6178 = CARTESIAN_POINT('',(-5.275961488893,-0.510942023801));
#6179 = CARTESIAN_POINT('',(-5.345335529408,-0.828964913281));
#6180 = CARTESIAN_POINT('',(-5.414709569923,-1.185364943156));
#6181 = CARTESIAN_POINT('',(-5.484083610438,-1.576931627819));
#6182 = CARTESIAN_POINT('',(-5.553457650953,-2.000000000234));
#6183 = ( GEOMETRIC_REPRESENTATION_CONTEXT(2) 
PARAMETRIC_REPRESENTATION_CONTEXT() REPRESENTATION_CONTEXT('2D SPACE',''
  ) );
#6184 = ORIENTED_EDGE('',*,*,#6185,.T.);
#6185 = EDGE_CURVE('',#6158,#6104,#6186,.T.);
#6186 = SURFACE_CURVE('',#6187,(#6191,#6198),.PCURVE_S1.);
#6187 = LINE('',#6188,#6189);
#6188 = CARTESIAN_POINT('',(22.,10.4,-4.3));
#6189 = VECTOR('',#6190,1.);
#6190 = DIRECTION('',(1.,0.,0.));
#6191 = PCURVE('',#1209,#6192);
#6192 = DEFINITIONAL_REPRESENTATION('',(#6193),#6197);
#6193 = LINE('',#6194,#6195);
#6194 = CARTESIAN_POINT('',(0.,0.));
#6195 = VECTOR('',#6196,1.);
#6196 = DIRECTION('',(0.,-1.));
#6197 = ( GEOMETRIC_REPRESENTATION_CONTEXT(2) 
PARAMETRIC_REPRESENTATION_CONTEXT() REPRESENTATION_CONTEXT('2D SPACE',''
  ) );
#6198 = PCURVE('',#6018,#6199);
#6199 = DEFINITIONAL_REPRESENTATION('',(#6200),#6204);
#6200 = LINE('',#6201,#6202);
#6201 = CARTESIAN_POINT('',(0.8,0.));
#6202 = VECTOR('',#6203,1.);
#6203 = DIRECTION('',(0.,-1.));
#6204 = ( GEOMETRIC_REPRESENTATION_CONTEXT(2) 
PARAMETRIC_REPRESENTATION_CONTEXT() REPRESENTATION_CONTEXT('2D SPACE',''
  ) );
#6205 = ORIENTED_EDGE('',*,*,#6103,.F.);
#6206 = ORIENTED_EDGE('',*,*,#1193,.F.);
#6207 = ADVANCED_FACE('',(#6208),#1181,.T.);
#6208 = FACE_BOUND('',#6209,.F.);
#6209 = EDGE_LOOP('',(#6210,#6211,#6232,#6264,#6286));
#6210 = ORIENTED_EDGE('',*,*,#1164,.T.);
#6211 = ORIENTED_EDGE('',*,*,#6212,.T.);
#6212 = EDGE_CURVE('',#1137,#6213,#6215,.T.);
#6213 = VERTEX_POINT('',#6214);
#6214 = CARTESIAN_POINT('',(22.,10.468871125851,-4.17477977118));
#6215 = SURFACE_CURVE('',#6216,(#6220,#6226),.PCURVE_S1.);
#6216 = LINE('',#6217,#6218);
#6217 = CARTESIAN_POINT('',(22.,10.468871125851,-4.3));
#6218 = VECTOR('',#6219,1.);
#6219 = DIRECTION('',(-0.,-0.,-1.));
#6220 = PCURVE('',#1181,#6221);
#6221 = DEFINITIONAL_REPRESENTATION('',(#6222),#6225);
#6222 = B_SPLINE_CURVE_WITH_KNOTS('',1,(#6223,#6224),.UNSPECIFIED.,.F.,
  .F.,(2,2),(-2.,-0.12522022882),.PIECEWISE_BEZIER_KNOTS.);
#6223 = CARTESIAN_POINT('',(-10.53502029588,-2.));
#6224 = CARTESIAN_POINT('',(-10.53502029588,-0.12522022882));
#6225 = ( GEOMETRIC_REPRESENTATION_CONTEXT(2) 
PARAMETRIC_REPRESENTATION_CONTEXT() REPRESENTATION_CONTEXT('2D SPACE',''
  ) );
#6226 = PCURVE('',#1152,#6227);
#6227 = DEFINITIONAL_REPRESENTATION('',(#6228),#6231);
#6228 = B_SPLINE_CURVE_WITH_KNOTS('',1,(#6229,#6230),.UNSPECIFIED.,.F.,
  .F.,(2,2),(-2.1000006,5.999999999062E-07),.PIECEWISE_BEZIER_KNOTS.);
#6229 = CARTESIAN_POINT('',(0.837002671054,-0.468871125851));
#6230 = CARTESIAN_POINT('',(-1.262998528946,-0.468871125851));
#6231 = ( GEOMETRIC_REPRESENTATION_CONTEXT(2) 
PARAMETRIC_REPRESENTATION_CONTEXT() REPRESENTATION_CONTEXT('2D SPACE',''
  ) );
#6232 = ORIENTED_EDGE('',*,*,#6233,.T.);
#6233 = EDGE_CURVE('',#6213,#6234,#6236,.T.);
#6234 = VERTEX_POINT('',#6235);
#6235 = CARTESIAN_POINT('',(22.145276300901,10.4,-4.3));
#6236 = SURFACE_CURVE('',#6237,(#6242,#6252),.PCURVE_S1.);
#6237 = ELLIPSE('',#6238,9.337673626784,4.5);
#6238 = AXIS2_PLACEMENT_3D('',#6239,#6240,#6241);
#6239 = CARTESIAN_POINT('',(24.,14.5,3.154545454545));
#6240 = DIRECTION('',(0.,-0.876215908677,0.481918749772));
#6241 = DIRECTION('',(0.,-0.481918749772,-0.876215908677));
#6242 = PCURVE('',#1181,#6243);
#6243 = DEFINITIONAL_REPRESENTATION('',(#6244),#6251);
#6244 = B_SPLINE_CURVE_WITH_KNOTS('',5,(#6245,#6246,#6247,#6248,#6249,
    #6250),.UNSPECIFIED.,.F.,.F.,(6,6),(5.822631315498,5.858360879701),
  .PIECEWISE_BEZIER_KNOTS.);
#6245 = CARTESIAN_POINT('',(-10.53502029588,-0.125220194778));
#6246 = CARTESIAN_POINT('',(-10.54216620872,-9.923506576539E-02));
#6247 = CARTESIAN_POINT('',(-10.54931212156,-7.371776924651E-02));
#6248 = CARTESIAN_POINT('',(-10.5564580344,-4.867106824365E-02));
#6249 = CARTESIAN_POINT('',(-10.56360394724,-2.409762526702E-02));
#6250 = CARTESIAN_POINT('',(-10.57074986008,4.141386489368E-14));
#6251 = ( GEOMETRIC_REPRESENTATION_CONTEXT(2) 
PARAMETRIC_REPRESENTATION_CONTEXT() REPRESENTATION_CONTEXT('2D SPACE',''
  ) );
#6252 = PCURVE('',#6253,#6258);
#6253 = PLANE('',#6254);
#6254 = AXIS2_PLACEMENT_3D('',#6255,#6256,#6257);
#6255 = CARTESIAN_POINT('',(22.,10.4,-4.3));
#6256 = DIRECTION('',(0.,-0.876215908677,0.481918749772));
#6257 = DIRECTION('',(0.,0.481918749772,0.876215908677));
#6258 = DEFINITIONAL_REPRESENTATION('',(#6259),#6263);
#6259 = ELLIPSE('',#6260,9.337673626784,4.5);
#6260 = AXIS2_PLACEMENT_2D('',#6261,#6262);
#6261 = CARTESIAN_POINT('',(8.507658193292,-2.));
#6262 = DIRECTION('',(-1.,-0.));
#6263 = ( GEOMETRIC_REPRESENTATION_CONTEXT(2) 
PARAMETRIC_REPRESENTATION_CONTEXT() REPRESENTATION_CONTEXT('2D SPACE',''
  ) );
#6264 = ORIENTED_EDGE('',*,*,#6265,.F.);
#6265 = EDGE_CURVE('',#6158,#6234,#6266,.T.);
#6266 = SURFACE_CURVE('',#6267,(#6272,#6279),.PCURVE_S1.);
#6267 = CIRCLE('',#6268,4.5);
#6268 = AXIS2_PLACEMENT_3D('',#6269,#6270,#6271);
#6269 = CARTESIAN_POINT('',(24.,14.5,-4.3));
#6270 = DIRECTION('',(0.,0.,1.));
#6271 = DIRECTION('',(0.412160822022,-0.911111111111,0.));
#6272 = PCURVE('',#1181,#6273);
#6273 = DEFINITIONAL_REPRESENTATION('',(#6274),#6278);
#6274 = LINE('',#6275,#6276);
#6275 = CARTESIAN_POINT('',(-5.137213407864,0.));
#6276 = VECTOR('',#6277,1.);
#6277 = DIRECTION('',(-1.,0.));
#6278 = ( GEOMETRIC_REPRESENTATION_CONTEXT(2) 
PARAMETRIC_REPRESENTATION_CONTEXT() REPRESENTATION_CONTEXT('2D SPACE',''
  ) );
#6279 = PCURVE('',#6018,#6280);
#6280 = DEFINITIONAL_REPRESENTATION('',(#6281),#6285);
#6281 = CIRCLE('',#6282,4.5);
#6282 = AXIS2_PLACEMENT_2D('',#6283,#6284);
#6283 = CARTESIAN_POINT('',(4.9,-2.));
#6284 = DIRECTION('',(-0.911111111111,-0.412160822022));
#6285 = ( GEOMETRIC_REPRESENTATION_CONTEXT(2) 
PARAMETRIC_REPRESENTATION_CONTEXT() REPRESENTATION_CONTEXT('2D SPACE',''
  ) );
#6286 = ORIENTED_EDGE('',*,*,#6157,.T.);
#6287 = ADVANCED_FACE('',(#6288),#1152,.F.);
#6288 = FACE_BOUND('',#6289,.F.);
#6289 = EDGE_LOOP('',(#6290,#6291,#6292,#6315,#6336,#6337));
#6290 = ORIENTED_EDGE('',*,*,#1877,.F.);
#6291 = ORIENTED_EDGE('',*,*,#6030,.T.);
#6292 = ORIENTED_EDGE('',*,*,#6293,.T.);
#6293 = EDGE_CURVE('',#6003,#6294,#6296,.T.);
#6294 = VERTEX_POINT('',#6295);
#6295 = CARTESIAN_POINT('',(22.,10.4,-4.3));
#6296 = SURFACE_CURVE('',#6297,(#6301,#6308),.PCURVE_S1.);
#6297 = LINE('',#6298,#6299);
#6298 = CARTESIAN_POINT('',(22.,9.6,-4.3));
#6299 = VECTOR('',#6300,1.);
#6300 = DIRECTION('',(0.,1.,0.));
#6301 = PCURVE('',#1152,#6302);
#6302 = DEFINITIONAL_REPRESENTATION('',(#6303),#6307);
#6303 = LINE('',#6304,#6305);
#6304 = CARTESIAN_POINT('',(-1.262997928946,0.4));
#6305 = VECTOR('',#6306,1.);
#6306 = DIRECTION('',(0.,-1.));
#6307 = ( GEOMETRIC_REPRESENTATION_CONTEXT(2) 
PARAMETRIC_REPRESENTATION_CONTEXT() REPRESENTATION_CONTEXT('2D SPACE',''
  ) );
#6308 = PCURVE('',#6018,#6309);
#6309 = DEFINITIONAL_REPRESENTATION('',(#6310),#6314);
#6310 = LINE('',#6311,#6312);
#6311 = CARTESIAN_POINT('',(0.,0.));
#6312 = VECTOR('',#6313,1.);
#6313 = DIRECTION('',(1.,0.));
#6314 = ( GEOMETRIC_REPRESENTATION_CONTEXT(2) 
PARAMETRIC_REPRESENTATION_CONTEXT() REPRESENTATION_CONTEXT('2D SPACE',''
  ) );
#6315 = ORIENTED_EDGE('',*,*,#6316,.T.);
#6316 = EDGE_CURVE('',#6294,#6213,#6317,.T.);
#6317 = SURFACE_CURVE('',#6318,(#6322,#6329),.PCURVE_S1.);
#6318 = LINE('',#6319,#6320);
#6319 = CARTESIAN_POINT('',(22.,10.4,-4.3));
#6320 = VECTOR('',#6321,1.);
#6321 = DIRECTION('',(0.,0.481918749772,0.876215908677));
#6322 = PCURVE('',#1152,#6323);
#6323 = DEFINITIONAL_REPRESENTATION('',(#6324),#6328);
#6324 = LINE('',#6325,#6326);
#6325 = CARTESIAN_POINT('',(-1.262997928946,-0.4));
#6326 = VECTOR('',#6327,1.);
#6327 = DIRECTION('',(0.876215908677,-0.481918749772));
#6328 = ( GEOMETRIC_REPRESENTATION_CONTEXT(2) 
PARAMETRIC_REPRESENTATION_CONTEXT() REPRESENTATION_CONTEXT('2D SPACE',''
  ) );
#6329 = PCURVE('',#6253,#6330);
#6330 = DEFINITIONAL_REPRESENTATION('',(#6331),#6335);
#6331 = LINE('',#6332,#6333);
#6332 = CARTESIAN_POINT('',(0.,0.));
#6333 = VECTOR('',#6334,1.);
#6334 = DIRECTION('',(1.,0.));
#6335 = ( GEOMETRIC_REPRESENTATION_CONTEXT(2) 
PARAMETRIC_REPRESENTATION_CONTEXT() REPRESENTATION_CONTEXT('2D SPACE',''
  ) );
#6336 = ORIENTED_EDGE('',*,*,#6212,.F.);
#6337 = ORIENTED_EDGE('',*,*,#1136,.T.);
#6338 = ADVANCED_FACE('',(#6339,#6367,#6589),#1075,.F.);
#6339 = FACE_BOUND('',#6340,.F.);
#6340 = EDGE_LOOP('',(#6341,#6362,#6363,#6364,#6365,#6366));
#6341 = ORIENTED_EDGE('',*,*,#6342,.T.);
#6342 = EDGE_CURVE('',#1032,#2353,#6343,.T.);
#6343 = SURFACE_CURVE('',#6344,(#6348,#6355),.PCURVE_S1.);
#6344 = LINE('',#6345,#6346);
#6345 = CARTESIAN_POINT('',(19.,-19.5,-2.3));
#6346 = VECTOR('',#6347,1.);
#6347 = DIRECTION('',(0.,0.,1.));
#6348 = PCURVE('',#1075,#6349);
#6349 = DEFINITIONAL_REPRESENTATION('',(#6350),#6354);
#6350 = LINE('',#6351,#6352);
#6351 = CARTESIAN_POINT('',(0.,3.));
#6352 = VECTOR('',#6353,1.);
#6353 = DIRECTION('',(0.,-1.));
#6354 = ( GEOMETRIC_REPRESENTATION_CONTEXT(2) 
PARAMETRIC_REPRESENTATION_CONTEXT() REPRESENTATION_CONTEXT('2D SPACE',''
  ) );
#6355 = PCURVE('',#1047,#6356);
#6356 = DEFINITIONAL_REPRESENTATION('',(#6357),#6361);
#6357 = LINE('',#6358,#6359);
#6358 = CARTESIAN_POINT('',(10.848133480005,3.));
#6359 = VECTOR('',#6360,1.);
#6360 = DIRECTION('',(0.,-1.));
#6361 = ( GEOMETRIC_REPRESENTATION_CONTEXT(2) 
PARAMETRIC_REPRESENTATION_CONTEXT() REPRESENTATION_CONTEXT('2D SPACE',''
  ) );
#6362 = ORIENTED_EDGE('',*,*,#2375,.T.);
#6363 = ORIENTED_EDGE('',*,*,#2530,.T.);
#6364 = ORIENTED_EDGE('',*,*,#3399,.F.);
#6365 = ORIENTED_EDGE('',*,*,#3497,.T.);
#6366 = ORIENTED_EDGE('',*,*,#1059,.F.);
#6367 = FACE_BOUND('',#6368,.F.);
#6368 = EDGE_LOOP('',(#6369,#6400,#6426,#6455,#6481,#6510,#6536,#6565));
#6369 = ORIENTED_EDGE('',*,*,#6370,.F.);
#6370 = EDGE_CURVE('',#6371,#6373,#6375,.T.);
#6371 = VERTEX_POINT('',#6372);
#6372 = CARTESIAN_POINT('',(38.,-19.5,27.));
#6373 = VERTEX_POINT('',#6374);
#6374 = CARTESIAN_POINT('',(41.,-19.5,30.));
#6375 = SURFACE_CURVE('',#6376,(#6381,#6388),.PCURVE_S1.);
#6376 = CIRCLE('',#6377,3.);
#6377 = AXIS2_PLACEMENT_3D('',#6378,#6379,#6380);
#6378 = CARTESIAN_POINT('',(41.,-19.5,27.));
#6379 = DIRECTION('',(0.,1.,0.));
#6380 = DIRECTION('',(-1.,0.,0.));
#6381 = PCURVE('',#1075,#6382);
#6382 = DEFINITIONAL_REPRESENTATION('',(#6383),#6387);
#6383 = CIRCLE('',#6384,3.);
#6384 = AXIS2_PLACEMENT_2D('',#6385,#6386);
#6385 = CARTESIAN_POINT('',(22.,-26.3));
#6386 = DIRECTION('',(-1.,0.));
#6387 = ( GEOMETRIC_REPRESENTATION_CONTEXT(2) 
PARAMETRIC_REPRESENTATION_CONTEXT() REPRESENTATION_CONTEXT('2D SPACE',''
  ) );
#6388 = PCURVE('',#6389,#6394);
#6389 = CYLINDRICAL_SURFACE('',#6390,3.);
#6390 = AXIS2_PLACEMENT_3D('',#6391,#6392,#6393);
#6391 = CARTESIAN_POINT('',(41.,-25.,27.));
#6392 = DIRECTION('',(0.,1.,0.));
#6393 = DIRECTION('',(-1.,0.,0.));
#6394 = DEFINITIONAL_REPRESENTATION('',(#6395),#6399);
#6395 = LINE('',#6396,#6397);
#6396 = CARTESIAN_POINT('',(0.,5.5));
#6397 = VECTOR('',#6398,1.);
#6398 = DIRECTION('',(1.,0.));
#6399 = ( GEOMETRIC_REPRESENTATION_CONTEXT(2) 
PARAMETRIC_REPRESENTATION_CONTEXT() REPRESENTATION_CONTEXT('2D SPACE',''
  ) );
#6400 = ORIENTED_EDGE('',*,*,#6401,.T.);
#6401 = EDGE_CURVE('',#6371,#6402,#6404,.T.);
#6402 = VERTEX_POINT('',#6403);
#6403 = CARTESIAN_POINT('',(38.,-19.5,8.));
#6404 = SURFACE_CURVE('',#6405,(#6409,#6415),.PCURVE_S1.);
#6405 = LINE('',#6406,#6407);
#6406 = CARTESIAN_POINT('',(38.,-19.5,2.85));
#6407 = VECTOR('',#6408,1.);
#6408 = DIRECTION('',(0.,0.,-1.));
#6409 = PCURVE('',#1075,#6410);
#6410 = DEFINITIONAL_REPRESENTATION('',(#6411),#6414);
#6411 = B_SPLINE_CURVE_WITH_KNOTS('',1,(#6412,#6413),.UNSPECIFIED.,.F.,
  .F.,(2,2),(-24.15,-5.15),.PIECEWISE_BEZIER_KNOTS.);
#6412 = CARTESIAN_POINT('',(19.,-26.3));
#6413 = CARTESIAN_POINT('',(19.,-7.3));
#6414 = ( GEOMETRIC_REPRESENTATION_CONTEXT(2) 
PARAMETRIC_REPRESENTATION_CONTEXT() REPRESENTATION_CONTEXT('2D SPACE',''
  ) );
#6415 = PCURVE('',#6416,#6421);
#6416 = PLANE('',#6417);
#6417 = AXIS2_PLACEMENT_3D('',#6418,#6419,#6420);
#6418 = CARTESIAN_POINT('',(38.,-25.,5.));
#6419 = DIRECTION('',(1.,0.,0.));
#6420 = DIRECTION('',(0.,0.,1.));
#6421 = DEFINITIONAL_REPRESENTATION('',(#6422),#6425);
#6422 = B_SPLINE_CURVE_WITH_KNOTS('',1,(#6423,#6424),.UNSPECIFIED.,.F.,
  .F.,(2,2),(-24.15,-5.15),.PIECEWISE_BEZIER_KNOTS.);
#6423 = CARTESIAN_POINT('',(22.,-5.5));
#6424 = CARTESIAN_POINT('',(3.,-5.5));
#6425 = ( GEOMETRIC_REPRESENTATION_CONTEXT(2) 
PARAMETRIC_REPRESENTATION_CONTEXT() REPRESENTATION_CONTEXT('2D SPACE',''
  ) );
#6426 = ORIENTED_EDGE('',*,*,#6427,.F.);
#6427 = EDGE_CURVE('',#6428,#6402,#6430,.T.);
#6428 = VERTEX_POINT('',#6429);
#6429 = CARTESIAN_POINT('',(41.,-19.5,5.));
#6430 = SURFACE_CURVE('',#6431,(#6436,#6443),.PCURVE_S1.);
#6431 = CIRCLE('',#6432,3.);
#6432 = AXIS2_PLACEMENT_3D('',#6433,#6434,#6435);
#6433 = CARTESIAN_POINT('',(41.,-19.5,8.));
#6434 = DIRECTION('',(0.,1.,0.));
#6435 = DIRECTION('',(-1.,0.,0.));
#6436 = PCURVE('',#1075,#6437);
#6437 = DEFINITIONAL_REPRESENTATION('',(#6438),#6442);
#6438 = CIRCLE('',#6439,3.);
#6439 = AXIS2_PLACEMENT_2D('',#6440,#6441);
#6440 = CARTESIAN_POINT('',(22.,-7.3));
#6441 = DIRECTION('',(-1.,0.));
#6442 = ( GEOMETRIC_REPRESENTATION_CONTEXT(2) 
PARAMETRIC_REPRESENTATION_CONTEXT() REPRESENTATION_CONTEXT('2D SPACE',''
  ) );
#6443 = PCURVE('',#6444,#6449);
#6444 = CYLINDRICAL_SURFACE('',#6445,3.);
#6445 = AXIS2_PLACEMENT_3D('',#6446,#6447,#6448);
#6446 = CARTESIAN_POINT('',(41.,-25.,8.));
#6447 = DIRECTION('',(0.,1.,0.));
#6448 = DIRECTION('',(-1.,0.,0.));
#6449 = DEFINITIONAL_REPRESENTATION('',(#6450),#6454);
#6450 = LINE('',#6451,#6452);
#6451 = CARTESIAN_POINT('',(-6.28318530718,5.5));
#6452 = VECTOR('',#6453,1.);
#6453 = DIRECTION('',(1.,-0.));
#6454 = ( GEOMETRIC_REPRESENTATION_CONTEXT(2) 
PARAMETRIC_REPRESENTATION_CONTEXT() REPRESENTATION_CONTEXT('2D SPACE',''
  ) );
#6455 = ORIENTED_EDGE('',*,*,#6456,.T.);
#6456 = EDGE_CURVE('',#6428,#6457,#6459,.T.);
#6457 = VERTEX_POINT('',#6458);
#6458 = CARTESIAN_POINT('',(45.,-19.5,5.));
#6459 = SURFACE_CURVE('',#6460,(#6464,#6470),.PCURVE_S1.);
#6460 = LINE('',#6461,#6462);
#6461 = CARTESIAN_POINT('',(28.5,-19.5,5.));
#6462 = VECTOR('',#6463,1.);
#6463 = DIRECTION('',(1.,0.,0.));
#6464 = PCURVE('',#1075,#6465);
#6465 = DEFINITIONAL_REPRESENTATION('',(#6466),#6469);
#6466 = B_SPLINE_CURVE_WITH_KNOTS('',1,(#6467,#6468),.UNSPECIFIED.,.F.,
  .F.,(2,2),(12.5,16.5),.PIECEWISE_BEZIER_KNOTS.);
#6467 = CARTESIAN_POINT('',(22.,-4.3));
#6468 = CARTESIAN_POINT('',(26.,-4.3));
#6469 = ( GEOMETRIC_REPRESENTATION_CONTEXT(2) 
PARAMETRIC_REPRESENTATION_CONTEXT() REPRESENTATION_CONTEXT('2D SPACE',''
  ) );
#6470 = PCURVE('',#6471,#6476);
#6471 = PLANE('',#6472);
#6472 = AXIS2_PLACEMENT_3D('',#6473,#6474,#6475);
#6473 = CARTESIAN_POINT('',(38.,-25.,5.));
#6474 = DIRECTION('',(0.,0.,1.));
#6475 = DIRECTION('',(1.,0.,0.));
#6476 = DEFINITIONAL_REPRESENTATION('',(#6477),#6480);
#6477 = B_SPLINE_CURVE_WITH_KNOTS('',1,(#6478,#6479),.UNSPECIFIED.,.F.,
  .F.,(2,2),(12.5,16.5),.PIECEWISE_BEZIER_KNOTS.);
#6478 = CARTESIAN_POINT('',(3.,5.5));
#6479 = CARTESIAN_POINT('',(7.,5.5));
#6480 = ( GEOMETRIC_REPRESENTATION_CONTEXT(2) 
PARAMETRIC_REPRESENTATION_CONTEXT() REPRESENTATION_CONTEXT('2D SPACE',''
  ) );
#6481 = ORIENTED_EDGE('',*,*,#6482,.F.);
#6482 = EDGE_CURVE('',#6483,#6457,#6485,.T.);
#6483 = VERTEX_POINT('',#6484);
#6484 = CARTESIAN_POINT('',(48.,-19.5,8.));
#6485 = SURFACE_CURVE('',#6486,(#6491,#6498),.PCURVE_S1.);
#6486 = CIRCLE('',#6487,3.);
#6487 = AXIS2_PLACEMENT_3D('',#6488,#6489,#6490);
#6488 = CARTESIAN_POINT('',(45.,-19.5,8.));
#6489 = DIRECTION('',(0.,1.,0.));
#6490 = DIRECTION('',(1.,0.,-0.));
#6491 = PCURVE('',#1075,#6492);
#6492 = DEFINITIONAL_REPRESENTATION('',(#6493),#6497);
#6493 = CIRCLE('',#6494,3.);
#6494 = AXIS2_PLACEMENT_2D('',#6495,#6496);
#6495 = CARTESIAN_POINT('',(26.,-7.3));
#6496 = DIRECTION('',(1.,0.));
#6497 = ( GEOMETRIC_REPRESENTATION_CONTEXT(2) 
PARAMETRIC_REPRESENTATION_CONTEXT() REPRESENTATION_CONTEXT('2D SPACE',''
  ) );
#6498 = PCURVE('',#6499,#6504);
#6499 = CYLINDRICAL_SURFACE('',#6500,3.);
#6500 = AXIS2_PLACEMENT_3D('',#6501,#6502,#6503);
#6501 = CARTESIAN_POINT('',(45.,-25.,8.));
#6502 = DIRECTION('',(0.,1.,0.));
#6503 = DIRECTION('',(1.,0.,-0.));
#6504 = DEFINITIONAL_REPRESENTATION('',(#6505),#6509);
#6505 = LINE('',#6506,#6507);
#6506 = CARTESIAN_POINT('',(0.,5.5));
#6507 = VECTOR('',#6508,1.);
#6508 = DIRECTION('',(1.,0.));
#6509 = ( GEOMETRIC_REPRESENTATION_CONTEXT(2) 
PARAMETRIC_REPRESENTATION_CONTEXT() REPRESENTATION_CONTEXT('2D SPACE',''
  ) );
#6510 = ORIENTED_EDGE('',*,*,#6511,.F.);
#6511 = EDGE_CURVE('',#6512,#6483,#6514,.T.);
#6512 = VERTEX_POINT('',#6513);
#6513 = CARTESIAN_POINT('',(48.,-19.5,27.));
#6514 = SURFACE_CURVE('',#6515,(#6519,#6525),.PCURVE_S1.);
#6515 = LINE('',#6516,#6517);
#6516 = CARTESIAN_POINT('',(48.,-19.5,2.85));
#6517 = VECTOR('',#6518,1.);
#6518 = DIRECTION('',(0.,0.,-1.));
#6519 = PCURVE('',#1075,#6520);
#6520 = DEFINITIONAL_REPRESENTATION('',(#6521),#6524);
#6521 = B_SPLINE_CURVE_WITH_KNOTS('',1,(#6522,#6523),.UNSPECIFIED.,.F.,
  .F.,(2,2),(-24.15,-5.15),.PIECEWISE_BEZIER_KNOTS.);
#6522 = CARTESIAN_POINT('',(29.,-26.3));
#6523 = CARTESIAN_POINT('',(29.,-7.3));
#6524 = ( GEOMETRIC_REPRESENTATION_CONTEXT(2) 
PARAMETRIC_REPRESENTATION_CONTEXT() REPRESENTATION_CONTEXT('2D SPACE',''
  ) );
#6525 = PCURVE('',#6526,#6531);
#6526 = PLANE('',#6527);
#6527 = AXIS2_PLACEMENT_3D('',#6528,#6529,#6530);
#6528 = CARTESIAN_POINT('',(48.,-25.,5.));
#6529 = DIRECTION('',(1.,0.,0.));
#6530 = DIRECTION('',(0.,0.,1.));
#6531 = DEFINITIONAL_REPRESENTATION('',(#6532),#6535);
#6532 = B_SPLINE_CURVE_WITH_KNOTS('',1,(#6533,#6534),.UNSPECIFIED.,.F.,
  .F.,(2,2),(-24.15,-5.15),.PIECEWISE_BEZIER_KNOTS.);
#6533 = CARTESIAN_POINT('',(22.,-5.5));
#6534 = CARTESIAN_POINT('',(3.,-5.5));
#6535 = ( GEOMETRIC_REPRESENTATION_CONTEXT(2) 
PARAMETRIC_REPRESENTATION_CONTEXT() REPRESENTATION_CONTEXT('2D SPACE',''
  ) );
#6536 = ORIENTED_EDGE('',*,*,#6537,.F.);
#6537 = EDGE_CURVE('',#6538,#6512,#6540,.T.);
#6538 = VERTEX_POINT('',#6539);
#6539 = CARTESIAN_POINT('',(45.,-19.5,30.));
#6540 = SURFACE_CURVE('',#6541,(#6546,#6553),.PCURVE_S1.);
#6541 = CIRCLE('',#6542,3.);
#6542 = AXIS2_PLACEMENT_3D('',#6543,#6544,#6545);
#6543 = CARTESIAN_POINT('',(45.,-19.5,27.));
#6544 = DIRECTION('',(0.,1.,0.));
#6545 = DIRECTION('',(1.,0.,-0.));
#6546 = PCURVE('',#1075,#6547);
#6547 = DEFINITIONAL_REPRESENTATION('',(#6548),#6552);
#6548 = CIRCLE('',#6549,3.);
#6549 = AXIS2_PLACEMENT_2D('',#6550,#6551);
#6550 = CARTESIAN_POINT('',(26.,-26.3));
#6551 = DIRECTION('',(1.,0.));
#6552 = ( GEOMETRIC_REPRESENTATION_CONTEXT(2) 
PARAMETRIC_REPRESENTATION_CONTEXT() REPRESENTATION_CONTEXT('2D SPACE',''
  ) );
#6553 = PCURVE('',#6554,#6559);
#6554 = CYLINDRICAL_SURFACE('',#6555,3.);
#6555 = AXIS2_PLACEMENT_3D('',#6556,#6557,#6558);
#6556 = CARTESIAN_POINT('',(45.,-25.,27.));
#6557 = DIRECTION('',(0.,1.,0.));
#6558 = DIRECTION('',(1.,0.,-0.));
#6559 = DEFINITIONAL_REPRESENTATION('',(#6560),#6564);
#6560 = LINE('',#6561,#6562);
#6561 = CARTESIAN_POINT('',(-6.28318530718,5.5));
#6562 = VECTOR('',#6563,1.);
#6563 = DIRECTION('',(1.,-0.));
#6564 = ( GEOMETRIC_REPRESENTATION_CONTEXT(2) 
PARAMETRIC_REPRESENTATION_CONTEXT() REPRESENTATION_CONTEXT('2D SPACE',''
  ) );
#6565 = ORIENTED_EDGE('',*,*,#6566,.F.);
#6566 = EDGE_CURVE('',#6373,#6538,#6567,.T.);
#6567 = SURFACE_CURVE('',#6568,(#6572,#6578),.PCURVE_S1.);
#6568 = LINE('',#6569,#6570);
#6569 = CARTESIAN_POINT('',(28.5,-19.5,30.));
#6570 = VECTOR('',#6571,1.);
#6571 = DIRECTION('',(1.,0.,0.));
#6572 = PCURVE('',#1075,#6573);
#6573 = DEFINITIONAL_REPRESENTATION('',(#6574),#6577);
#6574 = B_SPLINE_CURVE_WITH_KNOTS('',1,(#6575,#6576),.UNSPECIFIED.,.F.,
  .F.,(2,2),(12.5,16.5),.PIECEWISE_BEZIER_KNOTS.);
#6575 = CARTESIAN_POINT('',(22.,-29.3));
#6576 = CARTESIAN_POINT('',(26.,-29.3));
#6577 = ( GEOMETRIC_REPRESENTATION_CONTEXT(2) 
PARAMETRIC_REPRESENTATION_CONTEXT() REPRESENTATION_CONTEXT('2D SPACE',''
  ) );
#6578 = PCURVE('',#6579,#6584);
#6579 = PLANE('',#6580);
#6580 = AXIS2_PLACEMENT_3D('',#6581,#6582,#6583);
#6581 = CARTESIAN_POINT('',(38.,-25.,30.));
#6582 = DIRECTION('',(0.,0.,1.));
#6583 = DIRECTION('',(1.,0.,0.));
#6584 = DEFINITIONAL_REPRESENTATION('',(#6585),#6588);
#6585 = B_SPLINE_CURVE_WITH_KNOTS('',1,(#6586,#6587),.UNSPECIFIED.,.F.,
  .F.,(2,2),(12.5,16.5),.PIECEWISE_BEZIER_KNOTS.);
#6586 = CARTESIAN_POINT('',(3.,5.5));
#6587 = CARTESIAN_POINT('',(7.,5.5));
#6588 = ( GEOMETRIC_REPRESENTATION_CONTEXT(2) 
PARAMETRIC_REPRESENTATION_CONTEXT() REPRESENTATION_CONTEXT('2D SPACE',''
  ) );
#6589 = FACE_BOUND('',#6590,.F.);
#6590 = EDGE_LOOP('',(#6591,#6619,#6638,#6639,#6640,#6661,#6690,#6716,
    #6745,#6771,#6800,#6826));
#6591 = ORIENTED_EDGE('',*,*,#6592,.F.);
#6592 = EDGE_CURVE('',#6593,#6595,#6597,.T.);
#6593 = VERTEX_POINT('',#6594);
#6594 = CARTESIAN_POINT('',(25.,-19.5,5.));
#6595 = VERTEX_POINT('',#6596);
#6596 = CARTESIAN_POINT('',(27.,-19.5,5.));
#6597 = SURFACE_CURVE('',#6598,(#6602,#6608),.PCURVE_S1.);
#6598 = LINE('',#6599,#6600);
#6599 = CARTESIAN_POINT('',(22.,-19.5,5.));
#6600 = VECTOR('',#6601,1.);
#6601 = DIRECTION('',(1.,0.,0.));
#6602 = PCURVE('',#1075,#6603);
#6603 = DEFINITIONAL_REPRESENTATION('',(#6604),#6607);
#6604 = B_SPLINE_CURVE_WITH_KNOTS('',1,(#6605,#6606),.UNSPECIFIED.,.F.,
  .F.,(2,2),(3.,7.),.PIECEWISE_BEZIER_KNOTS.);
#6605 = CARTESIAN_POINT('',(6.,-4.3));
#6606 = CARTESIAN_POINT('',(10.,-4.3));
#6607 = ( GEOMETRIC_REPRESENTATION_CONTEXT(2) 
PARAMETRIC_REPRESENTATION_CONTEXT() REPRESENTATION_CONTEXT('2D SPACE',''
  ) );
#6608 = PCURVE('',#6609,#6614);
#6609 = PLANE('',#6610);
#6610 = AXIS2_PLACEMENT_3D('',#6611,#6612,#6613);
#6611 = CARTESIAN_POINT('',(25.,-25.,5.));
#6612 = DIRECTION('',(0.,0.,1.));
#6613 = DIRECTION('',(1.,0.,0.));
#6614 = DEFINITIONAL_REPRESENTATION('',(#6615),#6618);
#6615 = B_SPLINE_CURVE_WITH_KNOTS('',1,(#6616,#6617),.UNSPECIFIED.,.F.,
  .F.,(2,2),(3.,7.),.PIECEWISE_BEZIER_KNOTS.);
#6616 = CARTESIAN_POINT('',(0.,5.5));
#6617 = CARTESIAN_POINT('',(4.,5.5));
#6618 = ( GEOMETRIC_REPRESENTATION_CONTEXT(2) 
PARAMETRIC_REPRESENTATION_CONTEXT() REPRESENTATION_CONTEXT('2D SPACE',''
  ) );
#6619 = ORIENTED_EDGE('',*,*,#6620,.T.);
#6620 = EDGE_CURVE('',#6593,#4069,#6621,.T.);
#6621 = SURFACE_CURVE('',#6622,(#6626,#6632),.PCURVE_S1.);
#6622 = LINE('',#6623,#6624);
#6623 = CARTESIAN_POINT('',(25.,-19.5,0.675));
#6624 = VECTOR('',#6625,1.);
#6625 = DIRECTION('',(0.,0.,-1.));
#6626 = PCURVE('',#1075,#6627);
#6627 = DEFINITIONAL_REPRESENTATION('',(#6628),#6631);
#6628 = B_SPLINE_CURVE_WITH_KNOTS('',1,(#6629,#6630),.UNSPECIFIED.,.F.,
  .F.,(2,2),(-4.325,2.5E-02),.PIECEWISE_BEZIER_KNOTS.);
#6629 = CARTESIAN_POINT('',(6.,-4.3));
#6630 = CARTESIAN_POINT('',(6.,5.E-02));
#6631 = ( GEOMETRIC_REPRESENTATION_CONTEXT(2) 
PARAMETRIC_REPRESENTATION_CONTEXT() REPRESENTATION_CONTEXT('2D SPACE',''
  ) );
#6632 = PCURVE('',#4086,#6633);
#6633 = DEFINITIONAL_REPRESENTATION('',(#6634),#6637);
#6634 = B_SPLINE_CURVE_WITH_KNOTS('',1,(#6635,#6636),.UNSPECIFIED.,.F.,
  .F.,(2,2),(-4.325,2.5E-02),.PIECEWISE_BEZIER_KNOTS.);
#6635 = CARTESIAN_POINT('',(4.35,-5.5));
#6636 = CARTESIAN_POINT('',(0.,-5.5));
#6637 = ( GEOMETRIC_REPRESENTATION_CONTEXT(2) 
PARAMETRIC_REPRESENTATION_CONTEXT() REPRESENTATION_CONTEXT('2D SPACE',''
  ) );
#6638 = ORIENTED_EDGE('',*,*,#4098,.T.);
#6639 = ORIENTED_EDGE('',*,*,#3938,.F.);
#6640 = ORIENTED_EDGE('',*,*,#6641,.T.);
#6641 = EDGE_CURVE('',#3909,#6642,#6644,.T.);
#6642 = VERTEX_POINT('',#6643);
#6643 = CARTESIAN_POINT('',(30.,-19.5,5.));
#6644 = SURFACE_CURVE('',#6645,(#6649,#6655),.PCURVE_S1.);
#6645 = LINE('',#6646,#6647);
#6646 = CARTESIAN_POINT('',(21.5,-19.5,5.));
#6647 = VECTOR('',#6648,1.);
#6648 = DIRECTION('',(1.,0.,0.));
#6649 = PCURVE('',#1075,#6650);
#6650 = DEFINITIONAL_REPRESENTATION('',(#6651),#6654);
#6651 = B_SPLINE_CURVE_WITH_KNOTS('',1,(#6652,#6653),.UNSPECIFIED.,.F.,
  .F.,(2,2),(5.5,8.5),.PIECEWISE_BEZIER_KNOTS.);
#6652 = CARTESIAN_POINT('',(8.,-4.3));
#6653 = CARTESIAN_POINT('',(11.,-4.3));
#6654 = ( GEOMETRIC_REPRESENTATION_CONTEXT(2) 
PARAMETRIC_REPRESENTATION_CONTEXT() REPRESENTATION_CONTEXT('2D SPACE',''
  ) );
#6655 = PCURVE('',#3926,#6656);
#6656 = DEFINITIONAL_REPRESENTATION('',(#6657),#6660);
#6657 = B_SPLINE_CURVE_WITH_KNOTS('',1,(#6658,#6659),.UNSPECIFIED.,.F.,
  .F.,(2,2),(5.5,8.5),.PIECEWISE_BEZIER_KNOTS.);
#6658 = CARTESIAN_POINT('',(3.,5.5));
#6659 = CARTESIAN_POINT('',(6.,5.5));
#6660 = ( GEOMETRIC_REPRESENTATION_CONTEXT(2) 
PARAMETRIC_REPRESENTATION_CONTEXT() REPRESENTATION_CONTEXT('2D SPACE',''
  ) );
#6661 = ORIENTED_EDGE('',*,*,#6662,.F.);
#6662 = EDGE_CURVE('',#6663,#6642,#6665,.T.);
#6663 = VERTEX_POINT('',#6664);
#6664 = CARTESIAN_POINT('',(33.,-19.5,8.));
#6665 = SURFACE_CURVE('',#6666,(#6671,#6678),.PCURVE_S1.);
#6666 = CIRCLE('',#6667,3.);
#6667 = AXIS2_PLACEMENT_3D('',#6668,#6669,#6670);
#6668 = CARTESIAN_POINT('',(30.,-19.5,8.));
#6669 = DIRECTION('',(0.,1.,0.));
#6670 = DIRECTION('',(1.,0.,-0.));
#6671 = PCURVE('',#1075,#6672);
#6672 = DEFINITIONAL_REPRESENTATION('',(#6673),#6677);
#6673 = CIRCLE('',#6674,3.);
#6674 = AXIS2_PLACEMENT_2D('',#6675,#6676);
#6675 = CARTESIAN_POINT('',(11.,-7.3));
#6676 = DIRECTION('',(1.,0.));
#6677 = ( GEOMETRIC_REPRESENTATION_CONTEXT(2) 
PARAMETRIC_REPRESENTATION_CONTEXT() REPRESENTATION_CONTEXT('2D SPACE',''
  ) );
#6678 = PCURVE('',#6679,#6684);
#6679 = CYLINDRICAL_SURFACE('',#6680,3.);
#6680 = AXIS2_PLACEMENT_3D('',#6681,#6682,#6683);
#6681 = CARTESIAN_POINT('',(30.,-25.,8.));
#6682 = DIRECTION('',(0.,1.,0.));
#6683 = DIRECTION('',(1.,0.,-0.));
#6684 = DEFINITIONAL_REPRESENTATION('',(#6685),#6689);
#6685 = LINE('',#6686,#6687);
#6686 = CARTESIAN_POINT('',(0.,5.5));
#6687 = VECTOR('',#6688,1.);
#6688 = DIRECTION('',(1.,0.));
#6689 = ( GEOMETRIC_REPRESENTATION_CONTEXT(2) 
PARAMETRIC_REPRESENTATION_CONTEXT() REPRESENTATION_CONTEXT('2D SPACE',''
  ) );
#6690 = ORIENTED_EDGE('',*,*,#6691,.F.);
#6691 = EDGE_CURVE('',#6692,#6663,#6694,.T.);
#6692 = VERTEX_POINT('',#6693);
#6693 = CARTESIAN_POINT('',(33.,-19.5,27.));
#6694 = SURFACE_CURVE('',#6695,(#6699,#6705),.PCURVE_S1.);
#6695 = LINE('',#6696,#6697);
#6696 = CARTESIAN_POINT('',(33.,-19.5,2.85));
#6697 = VECTOR('',#6698,1.);
#6698 = DIRECTION('',(0.,0.,-1.));
#6699 = PCURVE('',#1075,#6700);
#6700 = DEFINITIONAL_REPRESENTATION('',(#6701),#6704);
#6701 = B_SPLINE_CURVE_WITH_KNOTS('',1,(#6702,#6703),.UNSPECIFIED.,.F.,
  .F.,(2,2),(-24.15,-5.15),.PIECEWISE_BEZIER_KNOTS.);
#6702 = CARTESIAN_POINT('',(14.,-26.3));
#6703 = CARTESIAN_POINT('',(14.,-7.3));
#6704 = ( GEOMETRIC_REPRESENTATION_CONTEXT(2) 
PARAMETRIC_REPRESENTATION_CONTEXT() REPRESENTATION_CONTEXT('2D SPACE',''
  ) );
#6705 = PCURVE('',#6706,#6711);
#6706 = PLANE('',#6707);
#6707 = AXIS2_PLACEMENT_3D('',#6708,#6709,#6710);
#6708 = CARTESIAN_POINT('',(33.,-25.,5.));
#6709 = DIRECTION('',(1.,0.,0.));
#6710 = DIRECTION('',(0.,0.,1.));
#6711 = DEFINITIONAL_REPRESENTATION('',(#6712),#6715);
#6712 = B_SPLINE_CURVE_WITH_KNOTS('',1,(#6713,#6714),.UNSPECIFIED.,.F.,
  .F.,(2,2),(-24.15,-5.15),.PIECEWISE_BEZIER_KNOTS.);
#6713 = CARTESIAN_POINT('',(22.,-5.5));
#6714 = CARTESIAN_POINT('',(3.,-5.5));
#6715 = ( GEOMETRIC_REPRESENTATION_CONTEXT(2) 
PARAMETRIC_REPRESENTATION_CONTEXT() REPRESENTATION_CONTEXT('2D SPACE',''
  ) );
#6716 = ORIENTED_EDGE('',*,*,#6717,.F.);
#6717 = EDGE_CURVE('',#6718,#6692,#6720,.T.);
#6718 = VERTEX_POINT('',#6719);
#6719 = CARTESIAN_POINT('',(30.,-19.5,30.));
#6720 = SURFACE_CURVE('',#6721,(#6726,#6733),.PCURVE_S1.);
#6721 = CIRCLE('',#6722,3.);
#6722 = AXIS2_PLACEMENT_3D('',#6723,#6724,#6725);
#6723 = CARTESIAN_POINT('',(30.,-19.5,27.));
#6724 = DIRECTION('',(0.,1.,0.));
#6725 = DIRECTION('',(1.,0.,-0.));
#6726 = PCURVE('',#1075,#6727);
#6727 = DEFINITIONAL_REPRESENTATION('',(#6728),#6732);
#6728 = CIRCLE('',#6729,3.);
#6729 = AXIS2_PLACEMENT_2D('',#6730,#6731);
#6730 = CARTESIAN_POINT('',(11.,-26.3));
#6731 = DIRECTION('',(1.,0.));
#6732 = ( GEOMETRIC_REPRESENTATION_CONTEXT(2) 
PARAMETRIC_REPRESENTATION_CONTEXT() REPRESENTATION_CONTEXT('2D SPACE',''
  ) );
#6733 = PCURVE('',#6734,#6739);
#6734 = CYLINDRICAL_SURFACE('',#6735,3.);
#6735 = AXIS2_PLACEMENT_3D('',#6736,#6737,#6738);
#6736 = CARTESIAN_POINT('',(30.,-25.,27.));
#6737 = DIRECTION('',(0.,1.,0.));
#6738 = DIRECTION('',(1.,0.,-0.));
#6739 = DEFINITIONAL_REPRESENTATION('',(#6740),#6744);
#6740 = LINE('',#6741,#6742);
#6741 = CARTESIAN_POINT('',(-6.28318530718,5.5));
#6742 = VECTOR('',#6743,1.);
#6743 = DIRECTION('',(1.,-0.));
#6744 = ( GEOMETRIC_REPRESENTATION_CONTEXT(2) 
PARAMETRIC_REPRESENTATION_CONTEXT() REPRESENTATION_CONTEXT('2D SPACE',''
  ) );
#6745 = ORIENTED_EDGE('',*,*,#6746,.F.);
#6746 = EDGE_CURVE('',#6747,#6718,#6749,.T.);
#6747 = VERTEX_POINT('',#6748);
#6748 = CARTESIAN_POINT('',(27.,-19.5,30.));
#6749 = SURFACE_CURVE('',#6750,(#6754,#6760),.PCURVE_S1.);
#6750 = LINE('',#6751,#6752);
#6751 = CARTESIAN_POINT('',(21.5,-19.5,30.));
#6752 = VECTOR('',#6753,1.);
#6753 = DIRECTION('',(1.,0.,0.));
#6754 = PCURVE('',#1075,#6755);
#6755 = DEFINITIONAL_REPRESENTATION('',(#6756),#6759);
#6756 = B_SPLINE_CURVE_WITH_KNOTS('',1,(#6757,#6758),.UNSPECIFIED.,.F.,
  .F.,(2,2),(5.5,8.5),.PIECEWISE_BEZIER_KNOTS.);
#6757 = CARTESIAN_POINT('',(8.,-29.3));
#6758 = CARTESIAN_POINT('',(11.,-29.3));
#6759 = ( GEOMETRIC_REPRESENTATION_CONTEXT(2) 
PARAMETRIC_REPRESENTATION_CONTEXT() REPRESENTATION_CONTEXT('2D SPACE',''
  ) );
#6760 = PCURVE('',#6761,#6766);
#6761 = PLANE('',#6762);
#6762 = AXIS2_PLACEMENT_3D('',#6763,#6764,#6765);
#6763 = CARTESIAN_POINT('',(24.,-25.,30.));
#6764 = DIRECTION('',(0.,0.,1.));
#6765 = DIRECTION('',(1.,0.,0.));
#6766 = DEFINITIONAL_REPRESENTATION('',(#6767),#6770);
#6767 = B_SPLINE_CURVE_WITH_KNOTS('',1,(#6768,#6769),.UNSPECIFIED.,.F.,
  .F.,(2,2),(5.5,8.5),.PIECEWISE_BEZIER_KNOTS.);
#6768 = CARTESIAN_POINT('',(3.,5.5));
#6769 = CARTESIAN_POINT('',(6.,5.5));
#6770 = ( GEOMETRIC_REPRESENTATION_CONTEXT(2) 
PARAMETRIC_REPRESENTATION_CONTEXT() REPRESENTATION_CONTEXT('2D SPACE',''
  ) );
#6771 = ORIENTED_EDGE('',*,*,#6772,.F.);
#6772 = EDGE_CURVE('',#6773,#6747,#6775,.T.);
#6773 = VERTEX_POINT('',#6774);
#6774 = CARTESIAN_POINT('',(24.,-19.5,27.));
#6775 = SURFACE_CURVE('',#6776,(#6781,#6788),.PCURVE_S1.);
#6776 = CIRCLE('',#6777,3.);
#6777 = AXIS2_PLACEMENT_3D('',#6778,#6779,#6780);
#6778 = CARTESIAN_POINT('',(27.,-19.5,27.));
#6779 = DIRECTION('',(0.,1.,0.));
#6780 = DIRECTION('',(-1.,0.,0.));
#6781 = PCURVE('',#1075,#6782);
#6782 = DEFINITIONAL_REPRESENTATION('',(#6783),#6787);
#6783 = CIRCLE('',#6784,3.);
#6784 = AXIS2_PLACEMENT_2D('',#6785,#6786);
#6785 = CARTESIAN_POINT('',(8.,-26.3));
#6786 = DIRECTION('',(-1.,0.));
#6787 = ( GEOMETRIC_REPRESENTATION_CONTEXT(2) 
PARAMETRIC_REPRESENTATION_CONTEXT() REPRESENTATION_CONTEXT('2D SPACE',''
  ) );
#6788 = PCURVE('',#6789,#6794);
#6789 = CYLINDRICAL_SURFACE('',#6790,3.);
#6790 = AXIS2_PLACEMENT_3D('',#6791,#6792,#6793);
#6791 = CARTESIAN_POINT('',(27.,-25.,27.));
#6792 = DIRECTION('',(0.,1.,0.));
#6793 = DIRECTION('',(-1.,0.,0.));
#6794 = DEFINITIONAL_REPRESENTATION('',(#6795),#6799);
#6795 = LINE('',#6796,#6797);
#6796 = CARTESIAN_POINT('',(0.,5.5));
#6797 = VECTOR('',#6798,1.);
#6798 = DIRECTION('',(1.,0.));
#6799 = ( GEOMETRIC_REPRESENTATION_CONTEXT(2) 
PARAMETRIC_REPRESENTATION_CONTEXT() REPRESENTATION_CONTEXT('2D SPACE',''
  ) );
#6800 = ORIENTED_EDGE('',*,*,#6801,.T.);
#6801 = EDGE_CURVE('',#6773,#6802,#6804,.T.);
#6802 = VERTEX_POINT('',#6803);
#6803 = CARTESIAN_POINT('',(24.,-19.5,8.));
#6804 = SURFACE_CURVE('',#6805,(#6809,#6815),.PCURVE_S1.);
#6805 = LINE('',#6806,#6807);
#6806 = CARTESIAN_POINT('',(24.,-19.5,2.85));
#6807 = VECTOR('',#6808,1.);
#6808 = DIRECTION('',(0.,0.,-1.));
#6809 = PCURVE('',#1075,#6810);
#6810 = DEFINITIONAL_REPRESENTATION('',(#6811),#6814);
#6811 = B_SPLINE_CURVE_WITH_KNOTS('',1,(#6812,#6813),.UNSPECIFIED.,.F.,
  .F.,(2,2),(-24.15,-5.15),.PIECEWISE_BEZIER_KNOTS.);
#6812 = CARTESIAN_POINT('',(5.,-26.3));
#6813 = CARTESIAN_POINT('',(5.,-7.3));
#6814 = ( GEOMETRIC_REPRESENTATION_CONTEXT(2) 
PARAMETRIC_REPRESENTATION_CONTEXT() REPRESENTATION_CONTEXT('2D SPACE',''
  ) );
#6815 = PCURVE('',#6816,#6821);
#6816 = PLANE('',#6817);
#6817 = AXIS2_PLACEMENT_3D('',#6818,#6819,#6820);
#6818 = CARTESIAN_POINT('',(24.,-25.,5.));
#6819 = DIRECTION('',(1.,0.,0.));
#6820 = DIRECTION('',(0.,0.,1.));
#6821 = DEFINITIONAL_REPRESENTATION('',(#6822),#6825);
#6822 = B_SPLINE_CURVE_WITH_KNOTS('',1,(#6823,#6824),.UNSPECIFIED.,.F.,
  .F.,(2,2),(-24.15,-5.15),.PIECEWISE_BEZIER_KNOTS.);
#6823 = CARTESIAN_POINT('',(22.,-5.5));
#6824 = CARTESIAN_POINT('',(3.,-5.5));
#6825 = ( GEOMETRIC_REPRESENTATION_CONTEXT(2) 
PARAMETRIC_REPRESENTATION_CONTEXT() REPRESENTATION_CONTEXT('2D SPACE',''
  ) );
#6826 = ORIENTED_EDGE('',*,*,#6827,.F.);
#6827 = EDGE_CURVE('',#6595,#6802,#6828,.T.);
#6828 = SURFACE_CURVE('',#6829,(#6834,#6841),.PCURVE_S1.);
#6829 = CIRCLE('',#6830,3.);
#6830 = AXIS2_PLACEMENT_3D('',#6831,#6832,#6833);
#6831 = CARTESIAN_POINT('',(27.,-19.5,8.));
#6832 = DIRECTION('',(0.,1.,0.));
#6833 = DIRECTION('',(-1.,0.,0.));
#6834 = PCURVE('',#1075,#6835);
#6835 = DEFINITIONAL_REPRESENTATION('',(#6836),#6840);
#6836 = CIRCLE('',#6837,3.);
#6837 = AXIS2_PLACEMENT_2D('',#6838,#6839);
#6838 = CARTESIAN_POINT('',(8.,-7.3));
#6839 = DIRECTION('',(-1.,0.));
#6840 = ( GEOMETRIC_REPRESENTATION_CONTEXT(2) 
PARAMETRIC_REPRESENTATION_CONTEXT() REPRESENTATION_CONTEXT('2D SPACE',''
  ) );
#6841 = PCURVE('',#6842,#6847);
#6842 = CYLINDRICAL_SURFACE('',#6843,3.);
#6843 = AXIS2_PLACEMENT_3D('',#6844,#6845,#6846);
#6844 = CARTESIAN_POINT('',(27.,-25.,8.));
#6845 = DIRECTION('',(0.,1.,0.));
#6846 = DIRECTION('',(-1.,0.,0.));
#6847 = DEFINITIONAL_REPRESENTATION('',(#6848),#6852);
#6848 = LINE('',#6849,#6850);
#6849 = CARTESIAN_POINT('',(-6.28318530718,5.5));
#6850 = VECTOR('',#6851,1.);
#6851 = DIRECTION('',(1.,-0.));
#6852 = ( GEOMETRIC_REPRESENTATION_CONTEXT(2) 
PARAMETRIC_REPRESENTATION_CONTEXT() REPRESENTATION_CONTEXT('2D SPACE',''
  ) );
#6853 = ADVANCED_FACE('',(#6854),#1047,.F.);
#6854 = FACE_BOUND('',#6855,.F.);
#6855 = EDGE_LOOP('',(#6856,#6857,#6858,#6859,#6860,#6861,#6880,#6881));
#6856 = ORIENTED_EDGE('',*,*,#2274,.F.);
#6857 = ORIENTED_EDGE('',*,*,#2326,.T.);
#6858 = ORIENTED_EDGE('',*,*,#2352,.T.);
#6859 = ORIENTED_EDGE('',*,*,#6342,.F.);
#6860 = ORIENTED_EDGE('',*,*,#1031,.F.);
#6861 = ORIENTED_EDGE('',*,*,#6862,.T.);
#6862 = EDGE_CURVE('',#1006,#1979,#6863,.T.);
#6863 = SURFACE_CURVE('',#6864,(#6868,#6874),.PCURVE_S1.);
#6864 = LINE('',#6865,#6866);
#6865 = CARTESIAN_POINT('',(18.593173431734,-9.,-1.375));
#6866 = VECTOR('',#6867,1.);
#6867 = DIRECTION('',(0.,-0.,1.));
#6868 = PCURVE('',#1047,#6869);
#6869 = DEFINITIONAL_REPRESENTATION('',(#6870),#6873);
#6870 = B_SPLINE_CURVE_WITH_KNOTS('',1,(#6871,#6872),.UNSPECIFIED.,.F.,
  .F.,(2,2),(-0.925,1.925),.PIECEWISE_BEZIER_KNOTS.);
#6871 = CARTESIAN_POINT('',(0.340255109151,3.));
#6872 = CARTESIAN_POINT('',(0.340255109151,0.15));
#6873 = ( GEOMETRIC_REPRESENTATION_CONTEXT(2) 
PARAMETRIC_REPRESENTATION_CONTEXT() REPRESENTATION_CONTEXT('2D SPACE',''
  ) );
#6874 = PCURVE('',#1020,#6875);
#6875 = DEFINITIONAL_REPRESENTATION('',(#6876),#6879);
#6876 = B_SPLINE_CURVE_WITH_KNOTS('',1,(#6877,#6878),.UNSPECIFIED.,.F.,
  .F.,(2,2),(-0.925,1.925),.PIECEWISE_BEZIER_KNOTS.);
#6877 = CARTESIAN_POINT('',(1.15,8.593173431734));
#6878 = CARTESIAN_POINT('',(4.,8.593173431734));
#6879 = ( GEOMETRIC_REPRESENTATION_CONTEXT(2) 
PARAMETRIC_REPRESENTATION_CONTEXT() REPRESENTATION_CONTEXT('2D SPACE',''
  ) );
#6880 = ORIENTED_EDGE('',*,*,#1999,.T.);
#6881 = ORIENTED_EDGE('',*,*,#2197,.F.);
#6882 = ADVANCED_FACE('',(#6883),#1020,.F.);
#6883 = FACE_BOUND('',#6884,.F.);
#6884 = EDGE_LOOP('',(#6885,#6908,#6927,#6928,#6929,#6930,#6931));
#6885 = ORIENTED_EDGE('',*,*,#6886,.F.);
#6886 = EDGE_CURVE('',#6887,#5130,#6889,.T.);
#6887 = VERTEX_POINT('',#6888);
#6888 = CARTESIAN_POINT('',(12.,-9.,-3.45));
#6889 = SURFACE_CURVE('',#6890,(#6894,#6901),.PCURVE_S1.);
#6890 = LINE('',#6891,#6892);
#6891 = CARTESIAN_POINT('',(10.,-9.,-3.45));
#6892 = VECTOR('',#6893,1.);
#6893 = DIRECTION('',(1.,0.,0.));
#6894 = PCURVE('',#1020,#6895);
#6895 = DEFINITIONAL_REPRESENTATION('',(#6896),#6900);
#6896 = LINE('',#6897,#6898);
#6897 = CARTESIAN_POINT('',(0.,0.));
#6898 = VECTOR('',#6899,1.);
#6899 = DIRECTION('',(0.,1.));
#6900 = ( GEOMETRIC_REPRESENTATION_CONTEXT(2) 
PARAMETRIC_REPRESENTATION_CONTEXT() REPRESENTATION_CONTEXT('2D SPACE',''
  ) );
#6901 = PCURVE('',#1818,#6902);
#6902 = DEFINITIONAL_REPRESENTATION('',(#6903),#6907);
#6903 = LINE('',#6904,#6905);
#6904 = CARTESIAN_POINT('',(0.,0.));
#6905 = VECTOR('',#6906,1.);
#6906 = DIRECTION('',(1.,0.));
#6907 = ( GEOMETRIC_REPRESENTATION_CONTEXT(2) 
PARAMETRIC_REPRESENTATION_CONTEXT() REPRESENTATION_CONTEXT('2D SPACE',''
  ) );
#6908 = ORIENTED_EDGE('',*,*,#6909,.F.);
#6909 = EDGE_CURVE('',#1951,#6887,#6910,.T.);
#6910 = SURFACE_CURVE('',#6911,(#6915,#6921),.PCURVE_S1.);
#6911 = LINE('',#6912,#6913);
#6912 = CARTESIAN_POINT('',(12.,-9.,-3.45));
#6913 = VECTOR('',#6914,1.);
#6914 = DIRECTION('',(-0.,-0.,-1.));
#6915 = PCURVE('',#1020,#6916);
#6916 = DEFINITIONAL_REPRESENTATION('',(#6917),#6920);
#6917 = B_SPLINE_CURVE_WITH_KNOTS('',1,(#6918,#6919),.UNSPECIFIED.,.F.,
  .F.,(2,2),(-4.0000006,5.999999999062E-07),.PIECEWISE_BEZIER_KNOTS.);
#6918 = CARTESIAN_POINT('',(4.0000006,2.));
#6919 = CARTESIAN_POINT('',(-5.999999999062E-07,2.));
#6920 = ( GEOMETRIC_REPRESENTATION_CONTEXT(2) 
PARAMETRIC_REPRESENTATION_CONTEXT() REPRESENTATION_CONTEXT('2D SPACE',''
  ) );
#6921 = PCURVE('',#1845,#6922);
#6922 = DEFINITIONAL_REPRESENTATION('',(#6923),#6926);
#6923 = B_SPLINE_CURVE_WITH_KNOTS('',1,(#6924,#6925),.UNSPECIFIED.,.F.,
  .F.,(2,2),(-4.0000006,5.999999999062E-07),.PIECEWISE_BEZIER_KNOTS.);
#6924 = CARTESIAN_POINT('',(-5.639684198386,-4.0000006));
#6925 = CARTESIAN_POINT('',(-5.639684198386,5.999999999062E-07));
#6926 = ( GEOMETRIC_REPRESENTATION_CONTEXT(2) 
PARAMETRIC_REPRESENTATION_CONTEXT() REPRESENTATION_CONTEXT('2D SPACE',''
  ) );
#6927 = ORIENTED_EDGE('',*,*,#1978,.T.);
#6928 = ORIENTED_EDGE('',*,*,#6862,.F.);
#6929 = ORIENTED_EDGE('',*,*,#1005,.F.);
#6930 = ORIENTED_EDGE('',*,*,#4723,.F.);
#6931 = ORIENTED_EDGE('',*,*,#5129,.F.);
#6932 = ADVANCED_FACE('',(#6933,#7027,#7057,#7087,#7117,#7147),#1818,.F.
  );
#6933 = FACE_BOUND('',#6934,.F.);
#6934 = EDGE_LOOP('',(#6935,#6936,#6958,#6959,#6960,#6981,#7007,#7026));
#6935 = ORIENTED_EDGE('',*,*,#1800,.F.);
#6936 = ORIENTED_EDGE('',*,*,#6937,.T.);
#6937 = EDGE_CURVE('',#1801,#6887,#6938,.T.);
#6938 = SURFACE_CURVE('',#6939,(#6944,#6951),.PCURVE_S1.);
#6939 = CIRCLE('',#6940,15.);
#6940 = AXIS2_PLACEMENT_3D('',#6941,#6942,#6943);
#6941 = CARTESIAN_POINT('',(0.,0.,-3.45));
#6942 = DIRECTION('',(0.,0.,1.));
#6943 = DIRECTION('',(1.,0.,0.));
#6944 = PCURVE('',#1818,#6945);
#6945 = DEFINITIONAL_REPRESENTATION('',(#6946),#6950);
#6946 = CIRCLE('',#6947,15.);
#6947 = AXIS2_PLACEMENT_2D('',#6948,#6949);
#6948 = CARTESIAN_POINT('',(-10.,9.));
#6949 = DIRECTION('',(1.,0.));
#6950 = ( GEOMETRIC_REPRESENTATION_CONTEXT(2) 
PARAMETRIC_REPRESENTATION_CONTEXT() REPRESENTATION_CONTEXT('2D SPACE',''
  ) );
#6951 = PCURVE('',#1845,#6952);
#6952 = DEFINITIONAL_REPRESENTATION('',(#6953),#6957);
#6953 = LINE('',#6954,#6955);
#6954 = CARTESIAN_POINT('',(-0.,0.));
#6955 = VECTOR('',#6956,1.);
#6956 = DIRECTION('',(-1.,0.));
#6957 = ( GEOMETRIC_REPRESENTATION_CONTEXT(2) 
PARAMETRIC_REPRESENTATION_CONTEXT() REPRESENTATION_CONTEXT('2D SPACE',''
  ) );
#6958 = ORIENTED_EDGE('',*,*,#6886,.T.);
#6959 = ORIENTED_EDGE('',*,*,#5152,.T.);
#6960 = ORIENTED_EDGE('',*,*,#6961,.T.);
#6961 = EDGE_CURVE('',#5153,#6962,#6964,.T.);
#6962 = VERTEX_POINT('',#6963);
#6963 = CARTESIAN_POINT('',(21.5,-6.,-3.45));
#6964 = SURFACE_CURVE('',#6965,(#6969,#6975),.PCURVE_S1.);
#6965 = LINE('',#6966,#6967);
#6966 = CARTESIAN_POINT('',(15.75,-6.,-3.45));
#6967 = VECTOR('',#6968,1.);
#6968 = DIRECTION('',(-1.,0.,0.));
#6969 = PCURVE('',#1818,#6970);
#6970 = DEFINITIONAL_REPRESENTATION('',(#6971),#6974);
#6971 = B_SPLINE_CURVE_WITH_KNOTS('',1,(#6972,#6973),.UNSPECIFIED.,.F.,
  .F.,(2,2),(-6.25,-5.75),.PIECEWISE_BEZIER_KNOTS.);
#6972 = CARTESIAN_POINT('',(12.,3.));
#6973 = CARTESIAN_POINT('',(11.5,3.));
#6974 = ( GEOMETRIC_REPRESENTATION_CONTEXT(2) 
PARAMETRIC_REPRESENTATION_CONTEXT() REPRESENTATION_CONTEXT('2D SPACE',''
  ) );
#6975 = PCURVE('',#4202,#6976);
#6976 = DEFINITIONAL_REPRESENTATION('',(#6977),#6980);
#6977 = B_SPLINE_CURVE_WITH_KNOTS('',1,(#6978,#6979),.UNSPECIFIED.,.F.,
  .F.,(2,2),(-6.25,-5.75),.PIECEWISE_BEZIER_KNOTS.);
#6978 = CARTESIAN_POINT('',(1.85,0.5));
#6979 = CARTESIAN_POINT('',(1.85,0.));
#6980 = ( GEOMETRIC_REPRESENTATION_CONTEXT(2) 
PARAMETRIC_REPRESENTATION_CONTEXT() REPRESENTATION_CONTEXT('2D SPACE',''
  ) );
#6981 = ORIENTED_EDGE('',*,*,#6982,.T.);
#6982 = EDGE_CURVE('',#6962,#6983,#6985,.T.);
#6983 = VERTEX_POINT('',#6984);
#6984 = CARTESIAN_POINT('',(21.5,6.,-3.45));
#6985 = SURFACE_CURVE('',#6986,(#6990,#6996),.PCURVE_S1.);
#6986 = LINE('',#6987,#6988);
#6987 = CARTESIAN_POINT('',(21.5,-7.5,-3.45));
#6988 = VECTOR('',#6989,1.);
#6989 = DIRECTION('',(0.,1.,0.));
#6990 = PCURVE('',#1818,#6991);
#6991 = DEFINITIONAL_REPRESENTATION('',(#6992),#6995);
#6992 = B_SPLINE_CURVE_WITH_KNOTS('',1,(#6993,#6994),.UNSPECIFIED.,.F.,
  .F.,(2,2),(1.5,13.5),.PIECEWISE_BEZIER_KNOTS.);
#6993 = CARTESIAN_POINT('',(11.5,3.));
#6994 = CARTESIAN_POINT('',(11.5,15.));
#6995 = ( GEOMETRIC_REPRESENTATION_CONTEXT(2) 
PARAMETRIC_REPRESENTATION_CONTEXT() REPRESENTATION_CONTEXT('2D SPACE',''
  ) );
#6996 = PCURVE('',#6997,#7002);
#6997 = PLANE('',#6998);
#6998 = AXIS2_PLACEMENT_3D('',#6999,#7000,#7001);
#6999 = CARTESIAN_POINT('',(21.5,-6.,-5.3));
#7000 = DIRECTION('',(1.,0.,0.));
#7001 = DIRECTION('',(0.,0.,1.));
#7002 = DEFINITIONAL_REPRESENTATION('',(#7003),#7006);
#7003 = B_SPLINE_CURVE_WITH_KNOTS('',1,(#7004,#7005),.UNSPECIFIED.,.F.,
  .F.,(2,2),(1.5,13.5),.PIECEWISE_BEZIER_KNOTS.);
#7004 = CARTESIAN_POINT('',(1.85,0.));
#7005 = CARTESIAN_POINT('',(1.85,-12.));
#7006 = ( GEOMETRIC_REPRESENTATION_CONTEXT(2) 
PARAMETRIC_REPRESENTATION_CONTEXT() REPRESENTATION_CONTEXT('2D SPACE',''
  ) );
#7007 = ORIENTED_EDGE('',*,*,#7008,.F.);
#7008 = EDGE_CURVE('',#5911,#6983,#7009,.T.);
#7009 = SURFACE_CURVE('',#7010,(#7014,#7020),.PCURVE_S1.);
#7010 = LINE('',#7011,#7012);
#7011 = CARTESIAN_POINT('',(15.75,6.,-3.45));
#7012 = VECTOR('',#7013,1.);
#7013 = DIRECTION('',(-1.,0.,0.));
#7014 = PCURVE('',#1818,#7015);
#7015 = DEFINITIONAL_REPRESENTATION('',(#7016),#7019);
#7016 = B_SPLINE_CURVE_WITH_KNOTS('',1,(#7017,#7018),.UNSPECIFIED.,.F.,
  .F.,(2,2),(-6.25,-5.75),.PIECEWISE_BEZIER_KNOTS.);
#7017 = CARTESIAN_POINT('',(12.,15.));
#7018 = CARTESIAN_POINT('',(11.5,15.));
#7019 = ( GEOMETRIC_REPRESENTATION_CONTEXT(2) 
PARAMETRIC_REPRESENTATION_CONTEXT() REPRESENTATION_CONTEXT('2D SPACE',''
  ) );
#7020 = PCURVE('',#4157,#7021);
#7021 = DEFINITIONAL_REPRESENTATION('',(#7022),#7025);
#7022 = B_SPLINE_CURVE_WITH_KNOTS('',1,(#7023,#7024),.UNSPECIFIED.,.F.,
  .F.,(2,2),(-6.25,-5.75),.PIECEWISE_BEZIER_KNOTS.);
#7023 = CARTESIAN_POINT('',(1.85,0.5));
#7024 = CARTESIAN_POINT('',(1.85,0.));
#7025 = ( GEOMETRIC_REPRESENTATION_CONTEXT(2) 
PARAMETRIC_REPRESENTATION_CONTEXT() REPRESENTATION_CONTEXT('2D SPACE',''
  ) );
#7026 = ORIENTED_EDGE('',*,*,#5931,.T.);
#7027 = FACE_BOUND('',#7028,.F.);
#7028 = EDGE_LOOP('',(#7029));
#7029 = ORIENTED_EDGE('',*,*,#7030,.T.);
#7030 = EDGE_CURVE('',#7031,#7031,#7033,.T.);
#7031 = VERTEX_POINT('',#7032);
#7032 = CARTESIAN_POINT('',(1.35,-7.,-3.45));
#7033 = SURFACE_CURVE('',#7034,(#7039,#7050),.PCURVE_S1.);
#7034 = CIRCLE('',#7035,1.35);
#7035 = AXIS2_PLACEMENT_3D('',#7036,#7037,#7038);
#7036 = CARTESIAN_POINT('',(-1.285879139105E-15,-7.,-3.45));
#7037 = DIRECTION('',(0.,0.,-1.));
#7038 = DIRECTION('',(1.,0.,0.));
#7039 = PCURVE('',#1818,#7040);
#7040 = DEFINITIONAL_REPRESENTATION('',(#7041),#7049);
#7041 = ( BOUNDED_CURVE() B_SPLINE_CURVE(2,(#7042,#7043,#7044,#7045,
#7046,#7047,#7048),.UNSPECIFIED.,.T.,.F.) B_SPLINE_CURVE_WITH_KNOTS((1,2
    ,2,2,2,1),(-2.094395102393,0.,2.094395102393,4.188790204786,
6.28318530718,8.377580409573),.UNSPECIFIED.) CURVE() 
GEOMETRIC_REPRESENTATION_ITEM() RATIONAL_B_SPLINE_CURVE((1.,0.5,1.,0.5,
1.,0.5,1.)) REPRESENTATION_ITEM('') );
#7042 = CARTESIAN_POINT('',(-8.65,2.));
#7043 = CARTESIAN_POINT('',(-8.65,-0.338268590218));
#7044 = CARTESIAN_POINT('',(-10.675,0.830865704891));
#7045 = CARTESIAN_POINT('',(-12.7,2.));
#7046 = CARTESIAN_POINT('',(-10.675,3.169134295109));
#7047 = CARTESIAN_POINT('',(-8.65,4.338268590218));
#7048 = CARTESIAN_POINT('',(-8.65,2.));
#7049 = ( GEOMETRIC_REPRESENTATION_CONTEXT(2) 
PARAMETRIC_REPRESENTATION_CONTEXT() REPRESENTATION_CONTEXT('2D SPACE',''
  ) );
#7050 = PCURVE('',#2041,#7051);
#7051 = DEFINITIONAL_REPRESENTATION('',(#7052),#7056);
#7052 = LINE('',#7053,#7054);
#7053 = CARTESIAN_POINT('',(-6.28318530718,-6.55));
#7054 = VECTOR('',#7055,1.);
#7055 = DIRECTION('',(1.,-0.));
#7056 = ( GEOMETRIC_REPRESENTATION_CONTEXT(2) 
PARAMETRIC_REPRESENTATION_CONTEXT() REPRESENTATION_CONTEXT('2D SPACE',''
  ) );
#7057 = FACE_BOUND('',#7058,.F.);
#7058 = EDGE_LOOP('',(#7059));
#7059 = ORIENTED_EDGE('',*,*,#7060,.T.);
#7060 = EDGE_CURVE('',#7061,#7061,#7063,.T.);
#7061 = VERTEX_POINT('',#7062);
#7062 = CARTESIAN_POINT('',(-5.65,8.572527594031E-16,-3.45));
#7063 = SURFACE_CURVE('',#7064,(#7069,#7080),.PCURVE_S1.);
#7064 = CIRCLE('',#7065,1.35);
#7065 = AXIS2_PLACEMENT_3D('',#7066,#7067,#7068);
#7066 = CARTESIAN_POINT('',(-7.,8.572527594031E-16,-3.45));
#7067 = DIRECTION('',(0.,0.,-1.));
#7068 = DIRECTION('',(1.,0.,0.));
#7069 = PCURVE('',#1818,#7070);
#7070 = DEFINITIONAL_REPRESENTATION('',(#7071),#7079);
#7071 = ( BOUNDED_CURVE() B_SPLINE_CURVE(2,(#7072,#7073,#7074,#7075,
#7076,#7077,#7078),.UNSPECIFIED.,.T.,.F.) B_SPLINE_CURVE_WITH_KNOTS((1,2
    ,2,2,2,1),(-2.094395102393,0.,2.094395102393,4.188790204786,
6.28318530718,8.377580409573),.UNSPECIFIED.) CURVE() 
GEOMETRIC_REPRESENTATION_ITEM() RATIONAL_B_SPLINE_CURVE((1.,0.5,1.,0.5,
1.,0.5,1.)) REPRESENTATION_ITEM('') );
#7072 = CARTESIAN_POINT('',(-15.65,9.));
#7073 = CARTESIAN_POINT('',(-15.65,6.661731409782));
#7074 = CARTESIAN_POINT('',(-17.675,7.830865704891));
#7075 = CARTESIAN_POINT('',(-19.7,9.));
#7076 = CARTESIAN_POINT('',(-17.675,10.169134295109));
#7077 = CARTESIAN_POINT('',(-15.65,11.338268590218));
#7078 = CARTESIAN_POINT('',(-15.65,9.));
#7079 = ( GEOMETRIC_REPRESENTATION_CONTEXT(2) 
PARAMETRIC_REPRESENTATION_CONTEXT() REPRESENTATION_CONTEXT('2D SPACE',''
  ) );
#7080 = PCURVE('',#2076,#7081);
#7081 = DEFINITIONAL_REPRESENTATION('',(#7082),#7086);
#7082 = LINE('',#7083,#7084);
#7083 = CARTESIAN_POINT('',(-6.28318530718,-6.55));
#7084 = VECTOR('',#7085,1.);
#7085 = DIRECTION('',(1.,-0.));
#7086 = ( GEOMETRIC_REPRESENTATION_CONTEXT(2) 
PARAMETRIC_REPRESENTATION_CONTEXT() REPRESENTATION_CONTEXT('2D SPACE',''
  ) );
#7087 = FACE_BOUND('',#7088,.F.);
#7088 = EDGE_LOOP('',(#7089));
#7089 = ORIENTED_EDGE('',*,*,#7090,.T.);
#7090 = EDGE_CURVE('',#7091,#7091,#7093,.T.);
#7091 = VERTEX_POINT('',#7092);
#7092 = CARTESIAN_POINT('',(4.,0.,-3.45));
#7093 = SURFACE_CURVE('',#7094,(#7099,#7110),.PCURVE_S1.);
#7094 = CIRCLE('',#7095,4.);
#7095 = AXIS2_PLACEMENT_3D('',#7096,#7097,#7098);
#7096 = CARTESIAN_POINT('',(0.,0.,-3.45));
#7097 = DIRECTION('',(0.,0.,-1.));
#7098 = DIRECTION('',(1.,0.,0.));
#7099 = PCURVE('',#1818,#7100);
#7100 = DEFINITIONAL_REPRESENTATION('',(#7101),#7109);
#7101 = ( BOUNDED_CURVE() B_SPLINE_CURVE(2,(#7102,#7103,#7104,#7105,
#7106,#7107,#7108),.UNSPECIFIED.,.T.,.F.) B_SPLINE_CURVE_WITH_KNOTS((1,2
    ,2,2,2,1),(-2.094395102393,0.,2.094395102393,4.188790204786,
6.28318530718,8.377580409573),.UNSPECIFIED.) CURVE() 
GEOMETRIC_REPRESENTATION_ITEM() RATIONAL_B_SPLINE_CURVE((1.,0.5,1.,0.5,
1.,0.5,1.)) REPRESENTATION_ITEM('') );
#7102 = CARTESIAN_POINT('',(-6.,9.));
#7103 = CARTESIAN_POINT('',(-6.,2.071796769724));
#7104 = CARTESIAN_POINT('',(-12.,5.535898384862));
#7105 = CARTESIAN_POINT('',(-18.,9.));
#7106 = CARTESIAN_POINT('',(-12.,12.464101615138));
#7107 = CARTESIAN_POINT('',(-6.,15.928203230276));
#7108 = CARTESIAN_POINT('',(-6.,9.));
#7109 = ( GEOMETRIC_REPRESENTATION_CONTEXT(2) 
PARAMETRIC_REPRESENTATION_CONTEXT() REPRESENTATION_CONTEXT('2D SPACE',''
  ) );
#7110 = PCURVE('',#2111,#7111);
#7111 = DEFINITIONAL_REPRESENTATION('',(#7112),#7116);
#7112 = LINE('',#7113,#7114);
#7113 = CARTESIAN_POINT('',(-6.28318530718,-6.55));
#7114 = VECTOR('',#7115,1.);
#7115 = DIRECTION('',(1.,-0.));
#7116 = ( GEOMETRIC_REPRESENTATION_CONTEXT(2) 
PARAMETRIC_REPRESENTATION_CONTEXT() REPRESENTATION_CONTEXT('2D SPACE',''
  ) );
#7117 = FACE_BOUND('',#7118,.F.);
#7118 = EDGE_LOOP('',(#7119));
#7119 = ORIENTED_EDGE('',*,*,#7120,.T.);
#7120 = EDGE_CURVE('',#7121,#7121,#7123,.T.);
#7121 = VERTEX_POINT('',#7122);
#7122 = CARTESIAN_POINT('',(8.35,0.,-3.45));
#7123 = SURFACE_CURVE('',#7124,(#7129,#7140),.PCURVE_S1.);
#7124 = CIRCLE('',#7125,1.35);
#7125 = AXIS2_PLACEMENT_3D('',#7126,#7127,#7128);
#7126 = CARTESIAN_POINT('',(7.,0.,-3.45));
#7127 = DIRECTION('',(0.,0.,-1.));
#7128 = DIRECTION('',(1.,0.,0.));
#7129 = PCURVE('',#1818,#7130);
#7130 = DEFINITIONAL_REPRESENTATION('',(#7131),#7139);
#7131 = ( BOUNDED_CURVE() B_SPLINE_CURVE(2,(#7132,#7133,#7134,#7135,
#7136,#7137,#7138),.UNSPECIFIED.,.T.,.F.) B_SPLINE_CURVE_WITH_KNOTS((1,2
    ,2,2,2,1),(-2.094395102393,0.,2.094395102393,4.188790204786,
6.28318530718,8.377580409573),.UNSPECIFIED.) CURVE() 
GEOMETRIC_REPRESENTATION_ITEM() RATIONAL_B_SPLINE_CURVE((1.,0.5,1.,0.5,
1.,0.5,1.)) REPRESENTATION_ITEM('') );
#7132 = CARTESIAN_POINT('',(-1.65,9.));
#7133 = CARTESIAN_POINT('',(-1.65,6.661731409782));
#7134 = CARTESIAN_POINT('',(-3.675,7.830865704891));
#7135 = CARTESIAN_POINT('',(-5.7,9.));
#7136 = CARTESIAN_POINT('',(-3.675,10.169134295109));
#7137 = CARTESIAN_POINT('',(-1.65,11.338268590218));
#7138 = CARTESIAN_POINT('',(-1.65,9.));
#7139 = ( GEOMETRIC_REPRESENTATION_CONTEXT(2) 
PARAMETRIC_REPRESENTATION_CONTEXT() REPRESENTATION_CONTEXT('2D SPACE',''
  ) );
#7140 = PCURVE('',#2146,#7141);
#7141 = DEFINITIONAL_REPRESENTATION('',(#7142),#7146);
#7142 = LINE('',#7143,#7144);
#7143 = CARTESIAN_POINT('',(-6.28318530718,-6.55));
#7144 = VECTOR('',#7145,1.);
#7145 = DIRECTION('',(1.,-0.));
#7146 = ( GEOMETRIC_REPRESENTATION_CONTEXT(2) 
PARAMETRIC_REPRESENTATION_CONTEXT() REPRESENTATION_CONTEXT('2D SPACE',''
  ) );
#7147 = FACE_BOUND('',#7148,.F.);
#7148 = EDGE_LOOP('',(#7149));
#7149 = ORIENTED_EDGE('',*,*,#7150,.T.);
#7150 = EDGE_CURVE('',#7151,#7151,#7153,.T.);
#7151 = VERTEX_POINT('',#7152);
#7152 = CARTESIAN_POINT('',(1.35,7.,-3.45));
#7153 = SURFACE_CURVE('',#7154,(#7159,#7170),.PCURVE_S1.);
#7154 = CIRCLE('',#7155,1.35);
#7155 = AXIS2_PLACEMENT_3D('',#7156,#7157,#7158);
#7156 = CARTESIAN_POINT('',(4.286263797016E-16,7.,-3.45));
#7157 = DIRECTION('',(0.,0.,-1.));
#7158 = DIRECTION('',(1.,0.,0.));
#7159 = PCURVE('',#1818,#7160);
#7160 = DEFINITIONAL_REPRESENTATION('',(#7161),#7169);
#7161 = ( BOUNDED_CURVE() B_SPLINE_CURVE(2,(#7162,#7163,#7164,#7165,
#7166,#7167,#7168),.UNSPECIFIED.,.T.,.F.) B_SPLINE_CURVE_WITH_KNOTS((1,2
    ,2,2,2,1),(-2.094395102393,0.,2.094395102393,4.188790204786,
6.28318530718,8.377580409573),.UNSPECIFIED.) CURVE() 
GEOMETRIC_REPRESENTATION_ITEM() RATIONAL_B_SPLINE_CURVE((1.,0.5,1.,0.5,
1.,0.5,1.)) REPRESENTATION_ITEM('') );
#7162 = CARTESIAN_POINT('',(-8.65,16.));
#7163 = CARTESIAN_POINT('',(-8.65,13.661731409782));
#7164 = CARTESIAN_POINT('',(-10.675,14.830865704891));
#7165 = CARTESIAN_POINT('',(-12.7,16.));
#7166 = CARTESIAN_POINT('',(-10.675,17.169134295109));
#7167 = CARTESIAN_POINT('',(-8.65,18.338268590218));
#7168 = CARTESIAN_POINT('',(-8.65,16.));
#7169 = ( GEOMETRIC_REPRESENTATION_CONTEXT(2) 
PARAMETRIC_REPRESENTATION_CONTEXT() REPRESENTATION_CONTEXT('2D SPACE',''
  ) );
#7170 = PCURVE('',#2181,#7171);
#7171 = DEFINITIONAL_REPRESENTATION('',(#7172),#7176);
#7172 = LINE('',#7173,#7174);
#7173 = CARTESIAN_POINT('',(-6.28318530718,-6.55));
#7174 = VECTOR('',#7175,1.);
#7175 = DIRECTION('',(1.,-0.));
#7176 = ( GEOMETRIC_REPRESENTATION_CONTEXT(2) 
PARAMETRIC_REPRESENTATION_CONTEXT() REPRESENTATION_CONTEXT('2D SPACE',''
  ) );
#7177 = ADVANCED_FACE('',(#7178),#1845,.T.);
#7178 = FACE_BOUND('',#7179,.F.);
#7179 = EDGE_LOOP('',(#7180,#7181,#7182,#7183));
#7180 = ORIENTED_EDGE('',*,*,#6937,.F.);
#7181 = ORIENTED_EDGE('',*,*,#1830,.F.);
#7182 = ORIENTED_EDGE('',*,*,#1950,.F.);
#7183 = ORIENTED_EDGE('',*,*,#6909,.T.);
#7184 = ADVANCED_FACE('',(#7185),#2041,.F.);
#7185 = FACE_BOUND('',#7186,.T.);
#7186 = EDGE_LOOP('',(#7187,#7188,#7209,#7210));
#7187 = ORIENTED_EDGE('',*,*,#7030,.T.);
#7188 = ORIENTED_EDGE('',*,*,#7189,.T.);
#7189 = EDGE_CURVE('',#7031,#2021,#7190,.T.);
#7190 = SEAM_CURVE('',#7191,(#7195,#7202),.PCURVE_S1.);
#7191 = LINE('',#7192,#7193);
#7192 = CARTESIAN_POINT('',(1.35,-7.,-10.));
#7193 = VECTOR('',#7194,1.);
#7194 = DIRECTION('',(0.,0.,1.));
#7195 = PCURVE('',#2041,#7196);
#7196 = DEFINITIONAL_REPRESENTATION('',(#7197),#7201);
#7197 = LINE('',#7198,#7199);
#7198 = CARTESIAN_POINT('',(-6.28318530718,0.));
#7199 = VECTOR('',#7200,1.);
#7200 = DIRECTION('',(-0.,-1.));
#7201 = ( GEOMETRIC_REPRESENTATION_CONTEXT(2) 
PARAMETRIC_REPRESENTATION_CONTEXT() REPRESENTATION_CONTEXT('2D SPACE',''
  ) );
#7202 = PCURVE('',#2041,#7203);
#7203 = DEFINITIONAL_REPRESENTATION('',(#7204),#7208);
#7204 = LINE('',#7205,#7206);
#7205 = CARTESIAN_POINT('',(-0.,0.));
#7206 = VECTOR('',#7207,1.);
#7207 = DIRECTION('',(-0.,-1.));
#7208 = ( GEOMETRIC_REPRESENTATION_CONTEXT(2) 
PARAMETRIC_REPRESENTATION_CONTEXT() REPRESENTATION_CONTEXT('2D SPACE',''
  ) );
#7209 = ORIENTED_EDGE('',*,*,#2020,.F.);
#7210 = ORIENTED_EDGE('',*,*,#7189,.F.);
#7211 = ADVANCED_FACE('',(#7212),#2076,.F.);
#7212 = FACE_BOUND('',#7213,.T.);
#7213 = EDGE_LOOP('',(#7214,#7215,#7236,#7237));
#7214 = ORIENTED_EDGE('',*,*,#7060,.T.);
#7215 = ORIENTED_EDGE('',*,*,#7216,.T.);
#7216 = EDGE_CURVE('',#7061,#2056,#7217,.T.);
#7217 = SEAM_CURVE('',#7218,(#7222,#7229),.PCURVE_S1.);
#7218 = LINE('',#7219,#7220);
#7219 = CARTESIAN_POINT('',(-5.65,8.572527594031E-16,-10.));
#7220 = VECTOR('',#7221,1.);
#7221 = DIRECTION('',(0.,0.,1.));
#7222 = PCURVE('',#2076,#7223);
#7223 = DEFINITIONAL_REPRESENTATION('',(#7224),#7228);
#7224 = LINE('',#7225,#7226);
#7225 = CARTESIAN_POINT('',(-6.28318530718,0.));
#7226 = VECTOR('',#7227,1.);
#7227 = DIRECTION('',(-0.,-1.));
#7228 = ( GEOMETRIC_REPRESENTATION_CONTEXT(2) 
PARAMETRIC_REPRESENTATION_CONTEXT() REPRESENTATION_CONTEXT('2D SPACE',''
  ) );
#7229 = PCURVE('',#2076,#7230);
#7230 = DEFINITIONAL_REPRESENTATION('',(#7231),#7235);
#7231 = LINE('',#7232,#7233);
#7232 = CARTESIAN_POINT('',(-0.,0.));
#7233 = VECTOR('',#7234,1.);
#7234 = DIRECTION('',(-0.,-1.));
#7235 = ( GEOMETRIC_REPRESENTATION_CONTEXT(2) 
PARAMETRIC_REPRESENTATION_CONTEXT() REPRESENTATION_CONTEXT('2D SPACE',''
  ) );
#7236 = ORIENTED_EDGE('',*,*,#2055,.F.);
#7237 = ORIENTED_EDGE('',*,*,#7216,.F.);
#7238 = ADVANCED_FACE('',(#7239),#2111,.F.);
#7239 = FACE_BOUND('',#7240,.T.);
#7240 = EDGE_LOOP('',(#7241,#7242,#7263,#7264));
#7241 = ORIENTED_EDGE('',*,*,#7090,.T.);
#7242 = ORIENTED_EDGE('',*,*,#7243,.T.);
#7243 = EDGE_CURVE('',#7091,#2091,#7244,.T.);
#7244 = SEAM_CURVE('',#7245,(#7249,#7256),.PCURVE_S1.);
#7245 = LINE('',#7246,#7247);
#7246 = CARTESIAN_POINT('',(4.,0.,-10.));
#7247 = VECTOR('',#7248,1.);
#7248 = DIRECTION('',(0.,0.,1.));
#7249 = PCURVE('',#2111,#7250);
#7250 = DEFINITIONAL_REPRESENTATION('',(#7251),#7255);
#7251 = LINE('',#7252,#7253);
#7252 = CARTESIAN_POINT('',(-6.28318530718,0.));
#7253 = VECTOR('',#7254,1.);
#7254 = DIRECTION('',(-0.,-1.));
#7255 = ( GEOMETRIC_REPRESENTATION_CONTEXT(2) 
PARAMETRIC_REPRESENTATION_CONTEXT() REPRESENTATION_CONTEXT('2D SPACE',''
  ) );
#7256 = PCURVE('',#2111,#7257);
#7257 = DEFINITIONAL_REPRESENTATION('',(#7258),#7262);
#7258 = LINE('',#7259,#7260);
#7259 = CARTESIAN_POINT('',(-0.,0.));
#7260 = VECTOR('',#7261,1.);
#7261 = DIRECTION('',(-0.,-1.));
#7262 = ( GEOMETRIC_REPRESENTATION_CONTEXT(2) 
PARAMETRIC_REPRESENTATION_CONTEXT() REPRESENTATION_CONTEXT('2D SPACE',''
  ) );
#7263 = ORIENTED_EDGE('',*,*,#2090,.F.);
#7264 = ORIENTED_EDGE('',*,*,#7243,.F.);
#7265 = ADVANCED_FACE('',(#7266),#2146,.F.);
#7266 = FACE_BOUND('',#7267,.T.);
#7267 = EDGE_LOOP('',(#7268,#7269,#7290,#7291));
#7268 = ORIENTED_EDGE('',*,*,#7120,.T.);
#7269 = ORIENTED_EDGE('',*,*,#7270,.T.);
#7270 = EDGE_CURVE('',#7121,#2126,#7271,.T.);
#7271 = SEAM_CURVE('',#7272,(#7276,#7283),.PCURVE_S1.);
#7272 = LINE('',#7273,#7274);
#7273 = CARTESIAN_POINT('',(8.35,0.,-10.));
#7274 = VECTOR('',#7275,1.);
#7275 = DIRECTION('',(0.,0.,1.));
#7276 = PCURVE('',#2146,#7277);
#7277 = DEFINITIONAL_REPRESENTATION('',(#7278),#7282);
#7278 = LINE('',#7279,#7280);
#7279 = CARTESIAN_POINT('',(-6.28318530718,0.));
#7280 = VECTOR('',#7281,1.);
#7281 = DIRECTION('',(-0.,-1.));
#7282 = ( GEOMETRIC_REPRESENTATION_CONTEXT(2) 
PARAMETRIC_REPRESENTATION_CONTEXT() REPRESENTATION_CONTEXT('2D SPACE',''
  ) );
#7283 = PCURVE('',#2146,#7284);
#7284 = DEFINITIONAL_REPRESENTATION('',(#7285),#7289);
#7285 = LINE('',#7286,#7287);
#7286 = CARTESIAN_POINT('',(-0.,0.));
#7287 = VECTOR('',#7288,1.);
#7288 = DIRECTION('',(-0.,-1.));
#7289 = ( GEOMETRIC_REPRESENTATION_CONTEXT(2) 
PARAMETRIC_REPRESENTATION_CONTEXT() REPRESENTATION_CONTEXT('2D SPACE',''
  ) );
#7290 = ORIENTED_EDGE('',*,*,#2125,.F.);
#7291 = ORIENTED_EDGE('',*,*,#7270,.F.);
#7292 = ADVANCED_FACE('',(#7293),#2181,.F.);
#7293 = FACE_BOUND('',#7294,.T.);
#7294 = EDGE_LOOP('',(#7295,#7296,#7317,#7318));
#7295 = ORIENTED_EDGE('',*,*,#7150,.T.);
#7296 = ORIENTED_EDGE('',*,*,#7297,.T.);
#7297 = EDGE_CURVE('',#7151,#2161,#7298,.T.);
#7298 = SEAM_CURVE('',#7299,(#7303,#7310),.PCURVE_S1.);
#7299 = LINE('',#7300,#7301);
#7300 = CARTESIAN_POINT('',(1.35,7.,-10.));
#7301 = VECTOR('',#7302,1.);
#7302 = DIRECTION('',(0.,0.,1.));
#7303 = PCURVE('',#2181,#7304);
#7304 = DEFINITIONAL_REPRESENTATION('',(#7305),#7309);
#7305 = LINE('',#7306,#7307);
#7306 = CARTESIAN_POINT('',(-6.28318530718,0.));
#7307 = VECTOR('',#7308,1.);
#7308 = DIRECTION('',(-0.,-1.));
#7309 = ( GEOMETRIC_REPRESENTATION_CONTEXT(2) 
PARAMETRIC_REPRESENTATION_CONTEXT() REPRESENTATION_CONTEXT('2D SPACE',''
  ) );
#7310 = PCURVE('',#2181,#7311);
#7311 = DEFINITIONAL_REPRESENTATION('',(#7312),#7316);
#7312 = LINE('',#7313,#7314);
#7313 = CARTESIAN_POINT('',(-0.,0.));
#7314 = VECTOR('',#7315,1.);
#7315 = DIRECTION('',(-0.,-1.));
#7316 = ( GEOMETRIC_REPRESENTATION_CONTEXT(2) 
PARAMETRIC_REPRESENTATION_CONTEXT() REPRESENTATION_CONTEXT('2D SPACE',''
  ) );
#7317 = ORIENTED_EDGE('',*,*,#2160,.F.);
#7318 = ORIENTED_EDGE('',*,*,#7297,.F.);
#7319 = ADVANCED_FACE('',(#7320,#7686),#2440,.T.);
#7320 = FACE_BOUND('',#7321,.T.);
#7321 = EDGE_LOOP('',(#7322,#7352,#7373,#7374,#7397,#7421,#7442,#7443,
    #7444,#7465,#7466,#7487,#7511,#7532,#7556,#7577,#7601,#7622,#7646,
    #7667));
#7322 = ORIENTED_EDGE('',*,*,#7323,.F.);
#7323 = EDGE_CURVE('',#7324,#7326,#7328,.T.);
#7324 = VERTEX_POINT('',#7325);
#7325 = CARTESIAN_POINT('',(22.49,-12.76,0.7));
#7326 = VERTEX_POINT('',#7327);
#7327 = CARTESIAN_POINT('',(25.,-12.76,0.7));
#7328 = SURFACE_CURVE('',#7329,(#7333,#7340),.PCURVE_S1.);
#7329 = LINE('',#7330,#7331);
#7330 = CARTESIAN_POINT('',(22.49,-12.76,0.7));
#7331 = VECTOR('',#7332,1.);
#7332 = DIRECTION('',(1.,0.,0.));
#7333 = PCURVE('',#2440,#7334);
#7334 = DEFINITIONAL_REPRESENTATION('',(#7335),#7339);
#7335 = LINE('',#7336,#7337);
#7336 = CARTESIAN_POINT('',(0.,0.));
#7337 = VECTOR('',#7338,1.);
#7338 = DIRECTION('',(0.,1.));
#7339 = ( GEOMETRIC_REPRESENTATION_CONTEXT(2) 
PARAMETRIC_REPRESENTATION_CONTEXT() REPRESENTATION_CONTEXT('2D SPACE',''
  ) );
#7340 = PCURVE('',#7341,#7346);
#7341 = PLANE('',#7342);
#7342 = AXIS2_PLACEMENT_3D('',#7343,#7344,#7345);
#7343 = CARTESIAN_POINT('',(22.49,-12.76,0.7));
#7344 = DIRECTION('',(0.,0.,1.));
#7345 = DIRECTION('',(1.,0.,0.));
#7346 = DEFINITIONAL_REPRESENTATION('',(#7347),#7351);
#7347 = LINE('',#7348,#7349);
#7348 = CARTESIAN_POINT('',(0.,0.));
#7349 = VECTOR('',#7350,1.);
#7350 = DIRECTION('',(1.,0.));
#7351 = ( GEOMETRIC_REPRESENTATION_CONTEXT(2) 
PARAMETRIC_REPRESENTATION_CONTEXT() REPRESENTATION_CONTEXT('2D SPACE',''
  ) );
#7352 = ORIENTED_EDGE('',*,*,#7353,.T.);
#7353 = EDGE_CURVE('',#7324,#2426,#7354,.T.);
#7354 = SURFACE_CURVE('',#7355,(#7359,#7366),.PCURVE_S1.);
#7355 = LINE('',#7356,#7357);
#7356 = CARTESIAN_POINT('',(22.49,-12.76,0.7));
#7357 = VECTOR('',#7358,1.);
#7358 = DIRECTION('',(0.,0.,1.));
#7359 = PCURVE('',#2440,#7360);
#7360 = DEFINITIONAL_REPRESENTATION('',(#7361),#7365);
#7361 = LINE('',#7362,#7363);
#7362 = CARTESIAN_POINT('',(0.,0.));
#7363 = VECTOR('',#7364,1.);
#7364 = DIRECTION('',(1.,0.));
#7365 = ( GEOMETRIC_REPRESENTATION_CONTEXT(2) 
PARAMETRIC_REPRESENTATION_CONTEXT() REPRESENTATION_CONTEXT('2D SPACE',''
  ) );
#7366 = PCURVE('',#2466,#7367);
#7367 = DEFINITIONAL_REPRESENTATION('',(#7368),#7372);
#7368 = LINE('',#7369,#7370);
#7369 = CARTESIAN_POINT('',(0.,0.));
#7370 = VECTOR('',#7371,1.);
#7371 = DIRECTION('',(1.,0.));
#7372 = ( GEOMETRIC_REPRESENTATION_CONTEXT(2) 
PARAMETRIC_REPRESENTATION_CONTEXT() REPRESENTATION_CONTEXT('2D SPACE',''
  ) );
#7373 = ORIENTED_EDGE('',*,*,#2423,.F.);
#7374 = ORIENTED_EDGE('',*,*,#7375,.F.);
#7375 = EDGE_CURVE('',#7376,#2424,#7378,.T.);
#7376 = VERTEX_POINT('',#7377);
#7377 = CARTESIAN_POINT('',(68.51,-12.76,20.657047233303));
#7378 = SURFACE_CURVE('',#7379,(#7383,#7390),.PCURVE_S1.);
#7379 = LINE('',#7380,#7381);
#7380 = CARTESIAN_POINT('',(68.51,-12.76,0.7));
#7381 = VECTOR('',#7382,1.);
#7382 = DIRECTION('',(0.,0.,1.));
#7383 = PCURVE('',#2440,#7384);
#7384 = DEFINITIONAL_REPRESENTATION('',(#7385),#7389);
#7385 = LINE('',#7386,#7387);
#7386 = CARTESIAN_POINT('',(0.,46.02));
#7387 = VECTOR('',#7388,1.);
#7388 = DIRECTION('',(1.,0.));
#7389 = ( GEOMETRIC_REPRESENTATION_CONTEXT(2) 
PARAMETRIC_REPRESENTATION_CONTEXT() REPRESENTATION_CONTEXT('2D SPACE',''
  ) );
#7390 = PCURVE('',#2516,#7391);
#7391 = DEFINITIONAL_REPRESENTATION('',(#7392),#7396);
#7392 = LINE('',#7393,#7394);
#7393 = CARTESIAN_POINT('',(0.,0.));
#7394 = VECTOR('',#7395,1.);
#7395 = DIRECTION('',(1.,0.));
#7396 = ( GEOMETRIC_REPRESENTATION_CONTEXT(2) 
PARAMETRIC_REPRESENTATION_CONTEXT() REPRESENTATION_CONTEXT('2D SPACE',''
  ) );
#7397 = ORIENTED_EDGE('',*,*,#7398,.F.);
#7398 = EDGE_CURVE('',#7399,#7376,#7401,.T.);
#7399 = VERTEX_POINT('',#7400);
#7400 = CARTESIAN_POINT('',(68.51,-12.76,15.342952766697));
#7401 = SURFACE_CURVE('',#7402,(#7407,#7414),.PCURVE_S1.);
#7402 = CIRCLE('',#7403,4.);
#7403 = AXIS2_PLACEMENT_3D('',#7404,#7405,#7406);
#7404 = CARTESIAN_POINT('',(71.5,-12.76,18.));
#7405 = DIRECTION('',(-0.,1.,0.));
#7406 = DIRECTION('',(1.,0.,0.));
#7407 = PCURVE('',#2440,#7408);
#7408 = DEFINITIONAL_REPRESENTATION('',(#7409),#7413);
#7409 = CIRCLE('',#7410,4.);
#7410 = AXIS2_PLACEMENT_2D('',#7411,#7412);
#7411 = CARTESIAN_POINT('',(17.3,49.01));
#7412 = DIRECTION('',(0.,1.));
#7413 = ( GEOMETRIC_REPRESENTATION_CONTEXT(2) 
PARAMETRIC_REPRESENTATION_CONTEXT() REPRESENTATION_CONTEXT('2D SPACE',''
  ) );
#7414 = PCURVE('',#2813,#7415);
#7415 = DEFINITIONAL_REPRESENTATION('',(#7416),#7420);
#7416 = LINE('',#7417,#7418);
#7417 = CARTESIAN_POINT('',(-6.28318530718,-37.76));
#7418 = VECTOR('',#7419,1.);
#7419 = DIRECTION('',(1.,-0.));
#7420 = ( GEOMETRIC_REPRESENTATION_CONTEXT(2) 
PARAMETRIC_REPRESENTATION_CONTEXT() REPRESENTATION_CONTEXT('2D SPACE',''
  ) );
#7421 = ORIENTED_EDGE('',*,*,#7422,.F.);
#7422 = EDGE_CURVE('',#3329,#7399,#7423,.T.);
#7423 = SURFACE_CURVE('',#7424,(#7428,#7435),.PCURVE_S1.);
#7424 = LINE('',#7425,#7426);
#7425 = CARTESIAN_POINT('',(68.51,-12.76,0.7));
#7426 = VECTOR('',#7427,1.);
#7427 = DIRECTION('',(0.,0.,1.));
#7428 = PCURVE('',#2440,#7429);
#7429 = DEFINITIONAL_REPRESENTATION('',(#7430),#7434);
#7430 = LINE('',#7431,#7432);
#7431 = CARTESIAN_POINT('',(0.,46.02));
#7432 = VECTOR('',#7433,1.);
#7433 = DIRECTION('',(1.,0.));
#7434 = ( GEOMETRIC_REPRESENTATION_CONTEXT(2) 
PARAMETRIC_REPRESENTATION_CONTEXT() REPRESENTATION_CONTEXT('2D SPACE',''
  ) );
#7435 = PCURVE('',#3343,#7436);
#7436 = DEFINITIONAL_REPRESENTATION('',(#7437),#7441);
#7437 = LINE('',#7438,#7439);
#7438 = CARTESIAN_POINT('',(0.,0.));
#7439 = VECTOR('',#7440,1.);
#7440 = DIRECTION('',(1.,0.));
#7441 = ( GEOMETRIC_REPRESENTATION_CONTEXT(2) 
PARAMETRIC_REPRESENTATION_CONTEXT() REPRESENTATION_CONTEXT('2D SPACE',''
  ) );
#7442 = ORIENTED_EDGE('',*,*,#3354,.T.);
#7443 = ORIENTED_EDGE('',*,*,#3477,.T.);
#7444 = ORIENTED_EDGE('',*,*,#7445,.F.);
#7445 = EDGE_CURVE('',#4026,#3445,#7446,.T.);
#7446 = SURFACE_CURVE('',#7447,(#7451,#7458),.PCURVE_S1.);
#7447 = LINE('',#7448,#7449);
#7448 = CARTESIAN_POINT('',(22.49,-12.76,0.7));
#7449 = VECTOR('',#7450,1.);
#7450 = DIRECTION('',(1.,0.,0.));
#7451 = PCURVE('',#2440,#7452);
#7452 = DEFINITIONAL_REPRESENTATION('',(#7453),#7457);
#7453 = LINE('',#7454,#7455);
#7454 = CARTESIAN_POINT('',(0.,0.));
#7455 = VECTOR('',#7456,1.);
#7456 = DIRECTION('',(0.,1.));
#7457 = ( GEOMETRIC_REPRESENTATION_CONTEXT(2) 
PARAMETRIC_REPRESENTATION_CONTEXT() REPRESENTATION_CONTEXT('2D SPACE',''
  ) );
#7458 = PCURVE('',#3461,#7459);
#7459 = DEFINITIONAL_REPRESENTATION('',(#7460),#7464);
#7460 = LINE('',#7461,#7462);
#7461 = CARTESIAN_POINT('',(0.,0.));
#7462 = VECTOR('',#7463,1.);
#7463 = DIRECTION('',(1.,0.));
#7464 = ( GEOMETRIC_REPRESENTATION_CONTEXT(2) 
PARAMETRIC_REPRESENTATION_CONTEXT() REPRESENTATION_CONTEXT('2D SPACE',''
  ) );
#7465 = ORIENTED_EDGE('',*,*,#4046,.F.);
#7466 = ORIENTED_EDGE('',*,*,#7467,.T.);
#7467 = EDGE_CURVE('',#3911,#7468,#7470,.T.);
#7468 = VERTEX_POINT('',#7469);
#7469 = CARTESIAN_POINT('',(30.,-12.76,5.));
#7470 = SURFACE_CURVE('',#7471,(#7475,#7481),.PCURVE_S1.);
#7471 = LINE('',#7472,#7473);
#7472 = CARTESIAN_POINT('',(23.245,-12.76,5.));
#7473 = VECTOR('',#7474,1.);
#7474 = DIRECTION('',(1.,0.,0.));
#7475 = PCURVE('',#2440,#7476);
#7476 = DEFINITIONAL_REPRESENTATION('',(#7477),#7480);
#7477 = B_SPLINE_CURVE_WITH_KNOTS('',1,(#7478,#7479),.UNSPECIFIED.,.F.,
  .F.,(2,2),(3.755,6.755),.PIECEWISE_BEZIER_KNOTS.);
#7478 = CARTESIAN_POINT('',(4.3,4.51));
#7479 = CARTESIAN_POINT('',(4.3,7.51));
#7480 = ( GEOMETRIC_REPRESENTATION_CONTEXT(2) 
PARAMETRIC_REPRESENTATION_CONTEXT() REPRESENTATION_CONTEXT('2D SPACE',''
  ) );
#7481 = PCURVE('',#3926,#7482);
#7482 = DEFINITIONAL_REPRESENTATION('',(#7483),#7486);
#7483 = B_SPLINE_CURVE_WITH_KNOTS('',1,(#7484,#7485),.UNSPECIFIED.,.F.,
  .F.,(2,2),(3.755,6.755),.PIECEWISE_BEZIER_KNOTS.);
#7484 = CARTESIAN_POINT('',(3.,12.24));
#7485 = CARTESIAN_POINT('',(6.,12.24));
#7486 = ( GEOMETRIC_REPRESENTATION_CONTEXT(2) 
PARAMETRIC_REPRESENTATION_CONTEXT() REPRESENTATION_CONTEXT('2D SPACE',''
  ) );
#7487 = ORIENTED_EDGE('',*,*,#7488,.F.);
#7488 = EDGE_CURVE('',#7489,#7468,#7491,.T.);
#7489 = VERTEX_POINT('',#7490);
#7490 = CARTESIAN_POINT('',(33.,-12.76,8.));
#7491 = SURFACE_CURVE('',#7492,(#7497,#7504),.PCURVE_S1.);
#7492 = CIRCLE('',#7493,3.);
#7493 = AXIS2_PLACEMENT_3D('',#7494,#7495,#7496);
#7494 = CARTESIAN_POINT('',(30.,-12.76,8.));
#7495 = DIRECTION('',(0.,1.,0.));
#7496 = DIRECTION('',(1.,0.,-0.));
#7497 = PCURVE('',#2440,#7498);
#7498 = DEFINITIONAL_REPRESENTATION('',(#7499),#7503);
#7499 = CIRCLE('',#7500,3.);
#7500 = AXIS2_PLACEMENT_2D('',#7501,#7502);
#7501 = CARTESIAN_POINT('',(7.3,7.51));
#7502 = DIRECTION('',(0.,1.));
#7503 = ( GEOMETRIC_REPRESENTATION_CONTEXT(2) 
PARAMETRIC_REPRESENTATION_CONTEXT() REPRESENTATION_CONTEXT('2D SPACE',''
  ) );
#7504 = PCURVE('',#6679,#7505);
#7505 = DEFINITIONAL_REPRESENTATION('',(#7506),#7510);
#7506 = LINE('',#7507,#7508);
#7507 = CARTESIAN_POINT('',(0.,12.24));
#7508 = VECTOR('',#7509,1.);
#7509 = DIRECTION('',(1.,0.));
#7510 = ( GEOMETRIC_REPRESENTATION_CONTEXT(2) 
PARAMETRIC_REPRESENTATION_CONTEXT() REPRESENTATION_CONTEXT('2D SPACE',''
  ) );
#7511 = ORIENTED_EDGE('',*,*,#7512,.F.);
#7512 = EDGE_CURVE('',#7513,#7489,#7515,.T.);
#7513 = VERTEX_POINT('',#7514);
#7514 = CARTESIAN_POINT('',(33.,-12.76,27.));
#7515 = SURFACE_CURVE('',#7516,(#7520,#7526),.PCURVE_S1.);
#7516 = LINE('',#7517,#7518);
#7517 = CARTESIAN_POINT('',(33.,-12.76,2.85));
#7518 = VECTOR('',#7519,1.);
#7519 = DIRECTION('',(0.,0.,-1.));
#7520 = PCURVE('',#2440,#7521);
#7521 = DEFINITIONAL_REPRESENTATION('',(#7522),#7525);
#7522 = B_SPLINE_CURVE_WITH_KNOTS('',1,(#7523,#7524),.UNSPECIFIED.,.F.,
  .F.,(2,2),(-24.15,-5.15),.PIECEWISE_BEZIER_KNOTS.);
#7523 = CARTESIAN_POINT('',(26.3,10.51));
#7524 = CARTESIAN_POINT('',(7.3,10.51));
#7525 = ( GEOMETRIC_REPRESENTATION_CONTEXT(2) 
PARAMETRIC_REPRESENTATION_CONTEXT() REPRESENTATION_CONTEXT('2D SPACE',''
  ) );
#7526 = PCURVE('',#6706,#7527);
#7527 = DEFINITIONAL_REPRESENTATION('',(#7528),#7531);
#7528 = B_SPLINE_CURVE_WITH_KNOTS('',1,(#7529,#7530),.UNSPECIFIED.,.F.,
  .F.,(2,2),(-24.15,-5.15),.PIECEWISE_BEZIER_KNOTS.);
#7529 = CARTESIAN_POINT('',(22.,-12.24));
#7530 = CARTESIAN_POINT('',(3.,-12.24));
#7531 = ( GEOMETRIC_REPRESENTATION_CONTEXT(2) 
PARAMETRIC_REPRESENTATION_CONTEXT() REPRESENTATION_CONTEXT('2D SPACE',''
  ) );
#7532 = ORIENTED_EDGE('',*,*,#7533,.F.);
#7533 = EDGE_CURVE('',#7534,#7513,#7536,.T.);
#7534 = VERTEX_POINT('',#7535);
#7535 = CARTESIAN_POINT('',(30.,-12.76,30.));
#7536 = SURFACE_CURVE('',#7537,(#7542,#7549),.PCURVE_S1.);
#7537 = CIRCLE('',#7538,3.);
#7538 = AXIS2_PLACEMENT_3D('',#7539,#7540,#7541);
#7539 = CARTESIAN_POINT('',(30.,-12.76,27.));
#7540 = DIRECTION('',(0.,1.,0.));
#7541 = DIRECTION('',(1.,0.,-0.));
#7542 = PCURVE('',#2440,#7543);
#7543 = DEFINITIONAL_REPRESENTATION('',(#7544),#7548);
#7544 = CIRCLE('',#7545,3.);
#7545 = AXIS2_PLACEMENT_2D('',#7546,#7547);
#7546 = CARTESIAN_POINT('',(26.3,7.51));
#7547 = DIRECTION('',(0.,1.));
#7548 = ( GEOMETRIC_REPRESENTATION_CONTEXT(2) 
PARAMETRIC_REPRESENTATION_CONTEXT() REPRESENTATION_CONTEXT('2D SPACE',''
  ) );
#7549 = PCURVE('',#6734,#7550);
#7550 = DEFINITIONAL_REPRESENTATION('',(#7551),#7555);
#7551 = LINE('',#7552,#7553);
#7552 = CARTESIAN_POINT('',(-6.28318530718,12.24));
#7553 = VECTOR('',#7554,1.);
#7554 = DIRECTION('',(1.,-0.));
#7555 = ( GEOMETRIC_REPRESENTATION_CONTEXT(2) 
PARAMETRIC_REPRESENTATION_CONTEXT() REPRESENTATION_CONTEXT('2D SPACE',''
  ) );
#7556 = ORIENTED_EDGE('',*,*,#7557,.F.);
#7557 = EDGE_CURVE('',#7558,#7534,#7560,.T.);
#7558 = VERTEX_POINT('',#7559);
#7559 = CARTESIAN_POINT('',(27.,-12.76,30.));
#7560 = SURFACE_CURVE('',#7561,(#7565,#7571),.PCURVE_S1.);
#7561 = LINE('',#7562,#7563);
#7562 = CARTESIAN_POINT('',(23.245,-12.76,30.));
#7563 = VECTOR('',#7564,1.);
#7564 = DIRECTION('',(1.,0.,0.));
#7565 = PCURVE('',#2440,#7566);
#7566 = DEFINITIONAL_REPRESENTATION('',(#7567),#7570);
#7567 = B_SPLINE_CURVE_WITH_KNOTS('',1,(#7568,#7569),.UNSPECIFIED.,.F.,
  .F.,(2,2),(3.755,6.755),.PIECEWISE_BEZIER_KNOTS.);
#7568 = CARTESIAN_POINT('',(29.3,4.51));
#7569 = CARTESIAN_POINT('',(29.3,7.51));
#7570 = ( GEOMETRIC_REPRESENTATION_CONTEXT(2) 
PARAMETRIC_REPRESENTATION_CONTEXT() REPRESENTATION_CONTEXT('2D SPACE',''
  ) );
#7571 = PCURVE('',#6761,#7572);
#7572 = DEFINITIONAL_REPRESENTATION('',(#7573),#7576);
#7573 = B_SPLINE_CURVE_WITH_KNOTS('',1,(#7574,#7575),.UNSPECIFIED.,.F.,
  .F.,(2,2),(3.755,6.755),.PIECEWISE_BEZIER_KNOTS.);
#7574 = CARTESIAN_POINT('',(3.,12.24));
#7575 = CARTESIAN_POINT('',(6.,12.24));
#7576 = ( GEOMETRIC_REPRESENTATION_CONTEXT(2) 
PARAMETRIC_REPRESENTATION_CONTEXT() REPRESENTATION_CONTEXT('2D SPACE',''
  ) );
#7577 = ORIENTED_EDGE('',*,*,#7578,.F.);
#7578 = EDGE_CURVE('',#7579,#7558,#7581,.T.);
#7579 = VERTEX_POINT('',#7580);
#7580 = CARTESIAN_POINT('',(24.,-12.76,27.));
#7581 = SURFACE_CURVE('',#7582,(#7587,#7594),.PCURVE_S1.);
#7582 = CIRCLE('',#7583,3.);
#7583 = AXIS2_PLACEMENT_3D('',#7584,#7585,#7586);
#7584 = CARTESIAN_POINT('',(27.,-12.76,27.));
#7585 = DIRECTION('',(0.,1.,0.));
#7586 = DIRECTION('',(-1.,0.,0.));
#7587 = PCURVE('',#2440,#7588);
#7588 = DEFINITIONAL_REPRESENTATION('',(#7589),#7593);
#7589 = CIRCLE('',#7590,3.);
#7590 = AXIS2_PLACEMENT_2D('',#7591,#7592);
#7591 = CARTESIAN_POINT('',(26.3,4.51));
#7592 = DIRECTION('',(0.,-1.));
#7593 = ( GEOMETRIC_REPRESENTATION_CONTEXT(2) 
PARAMETRIC_REPRESENTATION_CONTEXT() REPRESENTATION_CONTEXT('2D SPACE',''
  ) );
#7594 = PCURVE('',#6789,#7595);
#7595 = DEFINITIONAL_REPRESENTATION('',(#7596),#7600);
#7596 = LINE('',#7597,#7598);
#7597 = CARTESIAN_POINT('',(0.,12.24));
#7598 = VECTOR('',#7599,1.);
#7599 = DIRECTION('',(1.,0.));
#7600 = ( GEOMETRIC_REPRESENTATION_CONTEXT(2) 
PARAMETRIC_REPRESENTATION_CONTEXT() REPRESENTATION_CONTEXT('2D SPACE',''
  ) );
#7601 = ORIENTED_EDGE('',*,*,#7602,.T.);
#7602 = EDGE_CURVE('',#7579,#7603,#7605,.T.);
#7603 = VERTEX_POINT('',#7604);
#7604 = CARTESIAN_POINT('',(24.,-12.76,8.));
#7605 = SURFACE_CURVE('',#7606,(#7610,#7616),.PCURVE_S1.);
#7606 = LINE('',#7607,#7608);
#7607 = CARTESIAN_POINT('',(24.,-12.76,2.85));
#7608 = VECTOR('',#7609,1.);
#7609 = DIRECTION('',(0.,0.,-1.));
#7610 = PCURVE('',#2440,#7611);
#7611 = DEFINITIONAL_REPRESENTATION('',(#7612),#7615);
#7612 = B_SPLINE_CURVE_WITH_KNOTS('',1,(#7613,#7614),.UNSPECIFIED.,.F.,
  .F.,(2,2),(-24.15,-5.15),.PIECEWISE_BEZIER_KNOTS.);
#7613 = CARTESIAN_POINT('',(26.3,1.51));
#7614 = CARTESIAN_POINT('',(7.3,1.51));
#7615 = ( GEOMETRIC_REPRESENTATION_CONTEXT(2) 
PARAMETRIC_REPRESENTATION_CONTEXT() REPRESENTATION_CONTEXT('2D SPACE',''
  ) );
#7616 = PCURVE('',#6816,#7617);
#7617 = DEFINITIONAL_REPRESENTATION('',(#7618),#7621);
#7618 = B_SPLINE_CURVE_WITH_KNOTS('',1,(#7619,#7620),.UNSPECIFIED.,.F.,
  .F.,(2,2),(-24.15,-5.15),.PIECEWISE_BEZIER_KNOTS.);
#7619 = CARTESIAN_POINT('',(22.,-12.24));
#7620 = CARTESIAN_POINT('',(3.,-12.24));
#7621 = ( GEOMETRIC_REPRESENTATION_CONTEXT(2) 
PARAMETRIC_REPRESENTATION_CONTEXT() REPRESENTATION_CONTEXT('2D SPACE',''
  ) );
#7622 = ORIENTED_EDGE('',*,*,#7623,.F.);
#7623 = EDGE_CURVE('',#7624,#7603,#7626,.T.);
#7624 = VERTEX_POINT('',#7625);
#7625 = CARTESIAN_POINT('',(27.,-12.76,5.));
#7626 = SURFACE_CURVE('',#7627,(#7632,#7639),.PCURVE_S1.);
#7627 = CIRCLE('',#7628,3.);
#7628 = AXIS2_PLACEMENT_3D('',#7629,#7630,#7631);
#7629 = CARTESIAN_POINT('',(27.,-12.76,8.));
#7630 = DIRECTION('',(0.,1.,0.));
#7631 = DIRECTION('',(-1.,0.,0.));
#7632 = PCURVE('',#2440,#7633);
#7633 = DEFINITIONAL_REPRESENTATION('',(#7634),#7638);
#7634 = CIRCLE('',#7635,3.);
#7635 = AXIS2_PLACEMENT_2D('',#7636,#7637);
#7636 = CARTESIAN_POINT('',(7.3,4.51));
#7637 = DIRECTION('',(0.,-1.));
#7638 = ( GEOMETRIC_REPRESENTATION_CONTEXT(2) 
PARAMETRIC_REPRESENTATION_CONTEXT() REPRESENTATION_CONTEXT('2D SPACE',''
  ) );
#7639 = PCURVE('',#6842,#7640);
#7640 = DEFINITIONAL_REPRESENTATION('',(#7641),#7645);
#7641 = LINE('',#7642,#7643);
#7642 = CARTESIAN_POINT('',(-6.28318530718,12.24));
#7643 = VECTOR('',#7644,1.);
#7644 = DIRECTION('',(1.,-0.));
#7645 = ( GEOMETRIC_REPRESENTATION_CONTEXT(2) 
PARAMETRIC_REPRESENTATION_CONTEXT() REPRESENTATION_CONTEXT('2D SPACE',''
  ) );
#7646 = ORIENTED_EDGE('',*,*,#7647,.F.);
#7647 = EDGE_CURVE('',#7648,#7624,#7650,.T.);
#7648 = VERTEX_POINT('',#7649);
#7649 = CARTESIAN_POINT('',(25.,-12.76,5.));
#7650 = SURFACE_CURVE('',#7651,(#7655,#7661),.PCURVE_S1.);
#7651 = LINE('',#7652,#7653);
#7652 = CARTESIAN_POINT('',(23.745,-12.76,5.));
#7653 = VECTOR('',#7654,1.);
#7654 = DIRECTION('',(1.,0.,0.));
#7655 = PCURVE('',#2440,#7656);
#7656 = DEFINITIONAL_REPRESENTATION('',(#7657),#7660);
#7657 = B_SPLINE_CURVE_WITH_KNOTS('',1,(#7658,#7659),.UNSPECIFIED.,.F.,
  .F.,(2,2),(1.255,5.255),.PIECEWISE_BEZIER_KNOTS.);
#7658 = CARTESIAN_POINT('',(4.3,2.51));
#7659 = CARTESIAN_POINT('',(4.3,6.51));
#7660 = ( GEOMETRIC_REPRESENTATION_CONTEXT(2) 
PARAMETRIC_REPRESENTATION_CONTEXT() REPRESENTATION_CONTEXT('2D SPACE',''
  ) );
#7661 = PCURVE('',#6609,#7662);
#7662 = DEFINITIONAL_REPRESENTATION('',(#7663),#7666);
#7663 = B_SPLINE_CURVE_WITH_KNOTS('',1,(#7664,#7665),.UNSPECIFIED.,.F.,
  .F.,(2,2),(1.255,5.255),.PIECEWISE_BEZIER_KNOTS.);
#7664 = CARTESIAN_POINT('',(0.,12.24));
#7665 = CARTESIAN_POINT('',(4.,12.24));
#7666 = ( GEOMETRIC_REPRESENTATION_CONTEXT(2) 
PARAMETRIC_REPRESENTATION_CONTEXT() REPRESENTATION_CONTEXT('2D SPACE',''
  ) );
#7667 = ORIENTED_EDGE('',*,*,#7668,.T.);
#7668 = EDGE_CURVE('',#7648,#7326,#7669,.T.);
#7669 = SURFACE_CURVE('',#7670,(#7674,#7680),.PCURVE_S1.);
#7670 = LINE('',#7671,#7672);
#7671 = CARTESIAN_POINT('',(25.,-12.76,0.675));
#7672 = VECTOR('',#7673,1.);
#7673 = DIRECTION('',(0.,0.,-1.));
#7674 = PCURVE('',#2440,#7675);
#7675 = DEFINITIONAL_REPRESENTATION('',(#7676),#7679);
#7676 = B_SPLINE_CURVE_WITH_KNOTS('',1,(#7677,#7678),.UNSPECIFIED.,.F.,
  .F.,(2,2),(-4.325,-2.5E-02),.PIECEWISE_BEZIER_KNOTS.);
#7677 = CARTESIAN_POINT('',(4.3,2.51));
#7678 = CARTESIAN_POINT('',(0.,2.51));
#7679 = ( GEOMETRIC_REPRESENTATION_CONTEXT(2) 
PARAMETRIC_REPRESENTATION_CONTEXT() REPRESENTATION_CONTEXT('2D SPACE',''
  ) );
#7680 = PCURVE('',#4086,#7681);
#7681 = DEFINITIONAL_REPRESENTATION('',(#7682),#7685);
#7682 = B_SPLINE_CURVE_WITH_KNOTS('',1,(#7683,#7684),.UNSPECIFIED.,.F.,
  .F.,(2,2),(-4.325,-2.5E-02),.PIECEWISE_BEZIER_KNOTS.);
#7683 = CARTESIAN_POINT('',(4.35,-12.24));
#7684 = CARTESIAN_POINT('',(5.E-02,-12.24));
#7685 = ( GEOMETRIC_REPRESENTATION_CONTEXT(2) 
PARAMETRIC_REPRESENTATION_CONTEXT() REPRESENTATION_CONTEXT('2D SPACE',''
  ) );
#7686 = FACE_BOUND('',#7687,.T.);
#7687 = EDGE_LOOP('',(#7688,#7714,#7735,#7759,#7780,#7804,#7825,#7849));
#7688 = ORIENTED_EDGE('',*,*,#7689,.F.);
#7689 = EDGE_CURVE('',#7690,#7692,#7694,.T.);
#7690 = VERTEX_POINT('',#7691);
#7691 = CARTESIAN_POINT('',(38.,-12.76,27.));
#7692 = VERTEX_POINT('',#7693);
#7693 = CARTESIAN_POINT('',(41.,-12.76,30.));
#7694 = SURFACE_CURVE('',#7695,(#7700,#7707),.PCURVE_S1.);
#7695 = CIRCLE('',#7696,3.);
#7696 = AXIS2_PLACEMENT_3D('',#7697,#7698,#7699);
#7697 = CARTESIAN_POINT('',(41.,-12.76,27.));
#7698 = DIRECTION('',(0.,1.,0.));
#7699 = DIRECTION('',(-1.,0.,0.));
#7700 = PCURVE('',#2440,#7701);
#7701 = DEFINITIONAL_REPRESENTATION('',(#7702),#7706);
#7702 = CIRCLE('',#7703,3.);
#7703 = AXIS2_PLACEMENT_2D('',#7704,#7705);
#7704 = CARTESIAN_POINT('',(26.3,18.51));
#7705 = DIRECTION('',(0.,-1.));
#7706 = ( GEOMETRIC_REPRESENTATION_CONTEXT(2) 
PARAMETRIC_REPRESENTATION_CONTEXT() REPRESENTATION_CONTEXT('2D SPACE',''
  ) );
#7707 = PCURVE('',#6389,#7708);
#7708 = DEFINITIONAL_REPRESENTATION('',(#7709),#7713);
#7709 = LINE('',#7710,#7711);
#7710 = CARTESIAN_POINT('',(0.,12.24));
#7711 = VECTOR('',#7712,1.);
#7712 = DIRECTION('',(1.,0.));
#7713 = ( GEOMETRIC_REPRESENTATION_CONTEXT(2) 
PARAMETRIC_REPRESENTATION_CONTEXT() REPRESENTATION_CONTEXT('2D SPACE',''
  ) );
#7714 = ORIENTED_EDGE('',*,*,#7715,.T.);
#7715 = EDGE_CURVE('',#7690,#7716,#7718,.T.);
#7716 = VERTEX_POINT('',#7717);
#7717 = CARTESIAN_POINT('',(38.,-12.76,8.));
#7718 = SURFACE_CURVE('',#7719,(#7723,#7729),.PCURVE_S1.);
#7719 = LINE('',#7720,#7721);
#7720 = CARTESIAN_POINT('',(38.,-12.76,2.85));
#7721 = VECTOR('',#7722,1.);
#7722 = DIRECTION('',(0.,0.,-1.));
#7723 = PCURVE('',#2440,#7724);
#7724 = DEFINITIONAL_REPRESENTATION('',(#7725),#7728);
#7725 = B_SPLINE_CURVE_WITH_KNOTS('',1,(#7726,#7727),.UNSPECIFIED.,.F.,
  .F.,(2,2),(-24.15,-5.15),.PIECEWISE_BEZIER_KNOTS.);
#7726 = CARTESIAN_POINT('',(26.3,15.51));
#7727 = CARTESIAN_POINT('',(7.3,15.51));
#7728 = ( GEOMETRIC_REPRESENTATION_CONTEXT(2) 
PARAMETRIC_REPRESENTATION_CONTEXT() REPRESENTATION_CONTEXT('2D SPACE',''
  ) );
#7729 = PCURVE('',#6416,#7730);
#7730 = DEFINITIONAL_REPRESENTATION('',(#7731),#7734);
#7731 = B_SPLINE_CURVE_WITH_KNOTS('',1,(#7732,#7733),.UNSPECIFIED.,.F.,
  .F.,(2,2),(-24.15,-5.15),.PIECEWISE_BEZIER_KNOTS.);
#7732 = CARTESIAN_POINT('',(22.,-12.24));
#7733 = CARTESIAN_POINT('',(3.,-12.24));
#7734 = ( GEOMETRIC_REPRESENTATION_CONTEXT(2) 
PARAMETRIC_REPRESENTATION_CONTEXT() REPRESENTATION_CONTEXT('2D SPACE',''
  ) );
#7735 = ORIENTED_EDGE('',*,*,#7736,.F.);
#7736 = EDGE_CURVE('',#7737,#7716,#7739,.T.);
#7737 = VERTEX_POINT('',#7738);
#7738 = CARTESIAN_POINT('',(41.,-12.76,5.));
#7739 = SURFACE_CURVE('',#7740,(#7745,#7752),.PCURVE_S1.);
#7740 = CIRCLE('',#7741,3.);
#7741 = AXIS2_PLACEMENT_3D('',#7742,#7743,#7744);
#7742 = CARTESIAN_POINT('',(41.,-12.76,8.));
#7743 = DIRECTION('',(0.,1.,0.));
#7744 = DIRECTION('',(-1.,0.,0.));
#7745 = PCURVE('',#2440,#7746);
#7746 = DEFINITIONAL_REPRESENTATION('',(#7747),#7751);
#7747 = CIRCLE('',#7748,3.);
#7748 = AXIS2_PLACEMENT_2D('',#7749,#7750);
#7749 = CARTESIAN_POINT('',(7.3,18.51));
#7750 = DIRECTION('',(0.,-1.));
#7751 = ( GEOMETRIC_REPRESENTATION_CONTEXT(2) 
PARAMETRIC_REPRESENTATION_CONTEXT() REPRESENTATION_CONTEXT('2D SPACE',''
  ) );
#7752 = PCURVE('',#6444,#7753);
#7753 = DEFINITIONAL_REPRESENTATION('',(#7754),#7758);
#7754 = LINE('',#7755,#7756);
#7755 = CARTESIAN_POINT('',(-6.28318530718,12.24));
#7756 = VECTOR('',#7757,1.);
#7757 = DIRECTION('',(1.,-0.));
#7758 = ( GEOMETRIC_REPRESENTATION_CONTEXT(2) 
PARAMETRIC_REPRESENTATION_CONTEXT() REPRESENTATION_CONTEXT('2D SPACE',''
  ) );
#7759 = ORIENTED_EDGE('',*,*,#7760,.T.);
#7760 = EDGE_CURVE('',#7737,#7761,#7763,.T.);
#7761 = VERTEX_POINT('',#7762);
#7762 = CARTESIAN_POINT('',(45.,-12.76,5.));
#7763 = SURFACE_CURVE('',#7764,(#7768,#7774),.PCURVE_S1.);
#7764 = LINE('',#7765,#7766);
#7765 = CARTESIAN_POINT('',(30.245,-12.76,5.));
#7766 = VECTOR('',#7767,1.);
#7767 = DIRECTION('',(1.,0.,0.));
#7768 = PCURVE('',#2440,#7769);
#7769 = DEFINITIONAL_REPRESENTATION('',(#7770),#7773);
#7770 = B_SPLINE_CURVE_WITH_KNOTS('',1,(#7771,#7772),.UNSPECIFIED.,.F.,
  .F.,(2,2),(10.755,14.755),.PIECEWISE_BEZIER_KNOTS.);
#7771 = CARTESIAN_POINT('',(4.3,18.51));
#7772 = CARTESIAN_POINT('',(4.3,22.51));
#7773 = ( GEOMETRIC_REPRESENTATION_CONTEXT(2) 
PARAMETRIC_REPRESENTATION_CONTEXT() REPRESENTATION_CONTEXT('2D SPACE',''
  ) );
#7774 = PCURVE('',#6471,#7775);
#7775 = DEFINITIONAL_REPRESENTATION('',(#7776),#7779);
#7776 = B_SPLINE_CURVE_WITH_KNOTS('',1,(#7777,#7778),.UNSPECIFIED.,.F.,
  .F.,(2,2),(10.755,14.755),.PIECEWISE_BEZIER_KNOTS.);
#7777 = CARTESIAN_POINT('',(3.,12.24));
#7778 = CARTESIAN_POINT('',(7.,12.24));
#7779 = ( GEOMETRIC_REPRESENTATION_CONTEXT(2) 
PARAMETRIC_REPRESENTATION_CONTEXT() REPRESENTATION_CONTEXT('2D SPACE',''
  ) );
#7780 = ORIENTED_EDGE('',*,*,#7781,.F.);
#7781 = EDGE_CURVE('',#7782,#7761,#7784,.T.);
#7782 = VERTEX_POINT('',#7783);
#7783 = CARTESIAN_POINT('',(48.,-12.76,8.));
#7784 = SURFACE_CURVE('',#7785,(#7790,#7797),.PCURVE_S1.);
#7785 = CIRCLE('',#7786,3.);
#7786 = AXIS2_PLACEMENT_3D('',#7787,#7788,#7789);
#7787 = CARTESIAN_POINT('',(45.,-12.76,8.));
#7788 = DIRECTION('',(0.,1.,0.));
#7789 = DIRECTION('',(1.,0.,-0.));
#7790 = PCURVE('',#2440,#7791);
#7791 = DEFINITIONAL_REPRESENTATION('',(#7792),#7796);
#7792 = CIRCLE('',#7793,3.);
#7793 = AXIS2_PLACEMENT_2D('',#7794,#7795);
#7794 = CARTESIAN_POINT('',(7.3,22.51));
#7795 = DIRECTION('',(0.,1.));
#7796 = ( GEOMETRIC_REPRESENTATION_CONTEXT(2) 
PARAMETRIC_REPRESENTATION_CONTEXT() REPRESENTATION_CONTEXT('2D SPACE',''
  ) );
#7797 = PCURVE('',#6499,#7798);
#7798 = DEFINITIONAL_REPRESENTATION('',(#7799),#7803);
#7799 = LINE('',#7800,#7801);
#7800 = CARTESIAN_POINT('',(0.,12.24));
#7801 = VECTOR('',#7802,1.);
#7802 = DIRECTION('',(1.,0.));
#7803 = ( GEOMETRIC_REPRESENTATION_CONTEXT(2) 
PARAMETRIC_REPRESENTATION_CONTEXT() REPRESENTATION_CONTEXT('2D SPACE',''
  ) );
#7804 = ORIENTED_EDGE('',*,*,#7805,.F.);
#7805 = EDGE_CURVE('',#7806,#7782,#7808,.T.);
#7806 = VERTEX_POINT('',#7807);
#7807 = CARTESIAN_POINT('',(48.,-12.76,27.));
#7808 = SURFACE_CURVE('',#7809,(#7813,#7819),.PCURVE_S1.);
#7809 = LINE('',#7810,#7811);
#7810 = CARTESIAN_POINT('',(48.,-12.76,2.85));
#7811 = VECTOR('',#7812,1.);
#7812 = DIRECTION('',(0.,0.,-1.));
#7813 = PCURVE('',#2440,#7814);
#7814 = DEFINITIONAL_REPRESENTATION('',(#7815),#7818);
#7815 = B_SPLINE_CURVE_WITH_KNOTS('',1,(#7816,#7817),.UNSPECIFIED.,.F.,
  .F.,(2,2),(-24.15,-5.15),.PIECEWISE_BEZIER_KNOTS.);
#7816 = CARTESIAN_POINT('',(26.3,25.51));
#7817 = CARTESIAN_POINT('',(7.3,25.51));
#7818 = ( GEOMETRIC_REPRESENTATION_CONTEXT(2) 
PARAMETRIC_REPRESENTATION_CONTEXT() REPRESENTATION_CONTEXT('2D SPACE',''
  ) );
#7819 = PCURVE('',#6526,#7820);
#7820 = DEFINITIONAL_REPRESENTATION('',(#7821),#7824);
#7821 = B_SPLINE_CURVE_WITH_KNOTS('',1,(#7822,#7823),.UNSPECIFIED.,.F.,
  .F.,(2,2),(-24.15,-5.15),.PIECEWISE_BEZIER_KNOTS.);
#7822 = CARTESIAN_POINT('',(22.,-12.24));
#7823 = CARTESIAN_POINT('',(3.,-12.24));
#7824 = ( GEOMETRIC_REPRESENTATION_CONTEXT(2) 
PARAMETRIC_REPRESENTATION_CONTEXT() REPRESENTATION_CONTEXT('2D SPACE',''
  ) );
#7825 = ORIENTED_EDGE('',*,*,#7826,.F.);
#7826 = EDGE_CURVE('',#7827,#7806,#7829,.T.);
#7827 = VERTEX_POINT('',#7828);
#7828 = CARTESIAN_POINT('',(45.,-12.76,30.));
#7829 = SURFACE_CURVE('',#7830,(#7835,#7842),.PCURVE_S1.);
#7830 = CIRCLE('',#7831,3.);
#7831 = AXIS2_PLACEMENT_3D('',#7832,#7833,#7834);
#7832 = CARTESIAN_POINT('',(45.,-12.76,27.));
#7833 = DIRECTION('',(0.,1.,0.));
#7834 = DIRECTION('',(1.,0.,-0.));
#7835 = PCURVE('',#2440,#7836);
#7836 = DEFINITIONAL_REPRESENTATION('',(#7837),#7841);
#7837 = CIRCLE('',#7838,3.);
#7838 = AXIS2_PLACEMENT_2D('',#7839,#7840);
#7839 = CARTESIAN_POINT('',(26.3,22.51));
#7840 = DIRECTION('',(0.,1.));
#7841 = ( GEOMETRIC_REPRESENTATION_CONTEXT(2) 
PARAMETRIC_REPRESENTATION_CONTEXT() REPRESENTATION_CONTEXT('2D SPACE',''
  ) );
#7842 = PCURVE('',#6554,#7843);
#7843 = DEFINITIONAL_REPRESENTATION('',(#7844),#7848);
#7844 = LINE('',#7845,#7846);
#7845 = CARTESIAN_POINT('',(-6.28318530718,12.24));
#7846 = VECTOR('',#7847,1.);
#7847 = DIRECTION('',(1.,-0.));
#7848 = ( GEOMETRIC_REPRESENTATION_CONTEXT(2) 
PARAMETRIC_REPRESENTATION_CONTEXT() REPRESENTATION_CONTEXT('2D SPACE',''
  ) );
#7849 = ORIENTED_EDGE('',*,*,#7850,.F.);
#7850 = EDGE_CURVE('',#7692,#7827,#7851,.T.);
#7851 = SURFACE_CURVE('',#7852,(#7856,#7862),.PCURVE_S1.);
#7852 = LINE('',#7853,#7854);
#7853 = CARTESIAN_POINT('',(30.245,-12.76,30.));
#7854 = VECTOR('',#7855,1.);
#7855 = DIRECTION('',(1.,0.,0.));
#7856 = PCURVE('',#2440,#7857);
#7857 = DEFINITIONAL_REPRESENTATION('',(#7858),#7861);
#7858 = B_SPLINE_CURVE_WITH_KNOTS('',1,(#7859,#7860),.UNSPECIFIED.,.F.,
  .F.,(2,2),(10.755,14.755),.PIECEWISE_BEZIER_KNOTS.);
#7859 = CARTESIAN_POINT('',(29.3,18.51));
#7860 = CARTESIAN_POINT('',(29.3,22.51));
#7861 = ( GEOMETRIC_REPRESENTATION_CONTEXT(2) 
PARAMETRIC_REPRESENTATION_CONTEXT() REPRESENTATION_CONTEXT('2D SPACE',''
  ) );
#7862 = PCURVE('',#6579,#7863);
#7863 = DEFINITIONAL_REPRESENTATION('',(#7864),#7867);
#7864 = B_SPLINE_CURVE_WITH_KNOTS('',1,(#7865,#7866),.UNSPECIFIED.,.F.,
  .F.,(2,2),(10.755,14.755),.PIECEWISE_BEZIER_KNOTS.);
#7865 = CARTESIAN_POINT('',(3.,12.24));
#7866 = CARTESIAN_POINT('',(7.,12.24));
#7867 = ( GEOMETRIC_REPRESENTATION_CONTEXT(2) 
PARAMETRIC_REPRESENTATION_CONTEXT() REPRESENTATION_CONTEXT('2D SPACE',''
  ) );
#7868 = ADVANCED_FACE('',(#7869),#2516,.F.);
#7869 = FACE_BOUND('',#7870,.F.);
#7870 = EDGE_LOOP('',(#7871,#7872,#7893,#7914));
#7871 = ORIENTED_EDGE('',*,*,#7375,.F.);
#7872 = ORIENTED_EDGE('',*,*,#7873,.T.);
#7873 = EDGE_CURVE('',#7376,#7874,#7876,.T.);
#7874 = VERTEX_POINT('',#7875);
#7875 = CARTESIAN_POINT('',(68.51,12.76,20.657047233303));
#7876 = SURFACE_CURVE('',#7877,(#7881,#7887),.PCURVE_S1.);
#7877 = LINE('',#7878,#7879);
#7878 = CARTESIAN_POINT('',(68.51,25.,20.657047233302));
#7879 = VECTOR('',#7880,1.);
#7880 = DIRECTION('',(-0.,1.,-0.));
#7881 = PCURVE('',#2516,#7882);
#7882 = DEFINITIONAL_REPRESENTATION('',(#7883),#7886);
#7883 = B_SPLINE_CURVE_WITH_KNOTS('',1,(#7884,#7885),.UNSPECIFIED.,.F.,
  .F.,(2,2),(-40.312,-9.688),.PIECEWISE_BEZIER_KNOTS.);
#7884 = CARTESIAN_POINT('',(19.957047233302,2.552));
#7885 = CARTESIAN_POINT('',(19.957047233302,-28.072));
#7886 = ( GEOMETRIC_REPRESENTATION_CONTEXT(2) 
PARAMETRIC_REPRESENTATION_CONTEXT() REPRESENTATION_CONTEXT('2D SPACE',''
  ) );
#7887 = PCURVE('',#2813,#7888);
#7888 = DEFINITIONAL_REPRESENTATION('',(#7889),#7892);
#7889 = B_SPLINE_CURVE_WITH_KNOTS('',1,(#7890,#7891),.UNSPECIFIED.,.F.,
  .F.,(2,2),(-40.312,-9.688),.PIECEWISE_BEZIER_KNOTS.);
#7890 = CARTESIAN_POINT('',(-2.415086816846,-40.312));
#7891 = CARTESIAN_POINT('',(-2.415086816846,-9.688));
#7892 = ( GEOMETRIC_REPRESENTATION_CONTEXT(2) 
PARAMETRIC_REPRESENTATION_CONTEXT() REPRESENTATION_CONTEXT('2D SPACE',''
  ) );
#7893 = ORIENTED_EDGE('',*,*,#7894,.T.);
#7894 = EDGE_CURVE('',#7874,#2478,#7895,.T.);
#7895 = SURFACE_CURVE('',#7896,(#7900,#7907),.PCURVE_S1.);
#7896 = LINE('',#7897,#7898);
#7897 = CARTESIAN_POINT('',(68.51,12.76,0.7));
#7898 = VECTOR('',#7899,1.);
#7899 = DIRECTION('',(0.,0.,1.));
#7900 = PCURVE('',#2516,#7901);
#7901 = DEFINITIONAL_REPRESENTATION('',(#7902),#7906);
#7902 = LINE('',#7903,#7904);
#7903 = CARTESIAN_POINT('',(0.,-25.52));
#7904 = VECTOR('',#7905,1.);
#7905 = DIRECTION('',(1.,0.));
#7906 = ( GEOMETRIC_REPRESENTATION_CONTEXT(2) 
PARAMETRIC_REPRESENTATION_CONTEXT() REPRESENTATION_CONTEXT('2D SPACE',''
  ) );
#7907 = PCURVE('',#2492,#7908);
#7908 = DEFINITIONAL_REPRESENTATION('',(#7909),#7913);
#7909 = LINE('',#7910,#7911);
#7910 = CARTESIAN_POINT('',(0.,46.02));
#7911 = VECTOR('',#7912,1.);
#7912 = DIRECTION('',(1.,0.));
#7913 = ( GEOMETRIC_REPRESENTATION_CONTEXT(2) 
PARAMETRIC_REPRESENTATION_CONTEXT() REPRESENTATION_CONTEXT('2D SPACE',''
  ) );
#7914 = ORIENTED_EDGE('',*,*,#2503,.F.);
#7915 = ADVANCED_FACE('',(#7916,#8043),#2492,.F.);
#7916 = FACE_BOUND('',#7917,.F.);
#7917 = EDGE_LOOP('',(#7918,#7941,#7962,#7963,#7964,#7988,#8009,#8010,
    #8011,#8032,#8033,#8034,#8035,#8036,#8037,#8038,#8039,#8040,#8041,
    #8042));
#7918 = ORIENTED_EDGE('',*,*,#7919,.F.);
#7919 = EDGE_CURVE('',#7920,#4287,#7922,.T.);
#7920 = VERTEX_POINT('',#7921);
#7921 = CARTESIAN_POINT('',(22.49,12.76,0.7));
#7922 = SURFACE_CURVE('',#7923,(#7927,#7934),.PCURVE_S1.);
#7923 = LINE('',#7924,#7925);
#7924 = CARTESIAN_POINT('',(22.49,12.76,0.7));
#7925 = VECTOR('',#7926,1.);
#7926 = DIRECTION('',(1.,0.,0.));
#7927 = PCURVE('',#2492,#7928);
#7928 = DEFINITIONAL_REPRESENTATION('',(#7929),#7933);
#7929 = LINE('',#7930,#7931);
#7930 = CARTESIAN_POINT('',(0.,0.));
#7931 = VECTOR('',#7932,1.);
#7932 = DIRECTION('',(0.,1.));
#7933 = ( GEOMETRIC_REPRESENTATION_CONTEXT(2) 
PARAMETRIC_REPRESENTATION_CONTEXT() REPRESENTATION_CONTEXT('2D SPACE',''
  ) );
#7934 = PCURVE('',#4322,#7935);
#7935 = DEFINITIONAL_REPRESENTATION('',(#7936),#7940);
#7936 = LINE('',#7937,#7938);
#7937 = CARTESIAN_POINT('',(0.,25.52));
#7938 = VECTOR('',#7939,1.);
#7939 = DIRECTION('',(1.,0.));
#7940 = ( GEOMETRIC_REPRESENTATION_CONTEXT(2) 
PARAMETRIC_REPRESENTATION_CONTEXT() REPRESENTATION_CONTEXT('2D SPACE',''
  ) );
#7941 = ORIENTED_EDGE('',*,*,#7942,.T.);
#7942 = EDGE_CURVE('',#7920,#2452,#7943,.T.);
#7943 = SURFACE_CURVE('',#7944,(#7948,#7955),.PCURVE_S1.);
#7944 = LINE('',#7945,#7946);
#7945 = CARTESIAN_POINT('',(22.49,12.76,0.7));
#7946 = VECTOR('',#7947,1.);
#7947 = DIRECTION('',(0.,0.,1.));
#7948 = PCURVE('',#2492,#7949);
#7949 = DEFINITIONAL_REPRESENTATION('',(#7950),#7954);
#7950 = LINE('',#7951,#7952);
#7951 = CARTESIAN_POINT('',(0.,0.));
#7952 = VECTOR('',#7953,1.);
#7953 = DIRECTION('',(1.,0.));
#7954 = ( GEOMETRIC_REPRESENTATION_CONTEXT(2) 
PARAMETRIC_REPRESENTATION_CONTEXT() REPRESENTATION_CONTEXT('2D SPACE',''
  ) );
#7955 = PCURVE('',#2466,#7956);
#7956 = DEFINITIONAL_REPRESENTATION('',(#7957),#7961);
#7957 = LINE('',#7958,#7959);
#7958 = CARTESIAN_POINT('',(0.,-25.52));
#7959 = VECTOR('',#7960,1.);
#7960 = DIRECTION('',(1.,0.));
#7961 = ( GEOMETRIC_REPRESENTATION_CONTEXT(2) 
PARAMETRIC_REPRESENTATION_CONTEXT() REPRESENTATION_CONTEXT('2D SPACE',''
  ) );
#7962 = ORIENTED_EDGE('',*,*,#2477,.F.);
#7963 = ORIENTED_EDGE('',*,*,#7894,.F.);
#7964 = ORIENTED_EDGE('',*,*,#7965,.F.);
#7965 = EDGE_CURVE('',#7966,#7874,#7968,.T.);
#7966 = VERTEX_POINT('',#7967);
#7967 = CARTESIAN_POINT('',(68.51,12.76,15.342952766697));
#7968 = SURFACE_CURVE('',#7969,(#7974,#7981),.PCURVE_S1.);
#7969 = CIRCLE('',#7970,4.);
#7970 = AXIS2_PLACEMENT_3D('',#7971,#7972,#7973);
#7971 = CARTESIAN_POINT('',(71.5,12.76,18.));
#7972 = DIRECTION('',(-0.,1.,0.));
#7973 = DIRECTION('',(1.,0.,0.));
#7974 = PCURVE('',#2492,#7975);
#7975 = DEFINITIONAL_REPRESENTATION('',(#7976),#7980);
#7976 = CIRCLE('',#7977,4.);
#7977 = AXIS2_PLACEMENT_2D('',#7978,#7979);
#7978 = CARTESIAN_POINT('',(17.3,49.01));
#7979 = DIRECTION('',(0.,1.));
#7980 = ( GEOMETRIC_REPRESENTATION_CONTEXT(2) 
PARAMETRIC_REPRESENTATION_CONTEXT() REPRESENTATION_CONTEXT('2D SPACE',''
  ) );
#7981 = PCURVE('',#2813,#7982);
#7982 = DEFINITIONAL_REPRESENTATION('',(#7983),#7987);
#7983 = LINE('',#7984,#7985);
#7984 = CARTESIAN_POINT('',(-6.28318530718,-12.24));
#7985 = VECTOR('',#7986,1.);
#7986 = DIRECTION('',(1.,-0.));
#7987 = ( GEOMETRIC_REPRESENTATION_CONTEXT(2) 
PARAMETRIC_REPRESENTATION_CONTEXT() REPRESENTATION_CONTEXT('2D SPACE',''
  ) );
#7988 = ORIENTED_EDGE('',*,*,#7989,.F.);
#7989 = EDGE_CURVE('',#3308,#7966,#7990,.T.);
#7990 = SURFACE_CURVE('',#7991,(#7995,#8002),.PCURVE_S1.);
#7991 = LINE('',#7992,#7993);
#7992 = CARTESIAN_POINT('',(68.51,12.76,0.7));
#7993 = VECTOR('',#7994,1.);
#7994 = DIRECTION('',(0.,0.,1.));
#7995 = PCURVE('',#2492,#7996);
#7996 = DEFINITIONAL_REPRESENTATION('',(#7997),#8001);
#7997 = LINE('',#7998,#7999);
#7998 = CARTESIAN_POINT('',(0.,46.02));
#7999 = VECTOR('',#8000,1.);
#8000 = DIRECTION('',(1.,0.));
#8001 = ( GEOMETRIC_REPRESENTATION_CONTEXT(2) 
PARAMETRIC_REPRESENTATION_CONTEXT() REPRESENTATION_CONTEXT('2D SPACE',''
  ) );
#8002 = PCURVE('',#3343,#8003);
#8003 = DEFINITIONAL_REPRESENTATION('',(#8004),#8008);
#8004 = LINE('',#8005,#8006);
#8005 = CARTESIAN_POINT('',(0.,-25.52));
#8006 = VECTOR('',#8007,1.);
#8007 = DIRECTION('',(1.,0.));
#8008 = ( GEOMETRIC_REPRESENTATION_CONTEXT(2) 
PARAMETRIC_REPRESENTATION_CONTEXT() REPRESENTATION_CONTEXT('2D SPACE',''
  ) );
#8009 = ORIENTED_EDGE('',*,*,#3307,.T.);
#8010 = ORIENTED_EDGE('',*,*,#3423,.T.);
#8011 = ORIENTED_EDGE('',*,*,#8012,.F.);
#8012 = EDGE_CURVE('',#4005,#3424,#8013,.T.);
#8013 = SURFACE_CURVE('',#8014,(#8018,#8025),.PCURVE_S1.);
#8014 = LINE('',#8015,#8016);
#8015 = CARTESIAN_POINT('',(22.49,12.76,0.7));
#8016 = VECTOR('',#8017,1.);
#8017 = DIRECTION('',(1.,0.,0.));
#8018 = PCURVE('',#2492,#8019);
#8019 = DEFINITIONAL_REPRESENTATION('',(#8020),#8024);
#8020 = LINE('',#8021,#8022);
#8021 = CARTESIAN_POINT('',(0.,0.));
#8022 = VECTOR('',#8023,1.);
#8023 = DIRECTION('',(0.,1.));
#8024 = ( GEOMETRIC_REPRESENTATION_CONTEXT(2) 
PARAMETRIC_REPRESENTATION_CONTEXT() REPRESENTATION_CONTEXT('2D SPACE',''
  ) );
#8025 = PCURVE('',#3461,#8026);
#8026 = DEFINITIONAL_REPRESENTATION('',(#8027),#8031);
#8027 = LINE('',#8028,#8029);
#8028 = CARTESIAN_POINT('',(0.,25.52));
#8029 = VECTOR('',#8030,1.);
#8030 = DIRECTION('',(1.,0.));
#8031 = ( GEOMETRIC_REPRESENTATION_CONTEXT(2) 
PARAMETRIC_REPRESENTATION_CONTEXT() REPRESENTATION_CONTEXT('2D SPACE',''
  ) );
#8032 = ORIENTED_EDGE('',*,*,#4004,.F.);
#8033 = ORIENTED_EDGE('',*,*,#4241,.T.);
#8034 = ORIENTED_EDGE('',*,*,#4380,.F.);
#8035 = ORIENTED_EDGE('',*,*,#4454,.F.);
#8036 = ORIENTED_EDGE('',*,*,#4552,.F.);
#8037 = ORIENTED_EDGE('',*,*,#4672,.F.);
#8038 = ORIENTED_EDGE('',*,*,#4696,.F.);
#8039 = ORIENTED_EDGE('',*,*,#4601,.T.);
#8040 = ORIENTED_EDGE('',*,*,#4524,.F.);
#8041 = ORIENTED_EDGE('',*,*,#4408,.F.);
#8042 = ORIENTED_EDGE('',*,*,#4286,.T.);
#8043 = FACE_BOUND('',#8044,.F.);
#8044 = EDGE_LOOP('',(#8045,#8046,#8047,#8048,#8049,#8050,#8051,#8052));
#8045 = ORIENTED_EDGE('',*,*,#3856,.F.);
#8046 = ORIENTED_EDGE('',*,*,#3883,.T.);
#8047 = ORIENTED_EDGE('',*,*,#3543,.F.);
#8048 = ORIENTED_EDGE('',*,*,#3594,.T.);
#8049 = ORIENTED_EDGE('',*,*,#3662,.F.);
#8050 = ORIENTED_EDGE('',*,*,#3689,.F.);
#8051 = ORIENTED_EDGE('',*,*,#3737,.F.);
#8052 = ORIENTED_EDGE('',*,*,#3810,.F.);
#8053 = ADVANCED_FACE('',(#8054),#2466,.T.);
#8054 = FACE_BOUND('',#8055,.T.);
#8055 = EDGE_LOOP('',(#8056,#8057,#8080,#8101,#8127,#8148,#8169,#8170));
#8056 = ORIENTED_EDGE('',*,*,#7353,.F.);
#8057 = ORIENTED_EDGE('',*,*,#8058,.T.);
#8058 = EDGE_CURVE('',#7324,#8059,#8061,.T.);
#8059 = VERTEX_POINT('',#8060);
#8060 = CARTESIAN_POINT('',(22.49,-6.,0.7));
#8061 = SURFACE_CURVE('',#8062,(#8066,#8073),.PCURVE_S1.);
#8062 = LINE('',#8063,#8064);
#8063 = CARTESIAN_POINT('',(22.49,-12.76,0.7));
#8064 = VECTOR('',#8065,1.);
#8065 = DIRECTION('',(0.,1.,0.));
#8066 = PCURVE('',#2466,#8067);
#8067 = DEFINITIONAL_REPRESENTATION('',(#8068),#8072);
#8068 = LINE('',#8069,#8070);
#8069 = CARTESIAN_POINT('',(0.,0.));
#8070 = VECTOR('',#8071,1.);
#8071 = DIRECTION('',(0.,-1.));
#8072 = ( GEOMETRIC_REPRESENTATION_CONTEXT(2) 
PARAMETRIC_REPRESENTATION_CONTEXT() REPRESENTATION_CONTEXT('2D SPACE',''
  ) );
#8073 = PCURVE('',#7341,#8074);
#8074 = DEFINITIONAL_REPRESENTATION('',(#8075),#8079);
#8075 = LINE('',#8076,#8077);
#8076 = CARTESIAN_POINT('',(0.,0.));
#8077 = VECTOR('',#8078,1.);
#8078 = DIRECTION('',(0.,1.));
#8079 = ( GEOMETRIC_REPRESENTATION_CONTEXT(2) 
PARAMETRIC_REPRESENTATION_CONTEXT() REPRESENTATION_CONTEXT('2D SPACE',''
  ) );
#8080 = ORIENTED_EDGE('',*,*,#8081,.T.);
#8081 = EDGE_CURVE('',#8059,#8082,#8084,.T.);
#8082 = VERTEX_POINT('',#8083);
#8083 = CARTESIAN_POINT('',(22.49,-6.,0.9));
#8084 = SURFACE_CURVE('',#8085,(#8089,#8095),.PCURVE_S1.);
#8085 = LINE('',#8086,#8087);
#8086 = CARTESIAN_POINT('',(22.49,-6.,-2.3));
#8087 = VECTOR('',#8088,1.);
#8088 = DIRECTION('',(0.,0.,1.));
#8089 = PCURVE('',#2466,#8090);
#8090 = DEFINITIONAL_REPRESENTATION('',(#8091),#8094);
#8091 = B_SPLINE_CURVE_WITH_KNOTS('',1,(#8092,#8093),.UNSPECIFIED.,.F.,
  .F.,(2,2),(3.,3.2),.PIECEWISE_BEZIER_KNOTS.);
#8092 = CARTESIAN_POINT('',(0.,-6.76));
#8093 = CARTESIAN_POINT('',(0.2,-6.76));
#8094 = ( GEOMETRIC_REPRESENTATION_CONTEXT(2) 
PARAMETRIC_REPRESENTATION_CONTEXT() REPRESENTATION_CONTEXT('2D SPACE',''
  ) );
#8095 = PCURVE('',#4202,#8096);
#8096 = DEFINITIONAL_REPRESENTATION('',(#8097),#8100);
#8097 = B_SPLINE_CURVE_WITH_KNOTS('',1,(#8098,#8099),.UNSPECIFIED.,.F.,
  .F.,(2,2),(3.,3.2),.PIECEWISE_BEZIER_KNOTS.);
#8098 = CARTESIAN_POINT('',(6.,0.99));
#8099 = CARTESIAN_POINT('',(6.2,0.99));
#8100 = ( GEOMETRIC_REPRESENTATION_CONTEXT(2) 
PARAMETRIC_REPRESENTATION_CONTEXT() REPRESENTATION_CONTEXT('2D SPACE',''
  ) );
#8101 = ORIENTED_EDGE('',*,*,#8102,.F.);
#8102 = EDGE_CURVE('',#8103,#8082,#8105,.T.);
#8103 = VERTEX_POINT('',#8104);
#8104 = CARTESIAN_POINT('',(22.49,6.,0.9));
#8105 = SURFACE_CURVE('',#8106,(#8110,#8116),.PCURVE_S1.);
#8106 = LINE('',#8107,#8108);
#8107 = CARTESIAN_POINT('',(22.49,-9.38,0.9));
#8108 = VECTOR('',#8109,1.);
#8109 = DIRECTION('',(0.,-1.,0.));
#8110 = PCURVE('',#2466,#8111);
#8111 = DEFINITIONAL_REPRESENTATION('',(#8112),#8115);
#8112 = B_SPLINE_CURVE_WITH_KNOTS('',1,(#8113,#8114),.UNSPECIFIED.,.F.,
  .F.,(2,2),(-15.38,-3.38),.PIECEWISE_BEZIER_KNOTS.);
#8113 = CARTESIAN_POINT('',(0.2,-18.76));
#8114 = CARTESIAN_POINT('',(0.2,-6.76));
#8115 = ( GEOMETRIC_REPRESENTATION_CONTEXT(2) 
PARAMETRIC_REPRESENTATION_CONTEXT() REPRESENTATION_CONTEXT('2D SPACE',''
  ) );
#8116 = PCURVE('',#8117,#8122);
#8117 = PLANE('',#8118);
#8118 = AXIS2_PLACEMENT_3D('',#8119,#8120,#8121);
#8119 = CARTESIAN_POINT('',(21.5,-6.,0.9));
#8120 = DIRECTION('',(0.,0.,1.));
#8121 = DIRECTION('',(1.,0.,0.));
#8122 = DEFINITIONAL_REPRESENTATION('',(#8123),#8126);
#8123 = B_SPLINE_CURVE_WITH_KNOTS('',1,(#8124,#8125),.UNSPECIFIED.,.F.,
  .F.,(2,2),(-15.38,-3.38),.PIECEWISE_BEZIER_KNOTS.);
#8124 = CARTESIAN_POINT('',(0.99,12.));
#8125 = CARTESIAN_POINT('',(0.99,0.));
#8126 = ( GEOMETRIC_REPRESENTATION_CONTEXT(2) 
PARAMETRIC_REPRESENTATION_CONTEXT() REPRESENTATION_CONTEXT('2D SPACE',''
  ) );
#8127 = ORIENTED_EDGE('',*,*,#8128,.F.);
#8128 = EDGE_CURVE('',#8129,#8103,#8131,.T.);
#8129 = VERTEX_POINT('',#8130);
#8130 = CARTESIAN_POINT('',(22.49,6.,0.7));
#8131 = SURFACE_CURVE('',#8132,(#8136,#8142),.PCURVE_S1.);
#8132 = LINE('',#8133,#8134);
#8133 = CARTESIAN_POINT('',(22.49,6.,-2.3));
#8134 = VECTOR('',#8135,1.);
#8135 = DIRECTION('',(0.,0.,1.));
#8136 = PCURVE('',#2466,#8137);
#8137 = DEFINITIONAL_REPRESENTATION('',(#8138),#8141);
#8138 = B_SPLINE_CURVE_WITH_KNOTS('',1,(#8139,#8140),.UNSPECIFIED.,.F.,
  .F.,(2,2),(3.,3.2),.PIECEWISE_BEZIER_KNOTS.);
#8139 = CARTESIAN_POINT('',(0.,-18.76));
#8140 = CARTESIAN_POINT('',(0.2,-18.76));
#8141 = ( GEOMETRIC_REPRESENTATION_CONTEXT(2) 
PARAMETRIC_REPRESENTATION_CONTEXT() REPRESENTATION_CONTEXT('2D SPACE',''
  ) );
#8142 = PCURVE('',#4157,#8143);
#8143 = DEFINITIONAL_REPRESENTATION('',(#8144),#8147);
#8144 = B_SPLINE_CURVE_WITH_KNOTS('',1,(#8145,#8146),.UNSPECIFIED.,.F.,
  .F.,(2,2),(3.,3.2),.PIECEWISE_BEZIER_KNOTS.);
#8145 = CARTESIAN_POINT('',(6.,0.99));
#8146 = CARTESIAN_POINT('',(6.2,0.99));
#8147 = ( GEOMETRIC_REPRESENTATION_CONTEXT(2) 
PARAMETRIC_REPRESENTATION_CONTEXT() REPRESENTATION_CONTEXT('2D SPACE',''
  ) );
#8148 = ORIENTED_EDGE('',*,*,#8149,.T.);
#8149 = EDGE_CURVE('',#8129,#7920,#8150,.T.);
#8150 = SURFACE_CURVE('',#8151,(#8155,#8162),.PCURVE_S1.);
#8151 = LINE('',#8152,#8153);
#8152 = CARTESIAN_POINT('',(22.49,-12.76,0.7));
#8153 = VECTOR('',#8154,1.);
#8154 = DIRECTION('',(0.,1.,0.));
#8155 = PCURVE('',#2466,#8156);
#8156 = DEFINITIONAL_REPRESENTATION('',(#8157),#8161);
#8157 = LINE('',#8158,#8159);
#8158 = CARTESIAN_POINT('',(0.,0.));
#8159 = VECTOR('',#8160,1.);
#8160 = DIRECTION('',(0.,-1.));
#8161 = ( GEOMETRIC_REPRESENTATION_CONTEXT(2) 
PARAMETRIC_REPRESENTATION_CONTEXT() REPRESENTATION_CONTEXT('2D SPACE',''
  ) );
#8162 = PCURVE('',#4322,#8163);
#8163 = DEFINITIONAL_REPRESENTATION('',(#8164),#8168);
#8164 = LINE('',#8165,#8166);
#8165 = CARTESIAN_POINT('',(0.,0.));
#8166 = VECTOR('',#8167,1.);
#8167 = DIRECTION('',(0.,1.));
#8168 = ( GEOMETRIC_REPRESENTATION_CONTEXT(2) 
PARAMETRIC_REPRESENTATION_CONTEXT() REPRESENTATION_CONTEXT('2D SPACE',''
  ) );
#8169 = ORIENTED_EDGE('',*,*,#7942,.T.);
#8170 = ORIENTED_EDGE('',*,*,#2451,.F.);
#8171 = ADVANCED_FACE('',(#8172,#8198),#2813,.F.);
#8172 = FACE_BOUND('',#8173,.T.);
#8173 = EDGE_LOOP('',(#8174,#8175,#8196,#8197));
#8174 = ORIENTED_EDGE('',*,*,#2934,.F.);
#8175 = ORIENTED_EDGE('',*,*,#8176,.T.);
#8176 = EDGE_CURVE('',#2935,#2584,#8177,.T.);
#8177 = SEAM_CURVE('',#8178,(#8182,#8189),.PCURVE_S1.);
#8178 = LINE('',#8179,#8180);
#8179 = CARTESIAN_POINT('',(75.5,25.,18.));
#8180 = VECTOR('',#8181,1.);
#8181 = DIRECTION('',(0.,-1.,0.));
#8182 = PCURVE('',#2813,#8183);
#8183 = DEFINITIONAL_REPRESENTATION('',(#8184),#8188);
#8184 = LINE('',#8185,#8186);
#8185 = CARTESIAN_POINT('',(-6.28318530718,0.));
#8186 = VECTOR('',#8187,1.);
#8187 = DIRECTION('',(-0.,-1.));
#8188 = ( GEOMETRIC_REPRESENTATION_CONTEXT(2) 
PARAMETRIC_REPRESENTATION_CONTEXT() REPRESENTATION_CONTEXT('2D SPACE',''
  ) );
#8189 = PCURVE('',#2813,#8190);
#8190 = DEFINITIONAL_REPRESENTATION('',(#8191),#8195);
#8191 = LINE('',#8192,#8193);
#8192 = CARTESIAN_POINT('',(-0.,0.));
#8193 = VECTOR('',#8194,1.);
#8194 = DIRECTION('',(-0.,-1.));
#8195 = ( GEOMETRIC_REPRESENTATION_CONTEXT(2) 
PARAMETRIC_REPRESENTATION_CONTEXT() REPRESENTATION_CONTEXT('2D SPACE',''
  ) );
#8196 = ORIENTED_EDGE('',*,*,#2583,.T.);
#8197 = ORIENTED_EDGE('',*,*,#8176,.F.);
#8198 = FACE_BOUND('',#8199,.T.);
#8199 = EDGE_LOOP('',(#8200,#8219,#8220,#8221));
#8200 = ORIENTED_EDGE('',*,*,#8201,.F.);
#8201 = EDGE_CURVE('',#7399,#7966,#8202,.T.);
#8202 = SURFACE_CURVE('',#8203,(#8207,#8213),.PCURVE_S1.);
#8203 = LINE('',#8204,#8205);
#8204 = CARTESIAN_POINT('',(68.51,25.,15.342952766698));
#8205 = VECTOR('',#8206,1.);
#8206 = DIRECTION('',(-0.,1.,-0.));
#8207 = PCURVE('',#2813,#8208);
#8208 = DEFINITIONAL_REPRESENTATION('',(#8209),#8212);
#8209 = B_SPLINE_CURVE_WITH_KNOTS('',1,(#8210,#8211),.UNSPECIFIED.,.F.,
  .F.,(2,2),(-40.312,-9.688),.PIECEWISE_BEZIER_KNOTS.);
#8210 = CARTESIAN_POINT('',(-3.868098490334,-40.312));
#8211 = CARTESIAN_POINT('',(-3.868098490334,-9.688));
#8212 = ( GEOMETRIC_REPRESENTATION_CONTEXT(2) 
PARAMETRIC_REPRESENTATION_CONTEXT() REPRESENTATION_CONTEXT('2D SPACE',''
  ) );
#8213 = PCURVE('',#3343,#8214);
#8214 = DEFINITIONAL_REPRESENTATION('',(#8215),#8218);
#8215 = B_SPLINE_CURVE_WITH_KNOTS('',1,(#8216,#8217),.UNSPECIFIED.,.F.,
  .F.,(2,2),(-40.312,-9.688),.PIECEWISE_BEZIER_KNOTS.);
#8216 = CARTESIAN_POINT('',(14.642952766698,2.552));
#8217 = CARTESIAN_POINT('',(14.642952766698,-28.072));
#8218 = ( GEOMETRIC_REPRESENTATION_CONTEXT(2) 
PARAMETRIC_REPRESENTATION_CONTEXT() REPRESENTATION_CONTEXT('2D SPACE',''
  ) );
#8219 = ORIENTED_EDGE('',*,*,#7398,.T.);
#8220 = ORIENTED_EDGE('',*,*,#7873,.T.);
#8221 = ORIENTED_EDGE('',*,*,#7965,.F.);
#8222 = ADVANCED_FACE('',(#8223),#3343,.F.);
#8223 = FACE_BOUND('',#8224,.F.);
#8224 = EDGE_LOOP('',(#8225,#8226,#8227,#8228));
#8225 = ORIENTED_EDGE('',*,*,#7422,.F.);
#8226 = ORIENTED_EDGE('',*,*,#3328,.T.);
#8227 = ORIENTED_EDGE('',*,*,#7989,.T.);
#8228 = ORIENTED_EDGE('',*,*,#8201,.F.);
#8229 = ADVANCED_FACE('',(#8230),#3461,.T.);
#8230 = FACE_BOUND('',#8231,.T.);
#8231 = EDGE_LOOP('',(#8232,#8233,#8234,#8235));
#8232 = ORIENTED_EDGE('',*,*,#8012,.F.);
#8233 = ORIENTED_EDGE('',*,*,#4025,.F.);
#8234 = ORIENTED_EDGE('',*,*,#7445,.T.);
#8235 = ORIENTED_EDGE('',*,*,#3444,.T.);
#8236 = ADVANCED_FACE('',(#8237),#3926,.T.);
#8237 = FACE_BOUND('',#8238,.T.);
#8238 = EDGE_LOOP('',(#8239,#8260,#8261,#8262));
#8239 = ORIENTED_EDGE('',*,*,#8240,.T.);
#8240 = EDGE_CURVE('',#6642,#7468,#8241,.T.);
#8241 = SURFACE_CURVE('',#8242,(#8246,#8253),.PCURVE_S1.);
#8242 = LINE('',#8243,#8244);
#8243 = CARTESIAN_POINT('',(30.,-25.,5.));
#8244 = VECTOR('',#8245,1.);
#8245 = DIRECTION('',(0.,1.,0.));
#8246 = PCURVE('',#3926,#8247);
#8247 = DEFINITIONAL_REPRESENTATION('',(#8248),#8252);
#8248 = LINE('',#8249,#8250);
#8249 = CARTESIAN_POINT('',(6.,0.));
#8250 = VECTOR('',#8251,1.);
#8251 = DIRECTION('',(0.,1.));
#8252 = ( GEOMETRIC_REPRESENTATION_CONTEXT(2) 
PARAMETRIC_REPRESENTATION_CONTEXT() REPRESENTATION_CONTEXT('2D SPACE',''
  ) );
#8253 = PCURVE('',#6679,#8254);
#8254 = DEFINITIONAL_REPRESENTATION('',(#8255),#8259);
#8255 = LINE('',#8256,#8257);
#8256 = CARTESIAN_POINT('',(1.570796326795,0.));
#8257 = VECTOR('',#8258,1.);
#8258 = DIRECTION('',(0.,1.));
#8259 = ( GEOMETRIC_REPRESENTATION_CONTEXT(2) 
PARAMETRIC_REPRESENTATION_CONTEXT() REPRESENTATION_CONTEXT('2D SPACE',''
  ) );
#8260 = ORIENTED_EDGE('',*,*,#7467,.F.);
#8261 = ORIENTED_EDGE('',*,*,#3908,.F.);
#8262 = ORIENTED_EDGE('',*,*,#6641,.T.);
#8263 = ADVANCED_FACE('',(#8264),#4086,.T.);
#8264 = FACE_BOUND('',#8265,.T.);
#8265 = EDGE_LOOP('',(#8266,#8287,#8288,#8289,#8310,#8329));
#8266 = ORIENTED_EDGE('',*,*,#8267,.F.);
#8267 = EDGE_CURVE('',#6593,#7648,#8268,.T.);
#8268 = SURFACE_CURVE('',#8269,(#8273,#8280),.PCURVE_S1.);
#8269 = LINE('',#8270,#8271);
#8270 = CARTESIAN_POINT('',(25.,-25.,5.));
#8271 = VECTOR('',#8272,1.);
#8272 = DIRECTION('',(0.,1.,0.));
#8273 = PCURVE('',#4086,#8274);
#8274 = DEFINITIONAL_REPRESENTATION('',(#8275),#8279);
#8275 = LINE('',#8276,#8277);
#8276 = CARTESIAN_POINT('',(4.35,0.));
#8277 = VECTOR('',#8278,1.);
#8278 = DIRECTION('',(0.,-1.));
#8279 = ( GEOMETRIC_REPRESENTATION_CONTEXT(2) 
PARAMETRIC_REPRESENTATION_CONTEXT() REPRESENTATION_CONTEXT('2D SPACE',''
  ) );
#8280 = PCURVE('',#6609,#8281);
#8281 = DEFINITIONAL_REPRESENTATION('',(#8282),#8286);
#8282 = LINE('',#8283,#8284);
#8283 = CARTESIAN_POINT('',(0.,0.));
#8284 = VECTOR('',#8285,1.);
#8285 = DIRECTION('',(0.,1.));
#8286 = ( GEOMETRIC_REPRESENTATION_CONTEXT(2) 
PARAMETRIC_REPRESENTATION_CONTEXT() REPRESENTATION_CONTEXT('2D SPACE',''
  ) );
#8287 = ORIENTED_EDGE('',*,*,#6620,.T.);
#8288 = ORIENTED_EDGE('',*,*,#4068,.T.);
#8289 = ORIENTED_EDGE('',*,*,#8290,.F.);
#8290 = EDGE_CURVE('',#8291,#4071,#8293,.T.);
#8291 = VERTEX_POINT('',#8292);
#8292 = CARTESIAN_POINT('',(25.,-6.,0.7));
#8293 = SURFACE_CURVE('',#8294,(#8298,#8304),.PCURVE_S1.);
#8294 = LINE('',#8295,#8296);
#8295 = CARTESIAN_POINT('',(25.,-6.,-2.325));
#8296 = VECTOR('',#8297,1.);
#8297 = DIRECTION('',(0.,0.,-1.));
#8298 = PCURVE('',#4086,#8299);
#8299 = DEFINITIONAL_REPRESENTATION('',(#8300),#8303);
#8300 = B_SPLINE_CURVE_WITH_KNOTS('',1,(#8301,#8302),.UNSPECIFIED.,.F.,
  .F.,(2,2),(-3.225,-2.975),.PIECEWISE_BEZIER_KNOTS.);
#8301 = CARTESIAN_POINT('',(0.25,-19.));
#8302 = CARTESIAN_POINT('',(0.,-19.));
#8303 = ( GEOMETRIC_REPRESENTATION_CONTEXT(2) 
PARAMETRIC_REPRESENTATION_CONTEXT() REPRESENTATION_CONTEXT('2D SPACE',''
  ) );
#8304 = PCURVE('',#4202,#8305);
#8305 = DEFINITIONAL_REPRESENTATION('',(#8306),#8309);
#8306 = B_SPLINE_CURVE_WITH_KNOTS('',1,(#8307,#8308),.UNSPECIFIED.,.F.,
  .F.,(2,2),(-3.225,-2.975),.PIECEWISE_BEZIER_KNOTS.);
#8307 = CARTESIAN_POINT('',(6.2,3.5));
#8308 = CARTESIAN_POINT('',(5.95,3.5));
#8309 = ( GEOMETRIC_REPRESENTATION_CONTEXT(2) 
PARAMETRIC_REPRESENTATION_CONTEXT() REPRESENTATION_CONTEXT('2D SPACE',''
  ) );
#8310 = ORIENTED_EDGE('',*,*,#8311,.F.);
#8311 = EDGE_CURVE('',#7326,#8291,#8312,.T.);
#8312 = SURFACE_CURVE('',#8313,(#8317,#8323),.PCURVE_S1.);
#8313 = LINE('',#8314,#8315);
#8314 = CARTESIAN_POINT('',(25.,-18.88,0.7));
#8315 = VECTOR('',#8316,1.);
#8316 = DIRECTION('',(0.,1.,0.));
#8317 = PCURVE('',#4086,#8318);
#8318 = DEFINITIONAL_REPRESENTATION('',(#8319),#8322);
#8319 = B_SPLINE_CURVE_WITH_KNOTS('',1,(#8320,#8321),.UNSPECIFIED.,.F.,
  .F.,(2,2),(6.12,31.64),.PIECEWISE_BEZIER_KNOTS.);
#8320 = CARTESIAN_POINT('',(5.E-02,-12.24));
#8321 = CARTESIAN_POINT('',(5.E-02,-37.76));
#8322 = ( GEOMETRIC_REPRESENTATION_CONTEXT(2) 
PARAMETRIC_REPRESENTATION_CONTEXT() REPRESENTATION_CONTEXT('2D SPACE',''
  ) );
#8323 = PCURVE('',#7341,#8324);
#8324 = DEFINITIONAL_REPRESENTATION('',(#8325),#8328);
#8325 = B_SPLINE_CURVE_WITH_KNOTS('',1,(#8326,#8327),.UNSPECIFIED.,.F.,
  .F.,(2,2),(6.12,31.64),.PIECEWISE_BEZIER_KNOTS.);
#8326 = CARTESIAN_POINT('',(2.51,0.));
#8327 = CARTESIAN_POINT('',(2.51,25.52));
#8328 = ( GEOMETRIC_REPRESENTATION_CONTEXT(2) 
PARAMETRIC_REPRESENTATION_CONTEXT() REPRESENTATION_CONTEXT('2D SPACE',''
  ) );
#8329 = ORIENTED_EDGE('',*,*,#7668,.F.);
#8330 = ADVANCED_FACE('',(#8331),#4202,.T.);
#8331 = FACE_BOUND('',#8332,.T.);
#8332 = EDGE_LOOP('',(#8333,#8334,#8335,#8336,#8337,#8360,#8381,#8382,
    #8401,#8402));
#8333 = ORIENTED_EDGE('',*,*,#5414,.F.);
#8334 = ORIENTED_EDGE('',*,*,#5296,.T.);
#8335 = ORIENTED_EDGE('',*,*,#5175,.F.);
#8336 = ORIENTED_EDGE('',*,*,#6961,.T.);
#8337 = ORIENTED_EDGE('',*,*,#8338,.T.);
#8338 = EDGE_CURVE('',#6962,#8339,#8341,.T.);
#8339 = VERTEX_POINT('',#8340);
#8340 = CARTESIAN_POINT('',(21.5,-6.,0.9));
#8341 = SURFACE_CURVE('',#8342,(#8346,#8353),.PCURVE_S1.);
#8342 = LINE('',#8343,#8344);
#8343 = CARTESIAN_POINT('',(21.5,-6.,-5.3));
#8344 = VECTOR('',#8345,1.);
#8345 = DIRECTION('',(0.,0.,1.));
#8346 = PCURVE('',#4202,#8347);
#8347 = DEFINITIONAL_REPRESENTATION('',(#8348),#8352);
#8348 = LINE('',#8349,#8350);
#8349 = CARTESIAN_POINT('',(0.,0.));
#8350 = VECTOR('',#8351,1.);
#8351 = DIRECTION('',(1.,0.));
#8352 = ( GEOMETRIC_REPRESENTATION_CONTEXT(2) 
PARAMETRIC_REPRESENTATION_CONTEXT() REPRESENTATION_CONTEXT('2D SPACE',''
  ) );
#8353 = PCURVE('',#6997,#8354);
#8354 = DEFINITIONAL_REPRESENTATION('',(#8355),#8359);
#8355 = LINE('',#8356,#8357);
#8356 = CARTESIAN_POINT('',(0.,0.));
#8357 = VECTOR('',#8358,1.);
#8358 = DIRECTION('',(1.,0.));
#8359 = ( GEOMETRIC_REPRESENTATION_CONTEXT(2) 
PARAMETRIC_REPRESENTATION_CONTEXT() REPRESENTATION_CONTEXT('2D SPACE',''
  ) );
#8360 = ORIENTED_EDGE('',*,*,#8361,.T.);
#8361 = EDGE_CURVE('',#8339,#8082,#8362,.T.);
#8362 = SURFACE_CURVE('',#8363,(#8367,#8374),.PCURVE_S1.);
#8363 = LINE('',#8364,#8365);
#8364 = CARTESIAN_POINT('',(21.5,-6.,0.9));
#8365 = VECTOR('',#8366,1.);
#8366 = DIRECTION('',(1.,0.,0.));
#8367 = PCURVE('',#4202,#8368);
#8368 = DEFINITIONAL_REPRESENTATION('',(#8369),#8373);
#8369 = LINE('',#8370,#8371);
#8370 = CARTESIAN_POINT('',(6.2,0.));
#8371 = VECTOR('',#8372,1.);
#8372 = DIRECTION('',(0.,1.));
#8373 = ( GEOMETRIC_REPRESENTATION_CONTEXT(2) 
PARAMETRIC_REPRESENTATION_CONTEXT() REPRESENTATION_CONTEXT('2D SPACE',''
  ) );
#8374 = PCURVE('',#8117,#8375);
#8375 = DEFINITIONAL_REPRESENTATION('',(#8376),#8380);
#8376 = LINE('',#8377,#8378);
#8377 = CARTESIAN_POINT('',(0.,0.));
#8378 = VECTOR('',#8379,1.);
#8379 = DIRECTION('',(1.,0.));
#8380 = ( GEOMETRIC_REPRESENTATION_CONTEXT(2) 
PARAMETRIC_REPRESENTATION_CONTEXT() REPRESENTATION_CONTEXT('2D SPACE',''
  ) );
#8381 = ORIENTED_EDGE('',*,*,#8081,.F.);
#8382 = ORIENTED_EDGE('',*,*,#8383,.F.);
#8383 = EDGE_CURVE('',#8291,#8059,#8384,.T.);
#8384 = SURFACE_CURVE('',#8385,(#8389,#8395),.PCURVE_S1.);
#8385 = LINE('',#8386,#8387);
#8386 = CARTESIAN_POINT('',(21.995,-6.,0.7));
#8387 = VECTOR('',#8388,1.);
#8388 = DIRECTION('',(-1.,0.,0.));
#8389 = PCURVE('',#4202,#8390);
#8390 = DEFINITIONAL_REPRESENTATION('',(#8391),#8394);
#8391 = B_SPLINE_CURVE_WITH_KNOTS('',1,(#8392,#8393),.UNSPECIFIED.,.F.,
  .F.,(2,2),(-6.505,-0.495),.PIECEWISE_BEZIER_KNOTS.);
#8392 = CARTESIAN_POINT('',(6.,7.));
#8393 = CARTESIAN_POINT('',(6.,0.99));
#8394 = ( GEOMETRIC_REPRESENTATION_CONTEXT(2) 
PARAMETRIC_REPRESENTATION_CONTEXT() REPRESENTATION_CONTEXT('2D SPACE',''
  ) );
#8395 = PCURVE('',#7341,#8396);
#8396 = DEFINITIONAL_REPRESENTATION('',(#8397),#8400);
#8397 = B_SPLINE_CURVE_WITH_KNOTS('',1,(#8398,#8399),.UNSPECIFIED.,.F.,
  .F.,(2,2),(-6.505,-0.495),.PIECEWISE_BEZIER_KNOTS.);
#8398 = CARTESIAN_POINT('',(6.01,6.76));
#8399 = CARTESIAN_POINT('',(0.,6.76));
#8400 = ( GEOMETRIC_REPRESENTATION_CONTEXT(2) 
PARAMETRIC_REPRESENTATION_CONTEXT() REPRESENTATION_CONTEXT('2D SPACE',''
  ) );
#8401 = ORIENTED_EDGE('',*,*,#8290,.T.);
#8402 = ORIENTED_EDGE('',*,*,#4189,.T.);
#8403 = ADVANCED_FACE('',(#8404),#4157,.F.);
#8404 = FACE_BOUND('',#8405,.F.);
#8405 = EDGE_LOOP('',(#8406,#8407,#8408,#8409,#8410,#8433,#8454,#8455,
    #8474,#8475));
#8406 = ORIENTED_EDGE('',*,*,#5592,.F.);
#8407 = ORIENTED_EDGE('',*,*,#5887,.T.);
#8408 = ORIENTED_EDGE('',*,*,#5910,.F.);
#8409 = ORIENTED_EDGE('',*,*,#7008,.T.);
#8410 = ORIENTED_EDGE('',*,*,#8411,.T.);
#8411 = EDGE_CURVE('',#6983,#8412,#8414,.T.);
#8412 = VERTEX_POINT('',#8413);
#8413 = CARTESIAN_POINT('',(21.5,6.,0.9));
#8414 = SURFACE_CURVE('',#8415,(#8419,#8426),.PCURVE_S1.);
#8415 = LINE('',#8416,#8417);
#8416 = CARTESIAN_POINT('',(21.5,6.,-5.3));
#8417 = VECTOR('',#8418,1.);
#8418 = DIRECTION('',(0.,0.,1.));
#8419 = PCURVE('',#4157,#8420);
#8420 = DEFINITIONAL_REPRESENTATION('',(#8421),#8425);
#8421 = LINE('',#8422,#8423);
#8422 = CARTESIAN_POINT('',(0.,0.));
#8423 = VECTOR('',#8424,1.);
#8424 = DIRECTION('',(1.,0.));
#8425 = ( GEOMETRIC_REPRESENTATION_CONTEXT(2) 
PARAMETRIC_REPRESENTATION_CONTEXT() REPRESENTATION_CONTEXT('2D SPACE',''
  ) );
#8426 = PCURVE('',#6997,#8427);
#8427 = DEFINITIONAL_REPRESENTATION('',(#8428),#8432);
#8428 = LINE('',#8429,#8430);
#8429 = CARTESIAN_POINT('',(0.,-12.));
#8430 = VECTOR('',#8431,1.);
#8431 = DIRECTION('',(1.,0.));
#8432 = ( GEOMETRIC_REPRESENTATION_CONTEXT(2) 
PARAMETRIC_REPRESENTATION_CONTEXT() REPRESENTATION_CONTEXT('2D SPACE',''
  ) );
#8433 = ORIENTED_EDGE('',*,*,#8434,.T.);
#8434 = EDGE_CURVE('',#8412,#8103,#8435,.T.);
#8435 = SURFACE_CURVE('',#8436,(#8440,#8447),.PCURVE_S1.);
#8436 = LINE('',#8437,#8438);
#8437 = CARTESIAN_POINT('',(21.5,6.,0.9));
#8438 = VECTOR('',#8439,1.);
#8439 = DIRECTION('',(1.,0.,0.));
#8440 = PCURVE('',#4157,#8441);
#8441 = DEFINITIONAL_REPRESENTATION('',(#8442),#8446);
#8442 = LINE('',#8443,#8444);
#8443 = CARTESIAN_POINT('',(6.2,0.));
#8444 = VECTOR('',#8445,1.);
#8445 = DIRECTION('',(0.,1.));
#8446 = ( GEOMETRIC_REPRESENTATION_CONTEXT(2) 
PARAMETRIC_REPRESENTATION_CONTEXT() REPRESENTATION_CONTEXT('2D SPACE',''
  ) );
#8447 = PCURVE('',#8117,#8448);
#8448 = DEFINITIONAL_REPRESENTATION('',(#8449),#8453);
#8449 = LINE('',#8450,#8451);
#8450 = CARTESIAN_POINT('',(0.,12.));
#8451 = VECTOR('',#8452,1.);
#8452 = DIRECTION('',(1.,0.));
#8453 = ( GEOMETRIC_REPRESENTATION_CONTEXT(2) 
PARAMETRIC_REPRESENTATION_CONTEXT() REPRESENTATION_CONTEXT('2D SPACE',''
  ) );
#8454 = ORIENTED_EDGE('',*,*,#8128,.F.);
#8455 = ORIENTED_EDGE('',*,*,#8456,.F.);
#8456 = EDGE_CURVE('',#4308,#8129,#8457,.T.);
#8457 = SURFACE_CURVE('',#8458,(#8462,#8468),.PCURVE_S1.);
#8458 = LINE('',#8459,#8460);
#8459 = CARTESIAN_POINT('',(21.995,6.,0.7));
#8460 = VECTOR('',#8461,1.);
#8461 = DIRECTION('',(-1.,0.,0.));
#8462 = PCURVE('',#4157,#8463);
#8463 = DEFINITIONAL_REPRESENTATION('',(#8464),#8467);
#8464 = B_SPLINE_CURVE_WITH_KNOTS('',1,(#8465,#8466),.UNSPECIFIED.,.F.,
  .F.,(2,2),(-6.505,-0.495),.PIECEWISE_BEZIER_KNOTS.);
#8465 = CARTESIAN_POINT('',(6.,7.));
#8466 = CARTESIAN_POINT('',(6.,0.99));
#8467 = ( GEOMETRIC_REPRESENTATION_CONTEXT(2) 
PARAMETRIC_REPRESENTATION_CONTEXT() REPRESENTATION_CONTEXT('2D SPACE',''
  ) );
#8468 = PCURVE('',#4322,#8469);
#8469 = DEFINITIONAL_REPRESENTATION('',(#8470),#8473);
#8470 = B_SPLINE_CURVE_WITH_KNOTS('',1,(#8471,#8472),.UNSPECIFIED.,.F.,
  .F.,(2,2),(-6.505,-0.495),.PIECEWISE_BEZIER_KNOTS.);
#8471 = CARTESIAN_POINT('',(6.01,18.76));
#8472 = CARTESIAN_POINT('',(0.,18.76));
#8473 = ( GEOMETRIC_REPRESENTATION_CONTEXT(2) 
PARAMETRIC_REPRESENTATION_CONTEXT() REPRESENTATION_CONTEXT('2D SPACE',''
  ) );
#8474 = ORIENTED_EDGE('',*,*,#4333,.T.);
#8475 = ORIENTED_EDGE('',*,*,#4142,.T.);
#8476 = ADVANCED_FACE('',(#8477),#4322,.T.);
#8477 = FACE_BOUND('',#8478,.T.);
#8478 = EDGE_LOOP('',(#8479,#8480,#8481,#8482));
#8479 = ORIENTED_EDGE('',*,*,#7919,.F.);
#8480 = ORIENTED_EDGE('',*,*,#8149,.F.);
#8481 = ORIENTED_EDGE('',*,*,#8456,.F.);
#8482 = ORIENTED_EDGE('',*,*,#4307,.T.);
#8483 = ADVANCED_FACE('',(#8484,#8513,#8548),#4812,.F.);
#8484 = FACE_BOUND('',#8485,.F.);
#8485 = EDGE_LOOP('',(#8486,#8487,#8508,#8509,#8510,#8511,#8512));
#8486 = ORIENTED_EDGE('',*,*,#4796,.F.);
#8487 = ORIENTED_EDGE('',*,*,#8488,.T.);
#8488 = EDGE_CURVE('',#4769,#4878,#8489,.T.);
#8489 = SURFACE_CURVE('',#8490,(#8494,#8501),.PCURVE_S1.);
#8490 = LINE('',#8491,#8492);
#8491 = CARTESIAN_POINT('',(22.,-10.4,-4.3));
#8492 = VECTOR('',#8493,1.);
#8493 = DIRECTION('',(1.,0.,0.));
#8494 = PCURVE('',#4812,#8495);
#8495 = DEFINITIONAL_REPRESENTATION('',(#8496),#8500);
#8496 = LINE('',#8497,#8498);
#8497 = CARTESIAN_POINT('',(0.,0.));
#8498 = VECTOR('',#8499,1.);
#8499 = DIRECTION('',(0.,-1.));
#8500 = ( GEOMETRIC_REPRESENTATION_CONTEXT(2) 
PARAMETRIC_REPRESENTATION_CONTEXT() REPRESENTATION_CONTEXT('2D SPACE',''
  ) );
#8501 = PCURVE('',#4784,#8502);
#8502 = DEFINITIONAL_REPRESENTATION('',(#8503),#8507);
#8503 = LINE('',#8504,#8505);
#8504 = CARTESIAN_POINT('',(2.282542442103,0.));
#8505 = VECTOR('',#8506,1.);
#8506 = DIRECTION('',(0.,-1.));
#8507 = ( GEOMETRIC_REPRESENTATION_CONTEXT(2) 
PARAMETRIC_REPRESENTATION_CONTEXT() REPRESENTATION_CONTEXT('2D SPACE',''
  ) );
#8508 = ORIENTED_EDGE('',*,*,#4877,.T.);
#8509 = ORIENTED_EDGE('',*,*,#4960,.T.);
#8510 = ORIENTED_EDGE('',*,*,#5006,.T.);
#8511 = ORIENTED_EDGE('',*,*,#5034,.T.);
#8512 = ORIENTED_EDGE('',*,*,#5081,.F.);
#8513 = FACE_BOUND('',#8514,.F.);
#8514 = EDGE_LOOP('',(#8515));
#8515 = ORIENTED_EDGE('',*,*,#8516,.T.);
#8516 = EDGE_CURVE('',#8517,#8517,#8519,.T.);
#8517 = VERTEX_POINT('',#8518);
#8518 = CARTESIAN_POINT('',(35.25,-14.5,-4.3));
#8519 = SURFACE_CURVE('',#8520,(#8525,#8536),.PCURVE_S1.);
#8520 = CIRCLE('',#8521,1.25);
#8521 = AXIS2_PLACEMENT_3D('',#8522,#8523,#8524);
#8522 = CARTESIAN_POINT('',(34.,-14.5,-4.3));
#8523 = DIRECTION('',(0.,0.,-1.));
#8524 = DIRECTION('',(1.,0.,0.));
#8525 = PCURVE('',#4812,#8526);
#8526 = DEFINITIONAL_REPRESENTATION('',(#8527),#8535);
#8527 = ( BOUNDED_CURVE() B_SPLINE_CURVE(2,(#8528,#8529,#8530,#8531,
#8532,#8533,#8534),.UNSPECIFIED.,.T.,.F.) B_SPLINE_CURVE_WITH_KNOTS((1,2
    ,2,2,2,1),(-2.094395102393,0.,2.094395102393,4.188790204786,
6.28318530718,8.377580409573),.UNSPECIFIED.) CURVE() 
GEOMETRIC_REPRESENTATION_ITEM() RATIONAL_B_SPLINE_CURVE((1.,0.5,1.,0.5,
1.,0.5,1.)) REPRESENTATION_ITEM('') );
#8528 = CARTESIAN_POINT('',(-4.1,-13.25));
#8529 = CARTESIAN_POINT('',(-6.265063509461,-13.25));
#8530 = CARTESIAN_POINT('',(-5.182531754731,-11.375));
#8531 = CARTESIAN_POINT('',(-4.1,-9.5));
#8532 = CARTESIAN_POINT('',(-3.017468245269,-11.375));
#8533 = CARTESIAN_POINT('',(-1.934936490539,-13.25));
#8534 = CARTESIAN_POINT('',(-4.1,-13.25));
#8535 = ( GEOMETRIC_REPRESENTATION_CONTEXT(2) 
PARAMETRIC_REPRESENTATION_CONTEXT() REPRESENTATION_CONTEXT('2D SPACE',''
  ) );
#8536 = PCURVE('',#8537,#8542);
#8537 = CYLINDRICAL_SURFACE('',#8538,1.25);
#8538 = AXIS2_PLACEMENT_3D('',#8539,#8540,#8541);
#8539 = CARTESIAN_POINT('',(34.,-14.5,-4.4));
#8540 = DIRECTION('',(-0.,-0.,-1.));
#8541 = DIRECTION('',(1.,0.,0.));
#8542 = DEFINITIONAL_REPRESENTATION('',(#8543),#8547);
#8543 = LINE('',#8544,#8545);
#8544 = CARTESIAN_POINT('',(-6.28318530718,-1.E-01));
#8545 = VECTOR('',#8546,1.);
#8546 = DIRECTION('',(1.,-0.));
#8547 = ( GEOMETRIC_REPRESENTATION_CONTEXT(2) 
PARAMETRIC_REPRESENTATION_CONTEXT() REPRESENTATION_CONTEXT('2D SPACE',''
  ) );
#8548 = FACE_BOUND('',#8549,.F.);
#8549 = EDGE_LOOP('',(#8550));
#8550 = ORIENTED_EDGE('',*,*,#8551,.T.);
#8551 = EDGE_CURVE('',#8552,#8552,#8554,.T.);
#8552 = VERTEX_POINT('',#8553);
#8553 = CARTESIAN_POINT('',(25.25,-14.5,-4.3));
#8554 = SURFACE_CURVE('',#8555,(#8560,#8571),.PCURVE_S1.);
#8555 = CIRCLE('',#8556,1.25);
#8556 = AXIS2_PLACEMENT_3D('',#8557,#8558,#8559);
#8557 = CARTESIAN_POINT('',(24.,-14.5,-4.3));
#8558 = DIRECTION('',(0.,0.,-1.));
#8559 = DIRECTION('',(1.,0.,0.));
#8560 = PCURVE('',#4812,#8561);
#8561 = DEFINITIONAL_REPRESENTATION('',(#8562),#8570);
#8562 = ( BOUNDED_CURVE() B_SPLINE_CURVE(2,(#8563,#8564,#8565,#8566,
#8567,#8568,#8569),.UNSPECIFIED.,.T.,.F.) B_SPLINE_CURVE_WITH_KNOTS((1,2
    ,2,2,2,1),(-2.094395102393,0.,2.094395102393,4.188790204786,
6.28318530718,8.377580409573),.UNSPECIFIED.) CURVE() 
GEOMETRIC_REPRESENTATION_ITEM() RATIONAL_B_SPLINE_CURVE((1.,0.5,1.,0.5,
1.,0.5,1.)) REPRESENTATION_ITEM('') );
#8563 = CARTESIAN_POINT('',(-4.1,-3.25));
#8564 = CARTESIAN_POINT('',(-6.265063509461,-3.25));
#8565 = CARTESIAN_POINT('',(-5.182531754731,-1.375));
#8566 = CARTESIAN_POINT('',(-4.1,0.5));
#8567 = CARTESIAN_POINT('',(-3.017468245269,-1.375));
#8568 = CARTESIAN_POINT('',(-1.934936490539,-3.25));
#8569 = CARTESIAN_POINT('',(-4.1,-3.25));
#8570 = ( GEOMETRIC_REPRESENTATION_CONTEXT(2) 
PARAMETRIC_REPRESENTATION_CONTEXT() REPRESENTATION_CONTEXT('2D SPACE',''
  ) );
#8571 = PCURVE('',#8572,#8577);
#8572 = CYLINDRICAL_SURFACE('',#8573,1.25);
#8573 = AXIS2_PLACEMENT_3D('',#8574,#8575,#8576);
#8574 = CARTESIAN_POINT('',(24.,-14.5,-4.4));
#8575 = DIRECTION('',(-0.,-0.,-1.));
#8576 = DIRECTION('',(1.,0.,0.));
#8577 = DEFINITIONAL_REPRESENTATION('',(#8578),#8582);
#8578 = LINE('',#8579,#8580);
#8579 = CARTESIAN_POINT('',(-6.28318530718,-1.E-01));
#8580 = VECTOR('',#8581,1.);
#8581 = DIRECTION('',(1.,-0.));
#8582 = ( GEOMETRIC_REPRESENTATION_CONTEXT(2) 
PARAMETRIC_REPRESENTATION_CONTEXT() REPRESENTATION_CONTEXT('2D SPACE',''
  ) );
#8583 = ADVANCED_FACE('',(#8584),#4784,.F.);
#8584 = FACE_BOUND('',#8585,.F.);
#8585 = EDGE_LOOP('',(#8586,#8587,#8588));
#8586 = ORIENTED_EDGE('',*,*,#4768,.F.);
#8587 = ORIENTED_EDGE('',*,*,#4901,.F.);
#8588 = ORIENTED_EDGE('',*,*,#8488,.F.);
#8589 = ADVANCED_FACE('',(#8590),#5263,.F.);
#8590 = FACE_BOUND('',#8591,.F.);
#8591 = EDGE_LOOP('',(#8592,#8593,#8594,#8595));
#8592 = ORIENTED_EDGE('',*,*,#5436,.F.);
#8593 = ORIENTED_EDGE('',*,*,#5247,.T.);
#8594 = ORIENTED_EDGE('',*,*,#5319,.T.);
#8595 = ORIENTED_EDGE('',*,*,#5388,.F.);
#8596 = ADVANCED_FACE('',(#8597),#5560,.F.);
#8597 = FACE_BOUND('',#8598,.F.);
#8598 = EDGE_LOOP('',(#8599,#8600,#8601,#8602));
#8599 = ORIENTED_EDGE('',*,*,#5545,.F.);
#8600 = ORIENTED_EDGE('',*,*,#5767,.T.);
#8601 = ORIENTED_EDGE('',*,*,#5792,.T.);
#8602 = ORIENTED_EDGE('',*,*,#5841,.F.);
#8603 = ADVANCED_FACE('',(#8604),#5493,.F.);
#8604 = FACE_BOUND('',#8605,.F.);
#8605 = EDGE_LOOP('',(#8606,#8607,#8608,#8609));
#8606 = ORIENTED_EDGE('',*,*,#5478,.F.);
#8607 = ORIENTED_EDGE('',*,*,#5642,.T.);
#8608 = ORIENTED_EDGE('',*,*,#5667,.T.);
#8609 = ORIENTED_EDGE('',*,*,#5716,.F.);
#8610 = ADVANCED_FACE('',(#8611,#8640,#8675),#6018,.F.);
#8611 = FACE_BOUND('',#8612,.F.);
#8612 = EDGE_LOOP('',(#8613,#8614,#8615,#8616,#8617,#8618,#8619));
#8613 = ORIENTED_EDGE('',*,*,#6293,.F.);
#8614 = ORIENTED_EDGE('',*,*,#6002,.T.);
#8615 = ORIENTED_EDGE('',*,*,#6057,.T.);
#8616 = ORIENTED_EDGE('',*,*,#6131,.T.);
#8617 = ORIENTED_EDGE('',*,*,#6185,.F.);
#8618 = ORIENTED_EDGE('',*,*,#6265,.T.);
#8619 = ORIENTED_EDGE('',*,*,#8620,.F.);
#8620 = EDGE_CURVE('',#6294,#6234,#8621,.T.);
#8621 = SURFACE_CURVE('',#8622,(#8626,#8633),.PCURVE_S1.);
#8622 = LINE('',#8623,#8624);
#8623 = CARTESIAN_POINT('',(22.,10.4,-4.3));
#8624 = VECTOR('',#8625,1.);
#8625 = DIRECTION('',(1.,0.,0.));
#8626 = PCURVE('',#6018,#8627);
#8627 = DEFINITIONAL_REPRESENTATION('',(#8628),#8632);
#8628 = LINE('',#8629,#8630);
#8629 = CARTESIAN_POINT('',(0.8,0.));
#8630 = VECTOR('',#8631,1.);
#8631 = DIRECTION('',(0.,-1.));
#8632 = ( GEOMETRIC_REPRESENTATION_CONTEXT(2) 
PARAMETRIC_REPRESENTATION_CONTEXT() REPRESENTATION_CONTEXT('2D SPACE',''
  ) );
#8633 = PCURVE('',#6253,#8634);
#8634 = DEFINITIONAL_REPRESENTATION('',(#8635),#8639);
#8635 = LINE('',#8636,#8637);
#8636 = CARTESIAN_POINT('',(0.,0.));
#8637 = VECTOR('',#8638,1.);
#8638 = DIRECTION('',(0.,-1.));
#8639 = ( GEOMETRIC_REPRESENTATION_CONTEXT(2) 
PARAMETRIC_REPRESENTATION_CONTEXT() REPRESENTATION_CONTEXT('2D SPACE',''
  ) );
#8640 = FACE_BOUND('',#8641,.F.);
#8641 = EDGE_LOOP('',(#8642));
#8642 = ORIENTED_EDGE('',*,*,#8643,.T.);
#8643 = EDGE_CURVE('',#8644,#8644,#8646,.T.);
#8644 = VERTEX_POINT('',#8645);
#8645 = CARTESIAN_POINT('',(35.25,14.5,-4.3));
#8646 = SURFACE_CURVE('',#8647,(#8652,#8663),.PCURVE_S1.);
#8647 = CIRCLE('',#8648,1.25);
#8648 = AXIS2_PLACEMENT_3D('',#8649,#8650,#8651);
#8649 = CARTESIAN_POINT('',(34.,14.5,-4.3));
#8650 = DIRECTION('',(0.,0.,-1.));
#8651 = DIRECTION('',(1.,0.,0.));
#8652 = PCURVE('',#6018,#8653);
#8653 = DEFINITIONAL_REPRESENTATION('',(#8654),#8662);
#8654 = ( BOUNDED_CURVE() B_SPLINE_CURVE(2,(#8655,#8656,#8657,#8658,
#8659,#8660,#8661),.UNSPECIFIED.,.T.,.F.) B_SPLINE_CURVE_WITH_KNOTS((1,2
    ,2,2,2,1),(-2.094395102393,0.,2.094395102393,4.188790204786,
6.28318530718,8.377580409573),.UNSPECIFIED.) CURVE() 
GEOMETRIC_REPRESENTATION_ITEM() RATIONAL_B_SPLINE_CURVE((1.,0.5,1.,0.5,
1.,0.5,1.)) REPRESENTATION_ITEM('') );
#8655 = CARTESIAN_POINT('',(4.9,-13.25));
#8656 = CARTESIAN_POINT('',(2.734936490539,-13.25));
#8657 = CARTESIAN_POINT('',(3.817468245269,-11.375));
#8658 = CARTESIAN_POINT('',(4.9,-9.5));
#8659 = CARTESIAN_POINT('',(5.982531754731,-11.375));
#8660 = CARTESIAN_POINT('',(7.065063509461,-13.25));
#8661 = CARTESIAN_POINT('',(4.9,-13.25));
#8662 = ( GEOMETRIC_REPRESENTATION_CONTEXT(2) 
PARAMETRIC_REPRESENTATION_CONTEXT() REPRESENTATION_CONTEXT('2D SPACE',''
  ) );
#8663 = PCURVE('',#8664,#8669);
#8664 = CYLINDRICAL_SURFACE('',#8665,1.25);
#8665 = AXIS2_PLACEMENT_3D('',#8666,#8667,#8668);
#8666 = CARTESIAN_POINT('',(34.,14.5,-4.4));
#8667 = DIRECTION('',(-0.,-0.,-1.));
#8668 = DIRECTION('',(1.,0.,0.));
#8669 = DEFINITIONAL_REPRESENTATION('',(#8670),#8674);
#8670 = LINE('',#8671,#8672);
#8671 = CARTESIAN_POINT('',(-6.28318530718,-1.E-01));
#8672 = VECTOR('',#8673,1.);
#8673 = DIRECTION('',(1.,-0.));
#8674 = ( GEOMETRIC_REPRESENTATION_CONTEXT(2) 
PARAMETRIC_REPRESENTATION_CONTEXT() REPRESENTATION_CONTEXT('2D SPACE',''
  ) );
#8675 = FACE_BOUND('',#8676,.F.);
#8676 = EDGE_LOOP('',(#8677));
#8677 = ORIENTED_EDGE('',*,*,#8678,.T.);
#8678 = EDGE_CURVE('',#8679,#8679,#8681,.T.);
#8679 = VERTEX_POINT('',#8680);
#8680 = CARTESIAN_POINT('',(25.25,14.5,-4.3));
#8681 = SURFACE_CURVE('',#8682,(#8687,#8698),.PCURVE_S1.);
#8682 = CIRCLE('',#8683,1.25);
#8683 = AXIS2_PLACEMENT_3D('',#8684,#8685,#8686);
#8684 = CARTESIAN_POINT('',(24.,14.5,-4.3));
#8685 = DIRECTION('',(0.,0.,-1.));
#8686 = DIRECTION('',(1.,0.,0.));
#8687 = PCURVE('',#6018,#8688);
#8688 = DEFINITIONAL_REPRESENTATION('',(#8689),#8697);
#8689 = ( BOUNDED_CURVE() B_SPLINE_CURVE(2,(#8690,#8691,#8692,#8693,
#8694,#8695,#8696),.UNSPECIFIED.,.T.,.F.) B_SPLINE_CURVE_WITH_KNOTS((1,2
    ,2,2,2,1),(-2.094395102393,0.,2.094395102393,4.188790204786,
6.28318530718,8.377580409573),.UNSPECIFIED.) CURVE() 
GEOMETRIC_REPRESENTATION_ITEM() RATIONAL_B_SPLINE_CURVE((1.,0.5,1.,0.5,
1.,0.5,1.)) REPRESENTATION_ITEM('') );
#8690 = CARTESIAN_POINT('',(4.9,-3.25));
#8691 = CARTESIAN_POINT('',(2.734936490539,-3.25));
#8692 = CARTESIAN_POINT('',(3.817468245269,-1.375));
#8693 = CARTESIAN_POINT('',(4.9,0.5));
#8694 = CARTESIAN_POINT('',(5.982531754731,-1.375));
#8695 = CARTESIAN_POINT('',(7.065063509461,-3.25));
#8696 = CARTESIAN_POINT('',(4.9,-3.25));
#8697 = ( GEOMETRIC_REPRESENTATION_CONTEXT(2) 
PARAMETRIC_REPRESENTATION_CONTEXT() REPRESENTATION_CONTEXT('2D SPACE',''
  ) );
#8698 = PCURVE('',#8699,#8704);
#8699 = CYLINDRICAL_SURFACE('',#8700,1.25);
#8700 = AXIS2_PLACEMENT_3D('',#8701,#8702,#8703);
#8701 = CARTESIAN_POINT('',(24.,14.5,-4.4));
#8702 = DIRECTION('',(-0.,-0.,-1.));
#8703 = DIRECTION('',(1.,0.,0.));
#8704 = DEFINITIONAL_REPRESENTATION('',(#8705),#8709);
#8705 = LINE('',#8706,#8707);
#8706 = CARTESIAN_POINT('',(-6.28318530718,-1.E-01));
#8707 = VECTOR('',#8708,1.);
#8708 = DIRECTION('',(1.,-0.));
#8709 = ( GEOMETRIC_REPRESENTATION_CONTEXT(2) 
PARAMETRIC_REPRESENTATION_CONTEXT() REPRESENTATION_CONTEXT('2D SPACE',''
  ) );
#8710 = ADVANCED_FACE('',(#8711),#6253,.F.);
#8711 = FACE_BOUND('',#8712,.F.);
#8712 = EDGE_LOOP('',(#8713,#8714,#8715));
#8713 = ORIENTED_EDGE('',*,*,#6316,.F.);
#8714 = ORIENTED_EDGE('',*,*,#8620,.T.);
#8715 = ORIENTED_EDGE('',*,*,#6233,.F.);
#8716 = ADVANCED_FACE('',(#8717),#6389,.F.);
#8717 = FACE_BOUND('',#8718,.F.);
#8718 = EDGE_LOOP('',(#8719,#8740,#8741,#8762));
#8719 = ORIENTED_EDGE('',*,*,#8720,.F.);
#8720 = EDGE_CURVE('',#6371,#7690,#8721,.T.);
#8721 = SURFACE_CURVE('',#8722,(#8726,#8733),.PCURVE_S1.);
#8722 = LINE('',#8723,#8724);
#8723 = CARTESIAN_POINT('',(38.,-25.,27.));
#8724 = VECTOR('',#8725,1.);
#8725 = DIRECTION('',(0.,1.,0.));
#8726 = PCURVE('',#6389,#8727);
#8727 = DEFINITIONAL_REPRESENTATION('',(#8728),#8732);
#8728 = LINE('',#8729,#8730);
#8729 = CARTESIAN_POINT('',(0.,0.));
#8730 = VECTOR('',#8731,1.);
#8731 = DIRECTION('',(0.,1.));
#8732 = ( GEOMETRIC_REPRESENTATION_CONTEXT(2) 
PARAMETRIC_REPRESENTATION_CONTEXT() REPRESENTATION_CONTEXT('2D SPACE',''
  ) );
#8733 = PCURVE('',#6416,#8734);
#8734 = DEFINITIONAL_REPRESENTATION('',(#8735),#8739);
#8735 = LINE('',#8736,#8737);
#8736 = CARTESIAN_POINT('',(22.,0.));
#8737 = VECTOR('',#8738,1.);
#8738 = DIRECTION('',(0.,-1.));
#8739 = ( GEOMETRIC_REPRESENTATION_CONTEXT(2) 
PARAMETRIC_REPRESENTATION_CONTEXT() REPRESENTATION_CONTEXT('2D SPACE',''
  ) );
#8740 = ORIENTED_EDGE('',*,*,#6370,.T.);
#8741 = ORIENTED_EDGE('',*,*,#8742,.T.);
#8742 = EDGE_CURVE('',#6373,#7692,#8743,.T.);
#8743 = SURFACE_CURVE('',#8744,(#8748,#8755),.PCURVE_S1.);
#8744 = LINE('',#8745,#8746);
#8745 = CARTESIAN_POINT('',(41.,-25.,30.));
#8746 = VECTOR('',#8747,1.);
#8747 = DIRECTION('',(0.,1.,0.));
#8748 = PCURVE('',#6389,#8749);
#8749 = DEFINITIONAL_REPRESENTATION('',(#8750),#8754);
#8750 = LINE('',#8751,#8752);
#8751 = CARTESIAN_POINT('',(1.570796326795,0.));
#8752 = VECTOR('',#8753,1.);
#8753 = DIRECTION('',(0.,1.));
#8754 = ( GEOMETRIC_REPRESENTATION_CONTEXT(2) 
PARAMETRIC_REPRESENTATION_CONTEXT() REPRESENTATION_CONTEXT('2D SPACE',''
  ) );
#8755 = PCURVE('',#6579,#8756);
#8756 = DEFINITIONAL_REPRESENTATION('',(#8757),#8761);
#8757 = LINE('',#8758,#8759);
#8758 = CARTESIAN_POINT('',(3.,0.));
#8759 = VECTOR('',#8760,1.);
#8760 = DIRECTION('',(0.,1.));
#8761 = ( GEOMETRIC_REPRESENTATION_CONTEXT(2) 
PARAMETRIC_REPRESENTATION_CONTEXT() REPRESENTATION_CONTEXT('2D SPACE',''
  ) );
#8762 = ORIENTED_EDGE('',*,*,#7689,.F.);
#8763 = ADVANCED_FACE('',(#8764),#6579,.F.);
#8764 = FACE_BOUND('',#8765,.F.);
#8765 = EDGE_LOOP('',(#8766,#8767,#8768,#8769));
#8766 = ORIENTED_EDGE('',*,*,#7850,.F.);
#8767 = ORIENTED_EDGE('',*,*,#8742,.F.);
#8768 = ORIENTED_EDGE('',*,*,#6566,.T.);
#8769 = ORIENTED_EDGE('',*,*,#8770,.T.);
#8770 = EDGE_CURVE('',#6538,#7827,#8771,.T.);
#8771 = SURFACE_CURVE('',#8772,(#8776,#8783),.PCURVE_S1.);
#8772 = LINE('',#8773,#8774);
#8773 = CARTESIAN_POINT('',(45.,-25.,30.));
#8774 = VECTOR('',#8775,1.);
#8775 = DIRECTION('',(0.,1.,0.));
#8776 = PCURVE('',#6579,#8777);
#8777 = DEFINITIONAL_REPRESENTATION('',(#8778),#8782);
#8778 = LINE('',#8779,#8780);
#8779 = CARTESIAN_POINT('',(7.,0.));
#8780 = VECTOR('',#8781,1.);
#8781 = DIRECTION('',(0.,1.));
#8782 = ( GEOMETRIC_REPRESENTATION_CONTEXT(2) 
PARAMETRIC_REPRESENTATION_CONTEXT() REPRESENTATION_CONTEXT('2D SPACE',''
  ) );
#8783 = PCURVE('',#6554,#8784);
#8784 = DEFINITIONAL_REPRESENTATION('',(#8785),#8789);
#8785 = LINE('',#8786,#8787);
#8786 = CARTESIAN_POINT('',(-1.570796326795,0.));
#8787 = VECTOR('',#8788,1.);
#8788 = DIRECTION('',(-0.,1.));
#8789 = ( GEOMETRIC_REPRESENTATION_CONTEXT(2) 
PARAMETRIC_REPRESENTATION_CONTEXT() REPRESENTATION_CONTEXT('2D SPACE',''
  ) );
#8790 = ADVANCED_FACE('',(#8791),#6554,.F.);
#8791 = FACE_BOUND('',#8792,.T.);
#8792 = EDGE_LOOP('',(#8793,#8814,#8815,#8816));
#8793 = ORIENTED_EDGE('',*,*,#8794,.F.);
#8794 = EDGE_CURVE('',#6512,#7806,#8795,.T.);
#8795 = SURFACE_CURVE('',#8796,(#8800,#8807),.PCURVE_S1.);
#8796 = LINE('',#8797,#8798);
#8797 = CARTESIAN_POINT('',(48.,-25.,27.));
#8798 = VECTOR('',#8799,1.);
#8799 = DIRECTION('',(0.,1.,0.));
#8800 = PCURVE('',#6554,#8801);
#8801 = DEFINITIONAL_REPRESENTATION('',(#8802),#8806);
#8802 = LINE('',#8803,#8804);
#8803 = CARTESIAN_POINT('',(-0.,0.));
#8804 = VECTOR('',#8805,1.);
#8805 = DIRECTION('',(-0.,1.));
#8806 = ( GEOMETRIC_REPRESENTATION_CONTEXT(2) 
PARAMETRIC_REPRESENTATION_CONTEXT() REPRESENTATION_CONTEXT('2D SPACE',''
  ) );
#8807 = PCURVE('',#6526,#8808);
#8808 = DEFINITIONAL_REPRESENTATION('',(#8809),#8813);
#8809 = LINE('',#8810,#8811);
#8810 = CARTESIAN_POINT('',(22.,0.));
#8811 = VECTOR('',#8812,1.);
#8812 = DIRECTION('',(0.,-1.));
#8813 = ( GEOMETRIC_REPRESENTATION_CONTEXT(2) 
PARAMETRIC_REPRESENTATION_CONTEXT() REPRESENTATION_CONTEXT('2D SPACE',''
  ) );
#8814 = ORIENTED_EDGE('',*,*,#6537,.F.);
#8815 = ORIENTED_EDGE('',*,*,#8770,.T.);
#8816 = ORIENTED_EDGE('',*,*,#7826,.T.);
#8817 = ADVANCED_FACE('',(#8818),#6526,.F.);
#8818 = FACE_BOUND('',#8819,.F.);
#8819 = EDGE_LOOP('',(#8820,#8821,#8842,#8843));
#8820 = ORIENTED_EDGE('',*,*,#6511,.T.);
#8821 = ORIENTED_EDGE('',*,*,#8822,.T.);
#8822 = EDGE_CURVE('',#6483,#7782,#8823,.T.);
#8823 = SURFACE_CURVE('',#8824,(#8828,#8835),.PCURVE_S1.);
#8824 = LINE('',#8825,#8826);
#8825 = CARTESIAN_POINT('',(48.,-25.,8.));
#8826 = VECTOR('',#8827,1.);
#8827 = DIRECTION('',(0.,1.,0.));
#8828 = PCURVE('',#6526,#8829);
#8829 = DEFINITIONAL_REPRESENTATION('',(#8830),#8834);
#8830 = LINE('',#8831,#8832);
#8831 = CARTESIAN_POINT('',(3.,0.));
#8832 = VECTOR('',#8833,1.);
#8833 = DIRECTION('',(0.,-1.));
#8834 = ( GEOMETRIC_REPRESENTATION_CONTEXT(2) 
PARAMETRIC_REPRESENTATION_CONTEXT() REPRESENTATION_CONTEXT('2D SPACE',''
  ) );
#8835 = PCURVE('',#6499,#8836);
#8836 = DEFINITIONAL_REPRESENTATION('',(#8837),#8841);
#8837 = LINE('',#8838,#8839);
#8838 = CARTESIAN_POINT('',(0.,0.));
#8839 = VECTOR('',#8840,1.);
#8840 = DIRECTION('',(0.,1.));
#8841 = ( GEOMETRIC_REPRESENTATION_CONTEXT(2) 
PARAMETRIC_REPRESENTATION_CONTEXT() REPRESENTATION_CONTEXT('2D SPACE',''
  ) );
#8842 = ORIENTED_EDGE('',*,*,#7805,.F.);
#8843 = ORIENTED_EDGE('',*,*,#8794,.F.);
#8844 = ADVANCED_FACE('',(#8845),#6499,.F.);
#8845 = FACE_BOUND('',#8846,.F.);
#8846 = EDGE_LOOP('',(#8847,#8848,#8849,#8870));
#8847 = ORIENTED_EDGE('',*,*,#8822,.F.);
#8848 = ORIENTED_EDGE('',*,*,#6482,.T.);
#8849 = ORIENTED_EDGE('',*,*,#8850,.T.);
#8850 = EDGE_CURVE('',#6457,#7761,#8851,.T.);
#8851 = SURFACE_CURVE('',#8852,(#8856,#8863),.PCURVE_S1.);
#8852 = LINE('',#8853,#8854);
#8853 = CARTESIAN_POINT('',(45.,-25.,5.));
#8854 = VECTOR('',#8855,1.);
#8855 = DIRECTION('',(0.,1.,0.));
#8856 = PCURVE('',#6499,#8857);
#8857 = DEFINITIONAL_REPRESENTATION('',(#8858),#8862);
#8858 = LINE('',#8859,#8860);
#8859 = CARTESIAN_POINT('',(1.570796326795,0.));
#8860 = VECTOR('',#8861,1.);
#8861 = DIRECTION('',(0.,1.));
#8862 = ( GEOMETRIC_REPRESENTATION_CONTEXT(2) 
PARAMETRIC_REPRESENTATION_CONTEXT() REPRESENTATION_CONTEXT('2D SPACE',''
  ) );
#8863 = PCURVE('',#6471,#8864);
#8864 = DEFINITIONAL_REPRESENTATION('',(#8865),#8869);
#8865 = LINE('',#8866,#8867);
#8866 = CARTESIAN_POINT('',(7.,0.));
#8867 = VECTOR('',#8868,1.);
#8868 = DIRECTION('',(0.,1.));
#8869 = ( GEOMETRIC_REPRESENTATION_CONTEXT(2) 
PARAMETRIC_REPRESENTATION_CONTEXT() REPRESENTATION_CONTEXT('2D SPACE',''
  ) );
#8870 = ORIENTED_EDGE('',*,*,#7781,.F.);
#8871 = ADVANCED_FACE('',(#8872),#6471,.T.);
#8872 = FACE_BOUND('',#8873,.T.);
#8873 = EDGE_LOOP('',(#8874,#8875,#8896,#8897));
#8874 = ORIENTED_EDGE('',*,*,#7760,.F.);
#8875 = ORIENTED_EDGE('',*,*,#8876,.F.);
#8876 = EDGE_CURVE('',#6428,#7737,#8877,.T.);
#8877 = SURFACE_CURVE('',#8878,(#8882,#8889),.PCURVE_S1.);
#8878 = LINE('',#8879,#8880);
#8879 = CARTESIAN_POINT('',(41.,-25.,5.));
#8880 = VECTOR('',#8881,1.);
#8881 = DIRECTION('',(0.,1.,0.));
#8882 = PCURVE('',#6471,#8883);
#8883 = DEFINITIONAL_REPRESENTATION('',(#8884),#8888);
#8884 = LINE('',#8885,#8886);
#8885 = CARTESIAN_POINT('',(3.,0.));
#8886 = VECTOR('',#8887,1.);
#8887 = DIRECTION('',(0.,1.));
#8888 = ( GEOMETRIC_REPRESENTATION_CONTEXT(2) 
PARAMETRIC_REPRESENTATION_CONTEXT() REPRESENTATION_CONTEXT('2D SPACE',''
  ) );
#8889 = PCURVE('',#6444,#8890);
#8890 = DEFINITIONAL_REPRESENTATION('',(#8891),#8895);
#8891 = LINE('',#8892,#8893);
#8892 = CARTESIAN_POINT('',(-1.570796326795,0.));
#8893 = VECTOR('',#8894,1.);
#8894 = DIRECTION('',(-0.,1.));
#8895 = ( GEOMETRIC_REPRESENTATION_CONTEXT(2) 
PARAMETRIC_REPRESENTATION_CONTEXT() REPRESENTATION_CONTEXT('2D SPACE',''
  ) );
#8896 = ORIENTED_EDGE('',*,*,#6456,.T.);
#8897 = ORIENTED_EDGE('',*,*,#8850,.T.);
#8898 = ADVANCED_FACE('',(#8899),#6444,.F.);
#8899 = FACE_BOUND('',#8900,.T.);
#8900 = EDGE_LOOP('',(#8901,#8922,#8923,#8924));
#8901 = ORIENTED_EDGE('',*,*,#8902,.F.);
#8902 = EDGE_CURVE('',#6402,#7716,#8903,.T.);
#8903 = SURFACE_CURVE('',#8904,(#8908,#8915),.PCURVE_S1.);
#8904 = LINE('',#8905,#8906);
#8905 = CARTESIAN_POINT('',(38.,-25.,8.));
#8906 = VECTOR('',#8907,1.);
#8907 = DIRECTION('',(0.,1.,0.));
#8908 = PCURVE('',#6444,#8909);
#8909 = DEFINITIONAL_REPRESENTATION('',(#8910),#8914);
#8910 = LINE('',#8911,#8912);
#8911 = CARTESIAN_POINT('',(-0.,0.));
#8912 = VECTOR('',#8913,1.);
#8913 = DIRECTION('',(-0.,1.));
#8914 = ( GEOMETRIC_REPRESENTATION_CONTEXT(2) 
PARAMETRIC_REPRESENTATION_CONTEXT() REPRESENTATION_CONTEXT('2D SPACE',''
  ) );
#8915 = PCURVE('',#6416,#8916);
#8916 = DEFINITIONAL_REPRESENTATION('',(#8917),#8921);
#8917 = LINE('',#8918,#8919);
#8918 = CARTESIAN_POINT('',(3.,0.));
#8919 = VECTOR('',#8920,1.);
#8920 = DIRECTION('',(0.,-1.));
#8921 = ( GEOMETRIC_REPRESENTATION_CONTEXT(2) 
PARAMETRIC_REPRESENTATION_CONTEXT() REPRESENTATION_CONTEXT('2D SPACE',''
  ) );
#8922 = ORIENTED_EDGE('',*,*,#6427,.F.);
#8923 = ORIENTED_EDGE('',*,*,#8876,.T.);
#8924 = ORIENTED_EDGE('',*,*,#7736,.T.);
#8925 = ADVANCED_FACE('',(#8926),#6416,.T.);
#8926 = FACE_BOUND('',#8927,.T.);
#8927 = EDGE_LOOP('',(#8928,#8929,#8930,#8931));
#8928 = ORIENTED_EDGE('',*,*,#6401,.T.);
#8929 = ORIENTED_EDGE('',*,*,#8902,.T.);
#8930 = ORIENTED_EDGE('',*,*,#7715,.F.);
#8931 = ORIENTED_EDGE('',*,*,#8720,.F.);
#8932 = ADVANCED_FACE('',(#8933),#6609,.F.);
#8933 = FACE_BOUND('',#8934,.F.);
#8934 = EDGE_LOOP('',(#8935,#8936,#8937,#8958));
#8935 = ORIENTED_EDGE('',*,*,#8267,.F.);
#8936 = ORIENTED_EDGE('',*,*,#6592,.T.);
#8937 = ORIENTED_EDGE('',*,*,#8938,.T.);
#8938 = EDGE_CURVE('',#6595,#7624,#8939,.T.);
#8939 = SURFACE_CURVE('',#8940,(#8944,#8951),.PCURVE_S1.);
#8940 = LINE('',#8941,#8942);
#8941 = CARTESIAN_POINT('',(27.,-25.,5.));
#8942 = VECTOR('',#8943,1.);
#8943 = DIRECTION('',(0.,1.,0.));
#8944 = PCURVE('',#6609,#8945);
#8945 = DEFINITIONAL_REPRESENTATION('',(#8946),#8950);
#8946 = LINE('',#8947,#8948);
#8947 = CARTESIAN_POINT('',(2.,0.));
#8948 = VECTOR('',#8949,1.);
#8949 = DIRECTION('',(0.,1.));
#8950 = ( GEOMETRIC_REPRESENTATION_CONTEXT(2) 
PARAMETRIC_REPRESENTATION_CONTEXT() REPRESENTATION_CONTEXT('2D SPACE',''
  ) );
#8951 = PCURVE('',#6842,#8952);
#8952 = DEFINITIONAL_REPRESENTATION('',(#8953),#8957);
#8953 = LINE('',#8954,#8955);
#8954 = CARTESIAN_POINT('',(-1.570796326795,0.));
#8955 = VECTOR('',#8956,1.);
#8956 = DIRECTION('',(-0.,1.));
#8957 = ( GEOMETRIC_REPRESENTATION_CONTEXT(2) 
PARAMETRIC_REPRESENTATION_CONTEXT() REPRESENTATION_CONTEXT('2D SPACE',''
  ) );
#8958 = ORIENTED_EDGE('',*,*,#7647,.F.);
#8959 = ADVANCED_FACE('',(#8960),#6842,.F.);
#8960 = FACE_BOUND('',#8961,.T.);
#8961 = EDGE_LOOP('',(#8962,#8983,#8984,#8985));
#8962 = ORIENTED_EDGE('',*,*,#8963,.F.);
#8963 = EDGE_CURVE('',#6802,#7603,#8964,.T.);
#8964 = SURFACE_CURVE('',#8965,(#8969,#8976),.PCURVE_S1.);
#8965 = LINE('',#8966,#8967);
#8966 = CARTESIAN_POINT('',(24.,-25.,8.));
#8967 = VECTOR('',#8968,1.);
#8968 = DIRECTION('',(0.,1.,0.));
#8969 = PCURVE('',#6842,#8970);
#8970 = DEFINITIONAL_REPRESENTATION('',(#8971),#8975);
#8971 = LINE('',#8972,#8973);
#8972 = CARTESIAN_POINT('',(-0.,0.));
#8973 = VECTOR('',#8974,1.);
#8974 = DIRECTION('',(-0.,1.));
#8975 = ( GEOMETRIC_REPRESENTATION_CONTEXT(2) 
PARAMETRIC_REPRESENTATION_CONTEXT() REPRESENTATION_CONTEXT('2D SPACE',''
  ) );
#8976 = PCURVE('',#6816,#8977);
#8977 = DEFINITIONAL_REPRESENTATION('',(#8978),#8982);
#8978 = LINE('',#8979,#8980);
#8979 = CARTESIAN_POINT('',(3.,0.));
#8980 = VECTOR('',#8981,1.);
#8981 = DIRECTION('',(0.,-1.));
#8982 = ( GEOMETRIC_REPRESENTATION_CONTEXT(2) 
PARAMETRIC_REPRESENTATION_CONTEXT() REPRESENTATION_CONTEXT('2D SPACE',''
  ) );
#8983 = ORIENTED_EDGE('',*,*,#6827,.F.);
#8984 = ORIENTED_EDGE('',*,*,#8938,.T.);
#8985 = ORIENTED_EDGE('',*,*,#7623,.T.);
#8986 = ADVANCED_FACE('',(#8987),#6816,.T.);
#8987 = FACE_BOUND('',#8988,.T.);
#8988 = EDGE_LOOP('',(#8989,#8990,#8991,#8992));
#8989 = ORIENTED_EDGE('',*,*,#6801,.T.);
#8990 = ORIENTED_EDGE('',*,*,#8963,.T.);
#8991 = ORIENTED_EDGE('',*,*,#7602,.F.);
#8992 = ORIENTED_EDGE('',*,*,#8993,.F.);
#8993 = EDGE_CURVE('',#6773,#7579,#8994,.T.);
#8994 = SURFACE_CURVE('',#8995,(#8999,#9006),.PCURVE_S1.);
#8995 = LINE('',#8996,#8997);
#8996 = CARTESIAN_POINT('',(24.,-25.,27.));
#8997 = VECTOR('',#8998,1.);
#8998 = DIRECTION('',(0.,1.,0.));
#8999 = PCURVE('',#6816,#9000);
#9000 = DEFINITIONAL_REPRESENTATION('',(#9001),#9005);
#9001 = LINE('',#9002,#9003);
#9002 = CARTESIAN_POINT('',(22.,0.));
#9003 = VECTOR('',#9004,1.);
#9004 = DIRECTION('',(0.,-1.));
#9005 = ( GEOMETRIC_REPRESENTATION_CONTEXT(2) 
PARAMETRIC_REPRESENTATION_CONTEXT() REPRESENTATION_CONTEXT('2D SPACE',''
  ) );
#9006 = PCURVE('',#6789,#9007);
#9007 = DEFINITIONAL_REPRESENTATION('',(#9008),#9012);
#9008 = LINE('',#9009,#9010);
#9009 = CARTESIAN_POINT('',(0.,0.));
#9010 = VECTOR('',#9011,1.);
#9011 = DIRECTION('',(0.,1.));
#9012 = ( GEOMETRIC_REPRESENTATION_CONTEXT(2) 
PARAMETRIC_REPRESENTATION_CONTEXT() REPRESENTATION_CONTEXT('2D SPACE',''
  ) );
#9013 = ADVANCED_FACE('',(#9014),#6789,.F.);
#9014 = FACE_BOUND('',#9015,.F.);
#9015 = EDGE_LOOP('',(#9016,#9017,#9018,#9039));
#9016 = ORIENTED_EDGE('',*,*,#8993,.F.);
#9017 = ORIENTED_EDGE('',*,*,#6772,.T.);
#9018 = ORIENTED_EDGE('',*,*,#9019,.T.);
#9019 = EDGE_CURVE('',#6747,#7558,#9020,.T.);
#9020 = SURFACE_CURVE('',#9021,(#9025,#9032),.PCURVE_S1.);
#9021 = LINE('',#9022,#9023);
#9022 = CARTESIAN_POINT('',(27.,-25.,30.));
#9023 = VECTOR('',#9024,1.);
#9024 = DIRECTION('',(0.,1.,0.));
#9025 = PCURVE('',#6789,#9026);
#9026 = DEFINITIONAL_REPRESENTATION('',(#9027),#9031);
#9027 = LINE('',#9028,#9029);
#9028 = CARTESIAN_POINT('',(1.570796326795,0.));
#9029 = VECTOR('',#9030,1.);
#9030 = DIRECTION('',(0.,1.));
#9031 = ( GEOMETRIC_REPRESENTATION_CONTEXT(2) 
PARAMETRIC_REPRESENTATION_CONTEXT() REPRESENTATION_CONTEXT('2D SPACE',''
  ) );
#9032 = PCURVE('',#6761,#9033);
#9033 = DEFINITIONAL_REPRESENTATION('',(#9034),#9038);
#9034 = LINE('',#9035,#9036);
#9035 = CARTESIAN_POINT('',(3.,0.));
#9036 = VECTOR('',#9037,1.);
#9037 = DIRECTION('',(0.,1.));
#9038 = ( GEOMETRIC_REPRESENTATION_CONTEXT(2) 
PARAMETRIC_REPRESENTATION_CONTEXT() REPRESENTATION_CONTEXT('2D SPACE',''
  ) );
#9039 = ORIENTED_EDGE('',*,*,#7578,.F.);
#9040 = ADVANCED_FACE('',(#9041),#6761,.F.);
#9041 = FACE_BOUND('',#9042,.F.);
#9042 = EDGE_LOOP('',(#9043,#9044,#9045,#9046));
#9043 = ORIENTED_EDGE('',*,*,#7557,.F.);
#9044 = ORIENTED_EDGE('',*,*,#9019,.F.);
#9045 = ORIENTED_EDGE('',*,*,#6746,.T.);
#9046 = ORIENTED_EDGE('',*,*,#9047,.T.);
#9047 = EDGE_CURVE('',#6718,#7534,#9048,.T.);
#9048 = SURFACE_CURVE('',#9049,(#9053,#9060),.PCURVE_S1.);
#9049 = LINE('',#9050,#9051);
#9050 = CARTESIAN_POINT('',(30.,-25.,30.));
#9051 = VECTOR('',#9052,1.);
#9052 = DIRECTION('',(0.,1.,0.));
#9053 = PCURVE('',#6761,#9054);
#9054 = DEFINITIONAL_REPRESENTATION('',(#9055),#9059);
#9055 = LINE('',#9056,#9057);
#9056 = CARTESIAN_POINT('',(6.,0.));
#9057 = VECTOR('',#9058,1.);
#9058 = DIRECTION('',(0.,1.));
#9059 = ( GEOMETRIC_REPRESENTATION_CONTEXT(2) 
PARAMETRIC_REPRESENTATION_CONTEXT() REPRESENTATION_CONTEXT('2D SPACE',''
  ) );
#9060 = PCURVE('',#6734,#9061);
#9061 = DEFINITIONAL_REPRESENTATION('',(#9062),#9066);
#9062 = LINE('',#9063,#9064);
#9063 = CARTESIAN_POINT('',(-1.570796326795,0.));
#9064 = VECTOR('',#9065,1.);
#9065 = DIRECTION('',(-0.,1.));
#9066 = ( GEOMETRIC_REPRESENTATION_CONTEXT(2) 
PARAMETRIC_REPRESENTATION_CONTEXT() REPRESENTATION_CONTEXT('2D SPACE',''
  ) );
#9067 = ADVANCED_FACE('',(#9068),#6679,.F.);
#9068 = FACE_BOUND('',#9069,.F.);
#9069 = EDGE_LOOP('',(#9070,#9091,#9092,#9093));
#9070 = ORIENTED_EDGE('',*,*,#9071,.F.);
#9071 = EDGE_CURVE('',#6663,#7489,#9072,.T.);
#9072 = SURFACE_CURVE('',#9073,(#9077,#9084),.PCURVE_S1.);
#9073 = LINE('',#9074,#9075);
#9074 = CARTESIAN_POINT('',(33.,-25.,8.));
#9075 = VECTOR('',#9076,1.);
#9076 = DIRECTION('',(0.,1.,0.));
#9077 = PCURVE('',#6679,#9078);
#9078 = DEFINITIONAL_REPRESENTATION('',(#9079),#9083);
#9079 = LINE('',#9080,#9081);
#9080 = CARTESIAN_POINT('',(0.,0.));
#9081 = VECTOR('',#9082,1.);
#9082 = DIRECTION('',(0.,1.));
#9083 = ( GEOMETRIC_REPRESENTATION_CONTEXT(2) 
PARAMETRIC_REPRESENTATION_CONTEXT() REPRESENTATION_CONTEXT('2D SPACE',''
  ) );
#9084 = PCURVE('',#6706,#9085);
#9085 = DEFINITIONAL_REPRESENTATION('',(#9086),#9090);
#9086 = LINE('',#9087,#9088);
#9087 = CARTESIAN_POINT('',(3.,0.));
#9088 = VECTOR('',#9089,1.);
#9089 = DIRECTION('',(0.,-1.));
#9090 = ( GEOMETRIC_REPRESENTATION_CONTEXT(2) 
PARAMETRIC_REPRESENTATION_CONTEXT() REPRESENTATION_CONTEXT('2D SPACE',''
  ) );
#9091 = ORIENTED_EDGE('',*,*,#6662,.T.);
#9092 = ORIENTED_EDGE('',*,*,#8240,.T.);
#9093 = ORIENTED_EDGE('',*,*,#7488,.F.);
#9094 = ADVANCED_FACE('',(#9095),#6734,.F.);
#9095 = FACE_BOUND('',#9096,.T.);
#9096 = EDGE_LOOP('',(#9097,#9118,#9119,#9120));
#9097 = ORIENTED_EDGE('',*,*,#9098,.F.);
#9098 = EDGE_CURVE('',#6692,#7513,#9099,.T.);
#9099 = SURFACE_CURVE('',#9100,(#9104,#9111),.PCURVE_S1.);
#9100 = LINE('',#9101,#9102);
#9101 = CARTESIAN_POINT('',(33.,-25.,27.));
#9102 = VECTOR('',#9103,1.);
#9103 = DIRECTION('',(0.,1.,0.));
#9104 = PCURVE('',#6734,#9105);
#9105 = DEFINITIONAL_REPRESENTATION('',(#9106),#9110);
#9106 = LINE('',#9107,#9108);
#9107 = CARTESIAN_POINT('',(-0.,0.));
#9108 = VECTOR('',#9109,1.);
#9109 = DIRECTION('',(-0.,1.));
#9110 = ( GEOMETRIC_REPRESENTATION_CONTEXT(2) 
PARAMETRIC_REPRESENTATION_CONTEXT() REPRESENTATION_CONTEXT('2D SPACE',''
  ) );
#9111 = PCURVE('',#6706,#9112);
#9112 = DEFINITIONAL_REPRESENTATION('',(#9113),#9117);
#9113 = LINE('',#9114,#9115);
#9114 = CARTESIAN_POINT('',(22.,0.));
#9115 = VECTOR('',#9116,1.);
#9116 = DIRECTION('',(0.,-1.));
#9117 = ( GEOMETRIC_REPRESENTATION_CONTEXT(2) 
PARAMETRIC_REPRESENTATION_CONTEXT() REPRESENTATION_CONTEXT('2D SPACE',''
  ) );
#9118 = ORIENTED_EDGE('',*,*,#6717,.F.);
#9119 = ORIENTED_EDGE('',*,*,#9047,.T.);
#9120 = ORIENTED_EDGE('',*,*,#7533,.T.);
#9121 = ADVANCED_FACE('',(#9122),#6706,.F.);
#9122 = FACE_BOUND('',#9123,.F.);
#9123 = EDGE_LOOP('',(#9124,#9125,#9126,#9127));
#9124 = ORIENTED_EDGE('',*,*,#6691,.T.);
#9125 = ORIENTED_EDGE('',*,*,#9071,.T.);
#9126 = ORIENTED_EDGE('',*,*,#7512,.F.);
#9127 = ORIENTED_EDGE('',*,*,#9098,.F.);
#9128 = ADVANCED_FACE('',(#9129),#6997,.T.);
#9129 = FACE_BOUND('',#9130,.T.);
#9130 = EDGE_LOOP('',(#9131,#9132,#9133,#9134));
#9131 = ORIENTED_EDGE('',*,*,#8338,.F.);
#9132 = ORIENTED_EDGE('',*,*,#6982,.T.);
#9133 = ORIENTED_EDGE('',*,*,#8411,.T.);
#9134 = ORIENTED_EDGE('',*,*,#9135,.F.);
#9135 = EDGE_CURVE('',#8339,#8412,#9136,.T.);
#9136 = SURFACE_CURVE('',#9137,(#9141,#9148),.PCURVE_S1.);
#9137 = LINE('',#9138,#9139);
#9138 = CARTESIAN_POINT('',(21.5,-6.,0.9));
#9139 = VECTOR('',#9140,1.);
#9140 = DIRECTION('',(0.,1.,0.));
#9141 = PCURVE('',#6997,#9142);
#9142 = DEFINITIONAL_REPRESENTATION('',(#9143),#9147);
#9143 = LINE('',#9144,#9145);
#9144 = CARTESIAN_POINT('',(6.2,0.));
#9145 = VECTOR('',#9146,1.);
#9146 = DIRECTION('',(0.,-1.));
#9147 = ( GEOMETRIC_REPRESENTATION_CONTEXT(2) 
PARAMETRIC_REPRESENTATION_CONTEXT() REPRESENTATION_CONTEXT('2D SPACE',''
  ) );
#9148 = PCURVE('',#8117,#9149);
#9149 = DEFINITIONAL_REPRESENTATION('',(#9150),#9154);
#9150 = LINE('',#9151,#9152);
#9151 = CARTESIAN_POINT('',(0.,0.));
#9152 = VECTOR('',#9153,1.);
#9153 = DIRECTION('',(0.,1.));
#9154 = ( GEOMETRIC_REPRESENTATION_CONTEXT(2) 
PARAMETRIC_REPRESENTATION_CONTEXT() REPRESENTATION_CONTEXT('2D SPACE',''
  ) );
#9155 = ADVANCED_FACE('',(#9156),#7341,.T.);
#9156 = FACE_BOUND('',#9157,.T.);
#9157 = EDGE_LOOP('',(#9158,#9159,#9160,#9161));
#9158 = ORIENTED_EDGE('',*,*,#7323,.T.);
#9159 = ORIENTED_EDGE('',*,*,#8311,.T.);
#9160 = ORIENTED_EDGE('',*,*,#8383,.T.);
#9161 = ORIENTED_EDGE('',*,*,#8058,.F.);
#9162 = ADVANCED_FACE('',(#9163),#8117,.F.);
#9163 = FACE_BOUND('',#9164,.F.);
#9164 = EDGE_LOOP('',(#9165,#9166,#9167,#9168));
#9165 = ORIENTED_EDGE('',*,*,#8434,.F.);
#9166 = ORIENTED_EDGE('',*,*,#9135,.F.);
#9167 = ORIENTED_EDGE('',*,*,#8361,.T.);
#9168 = ORIENTED_EDGE('',*,*,#8102,.F.);
#9169 = ADVANCED_FACE('',(#9170),#8537,.F.);
#9170 = FACE_BOUND('',#9171,.T.);
#9171 = EDGE_LOOP('',(#9172,#9173,#9196,#9223));
#9172 = ORIENTED_EDGE('',*,*,#8516,.T.);
#9173 = ORIENTED_EDGE('',*,*,#9174,.T.);
#9174 = EDGE_CURVE('',#8517,#9175,#9177,.T.);
#9175 = VERTEX_POINT('',#9176);
#9176 = CARTESIAN_POINT('',(35.25,-14.5,0.));
#9177 = SEAM_CURVE('',#9178,(#9182,#9189),.PCURVE_S1.);
#9178 = LINE('',#9179,#9180);
#9179 = CARTESIAN_POINT('',(35.25,-14.5,-4.4));
#9180 = VECTOR('',#9181,1.);
#9181 = DIRECTION('',(0.,0.,1.));
#9182 = PCURVE('',#8537,#9183);
#9183 = DEFINITIONAL_REPRESENTATION('',(#9184),#9188);
#9184 = LINE('',#9185,#9186);
#9185 = CARTESIAN_POINT('',(-6.28318530718,0.));
#9186 = VECTOR('',#9187,1.);
#9187 = DIRECTION('',(-0.,-1.));
#9188 = ( GEOMETRIC_REPRESENTATION_CONTEXT(2) 
PARAMETRIC_REPRESENTATION_CONTEXT() REPRESENTATION_CONTEXT('2D SPACE',''
  ) );
#9189 = PCURVE('',#8537,#9190);
#9190 = DEFINITIONAL_REPRESENTATION('',(#9191),#9195);
#9191 = LINE('',#9192,#9193);
#9192 = CARTESIAN_POINT('',(-0.,0.));
#9193 = VECTOR('',#9194,1.);
#9194 = DIRECTION('',(-0.,-1.));
#9195 = ( GEOMETRIC_REPRESENTATION_CONTEXT(2) 
PARAMETRIC_REPRESENTATION_CONTEXT() REPRESENTATION_CONTEXT('2D SPACE',''
  ) );
#9196 = ORIENTED_EDGE('',*,*,#9197,.T.);
#9197 = EDGE_CURVE('',#9175,#9175,#9198,.T.);
#9198 = SURFACE_CURVE('',#9199,(#9204,#9211),.PCURVE_S1.);
#9199 = CIRCLE('',#9200,1.25);
#9200 = AXIS2_PLACEMENT_3D('',#9201,#9202,#9203);
#9201 = CARTESIAN_POINT('',(34.,-14.5,0.));
#9202 = DIRECTION('',(0.,0.,1.));
#9203 = DIRECTION('',(1.,0.,0.));
#9204 = PCURVE('',#8537,#9205);
#9205 = DEFINITIONAL_REPRESENTATION('',(#9206),#9210);
#9206 = LINE('',#9207,#9208);
#9207 = CARTESIAN_POINT('',(-0.,-4.4));
#9208 = VECTOR('',#9209,1.);
#9209 = DIRECTION('',(-1.,0.));
#9210 = ( GEOMETRIC_REPRESENTATION_CONTEXT(2) 
PARAMETRIC_REPRESENTATION_CONTEXT() REPRESENTATION_CONTEXT('2D SPACE',''
  ) );
#9211 = PCURVE('',#9212,#9217);
#9212 = PLANE('',#9213);
#9213 = AXIS2_PLACEMENT_3D('',#9214,#9215,#9216);
#9214 = CARTESIAN_POINT('',(34.,-14.5,0.));
#9215 = DIRECTION('',(0.,0.,1.));
#9216 = DIRECTION('',(1.,0.,-0.));
#9217 = DEFINITIONAL_REPRESENTATION('',(#9218),#9222);
#9218 = CIRCLE('',#9219,1.25);
#9219 = AXIS2_PLACEMENT_2D('',#9220,#9221);
#9220 = CARTESIAN_POINT('',(0.,0.));
#9221 = DIRECTION('',(1.,0.));
#9222 = ( GEOMETRIC_REPRESENTATION_CONTEXT(2) 
PARAMETRIC_REPRESENTATION_CONTEXT() REPRESENTATION_CONTEXT('2D SPACE',''
  ) );
#9223 = ORIENTED_EDGE('',*,*,#9174,.F.);
#9224 = ADVANCED_FACE('',(#9225),#8572,.F.);
#9225 = FACE_BOUND('',#9226,.T.);
#9226 = EDGE_LOOP('',(#9227,#9228,#9251,#9278));
#9227 = ORIENTED_EDGE('',*,*,#8551,.T.);
#9228 = ORIENTED_EDGE('',*,*,#9229,.T.);
#9229 = EDGE_CURVE('',#8552,#9230,#9232,.T.);
#9230 = VERTEX_POINT('',#9231);
#9231 = CARTESIAN_POINT('',(25.25,-14.5,0.));
#9232 = SEAM_CURVE('',#9233,(#9237,#9244),.PCURVE_S1.);
#9233 = LINE('',#9234,#9235);
#9234 = CARTESIAN_POINT('',(25.25,-14.5,-4.4));
#9235 = VECTOR('',#9236,1.);
#9236 = DIRECTION('',(0.,0.,1.));
#9237 = PCURVE('',#8572,#9238);
#9238 = DEFINITIONAL_REPRESENTATION('',(#9239),#9243);
#9239 = LINE('',#9240,#9241);
#9240 = CARTESIAN_POINT('',(-6.28318530718,0.));
#9241 = VECTOR('',#9242,1.);
#9242 = DIRECTION('',(-0.,-1.));
#9243 = ( GEOMETRIC_REPRESENTATION_CONTEXT(2) 
PARAMETRIC_REPRESENTATION_CONTEXT() REPRESENTATION_CONTEXT('2D SPACE',''
  ) );
#9244 = PCURVE('',#8572,#9245);
#9245 = DEFINITIONAL_REPRESENTATION('',(#9246),#9250);
#9246 = LINE('',#9247,#9248);
#9247 = CARTESIAN_POINT('',(-0.,0.));
#9248 = VECTOR('',#9249,1.);
#9249 = DIRECTION('',(-0.,-1.));
#9250 = ( GEOMETRIC_REPRESENTATION_CONTEXT(2) 
PARAMETRIC_REPRESENTATION_CONTEXT() REPRESENTATION_CONTEXT('2D SPACE',''
  ) );
#9251 = ORIENTED_EDGE('',*,*,#9252,.T.);
#9252 = EDGE_CURVE('',#9230,#9230,#9253,.T.);
#9253 = SURFACE_CURVE('',#9254,(#9259,#9266),.PCURVE_S1.);
#9254 = CIRCLE('',#9255,1.25);
#9255 = AXIS2_PLACEMENT_3D('',#9256,#9257,#9258);
#9256 = CARTESIAN_POINT('',(24.,-14.5,0.));
#9257 = DIRECTION('',(0.,0.,1.));
#9258 = DIRECTION('',(1.,0.,0.));
#9259 = PCURVE('',#8572,#9260);
#9260 = DEFINITIONAL_REPRESENTATION('',(#9261),#9265);
#9261 = LINE('',#9262,#9263);
#9262 = CARTESIAN_POINT('',(-0.,-4.4));
#9263 = VECTOR('',#9264,1.);
#9264 = DIRECTION('',(-1.,0.));
#9265 = ( GEOMETRIC_REPRESENTATION_CONTEXT(2) 
PARAMETRIC_REPRESENTATION_CONTEXT() REPRESENTATION_CONTEXT('2D SPACE',''
  ) );
#9266 = PCURVE('',#9267,#9272);
#9267 = PLANE('',#9268);
#9268 = AXIS2_PLACEMENT_3D('',#9269,#9270,#9271);
#9269 = CARTESIAN_POINT('',(24.,-14.5,0.));
#9270 = DIRECTION('',(0.,0.,1.));
#9271 = DIRECTION('',(1.,0.,-0.));
#9272 = DEFINITIONAL_REPRESENTATION('',(#9273),#9277);
#9273 = CIRCLE('',#9274,1.25);
#9274 = AXIS2_PLACEMENT_2D('',#9275,#9276);
#9275 = CARTESIAN_POINT('',(3.552713678801E-15,0.));
#9276 = DIRECTION('',(1.,0.));
#9277 = ( GEOMETRIC_REPRESENTATION_CONTEXT(2) 
PARAMETRIC_REPRESENTATION_CONTEXT() REPRESENTATION_CONTEXT('2D SPACE',''
  ) );
#9278 = ORIENTED_EDGE('',*,*,#9229,.F.);
#9279 = ADVANCED_FACE('',(#9280),#8664,.F.);
#9280 = FACE_BOUND('',#9281,.T.);
#9281 = EDGE_LOOP('',(#9282,#9283,#9306,#9333));
#9282 = ORIENTED_EDGE('',*,*,#8643,.T.);
#9283 = ORIENTED_EDGE('',*,*,#9284,.T.);
#9284 = EDGE_CURVE('',#8644,#9285,#9287,.T.);
#9285 = VERTEX_POINT('',#9286);
#9286 = CARTESIAN_POINT('',(35.25,14.5,0.));
#9287 = SEAM_CURVE('',#9288,(#9292,#9299),.PCURVE_S1.);
#9288 = LINE('',#9289,#9290);
#9289 = CARTESIAN_POINT('',(35.25,14.5,-4.4));
#9290 = VECTOR('',#9291,1.);
#9291 = DIRECTION('',(0.,0.,1.));
#9292 = PCURVE('',#8664,#9293);
#9293 = DEFINITIONAL_REPRESENTATION('',(#9294),#9298);
#9294 = LINE('',#9295,#9296);
#9295 = CARTESIAN_POINT('',(-6.28318530718,0.));
#9296 = VECTOR('',#9297,1.);
#9297 = DIRECTION('',(-0.,-1.));
#9298 = ( GEOMETRIC_REPRESENTATION_CONTEXT(2) 
PARAMETRIC_REPRESENTATION_CONTEXT() REPRESENTATION_CONTEXT('2D SPACE',''
  ) );
#9299 = PCURVE('',#8664,#9300);
#9300 = DEFINITIONAL_REPRESENTATION('',(#9301),#9305);
#9301 = LINE('',#9302,#9303);
#9302 = CARTESIAN_POINT('',(-0.,0.));
#9303 = VECTOR('',#9304,1.);
#9304 = DIRECTION('',(-0.,-1.));
#9305 = ( GEOMETRIC_REPRESENTATION_CONTEXT(2) 
PARAMETRIC_REPRESENTATION_CONTEXT() REPRESENTATION_CONTEXT('2D SPACE',''
  ) );
#9306 = ORIENTED_EDGE('',*,*,#9307,.T.);
#9307 = EDGE_CURVE('',#9285,#9285,#9308,.T.);
#9308 = SURFACE_CURVE('',#9309,(#9314,#9321),.PCURVE_S1.);
#9309 = CIRCLE('',#9310,1.25);
#9310 = AXIS2_PLACEMENT_3D('',#9311,#9312,#9313);
#9311 = CARTESIAN_POINT('',(34.,14.5,0.));
#9312 = DIRECTION('',(0.,0.,1.));
#9313 = DIRECTION('',(1.,0.,0.));
#9314 = PCURVE('',#8664,#9315);
#9315 = DEFINITIONAL_REPRESENTATION('',(#9316),#9320);
#9316 = LINE('',#9317,#9318);
#9317 = CARTESIAN_POINT('',(-0.,-4.4));
#9318 = VECTOR('',#9319,1.);
#9319 = DIRECTION('',(-1.,0.));
#9320 = ( GEOMETRIC_REPRESENTATION_CONTEXT(2) 
PARAMETRIC_REPRESENTATION_CONTEXT() REPRESENTATION_CONTEXT('2D SPACE',''
  ) );
#9321 = PCURVE('',#9322,#9327);
#9322 = PLANE('',#9323);
#9323 = AXIS2_PLACEMENT_3D('',#9324,#9325,#9326);
#9324 = CARTESIAN_POINT('',(34.,14.5,0.));
#9325 = DIRECTION('',(0.,0.,1.));
#9326 = DIRECTION('',(1.,0.,-0.));
#9327 = DEFINITIONAL_REPRESENTATION('',(#9328),#9332);
#9328 = CIRCLE('',#9329,1.25);
#9329 = AXIS2_PLACEMENT_2D('',#9330,#9331);
#9330 = CARTESIAN_POINT('',(0.,0.));
#9331 = DIRECTION('',(1.,0.));
#9332 = ( GEOMETRIC_REPRESENTATION_CONTEXT(2) 
PARAMETRIC_REPRESENTATION_CONTEXT() REPRESENTATION_CONTEXT('2D SPACE',''
  ) );
#9333 = ORIENTED_EDGE('',*,*,#9284,.F.);
#9334 = ADVANCED_FACE('',(#9335),#8699,.F.);
#9335 = FACE_BOUND('',#9336,.T.);
#9336 = EDGE_LOOP('',(#9337,#9338,#9361,#9388));
#9337 = ORIENTED_EDGE('',*,*,#8678,.T.);
#9338 = ORIENTED_EDGE('',*,*,#9339,.T.);
#9339 = EDGE_CURVE('',#8679,#9340,#9342,.T.);
#9340 = VERTEX_POINT('',#9341);
#9341 = CARTESIAN_POINT('',(25.25,14.5,0.));
#9342 = SEAM_CURVE('',#9343,(#9347,#9354),.PCURVE_S1.);
#9343 = LINE('',#9344,#9345);
#9344 = CARTESIAN_POINT('',(25.25,14.5,-4.4));
#9345 = VECTOR('',#9346,1.);
#9346 = DIRECTION('',(0.,0.,1.));
#9347 = PCURVE('',#8699,#9348);
#9348 = DEFINITIONAL_REPRESENTATION('',(#9349),#9353);
#9349 = LINE('',#9350,#9351);
#9350 = CARTESIAN_POINT('',(-6.28318530718,0.));
#9351 = VECTOR('',#9352,1.);
#9352 = DIRECTION('',(-0.,-1.));
#9353 = ( GEOMETRIC_REPRESENTATION_CONTEXT(2) 
PARAMETRIC_REPRESENTATION_CONTEXT() REPRESENTATION_CONTEXT('2D SPACE',''
  ) );
#9354 = PCURVE('',#8699,#9355);
#9355 = DEFINITIONAL_REPRESENTATION('',(#9356),#9360);
#9356 = LINE('',#9357,#9358);
#9357 = CARTESIAN_POINT('',(-0.,0.));
#9358 = VECTOR('',#9359,1.);
#9359 = DIRECTION('',(-0.,-1.));
#9360 = ( GEOMETRIC_REPRESENTATION_CONTEXT(2) 
PARAMETRIC_REPRESENTATION_CONTEXT() REPRESENTATION_CONTEXT('2D SPACE',''
  ) );
#9361 = ORIENTED_EDGE('',*,*,#9362,.T.);
#9362 = EDGE_CURVE('',#9340,#9340,#9363,.T.);
#9363 = SURFACE_CURVE('',#9364,(#9369,#9376),.PCURVE_S1.);
#9364 = CIRCLE('',#9365,1.25);
#9365 = AXIS2_PLACEMENT_3D('',#9366,#9367,#9368);
#9366 = CARTESIAN_POINT('',(24.,14.5,0.));
#9367 = DIRECTION('',(0.,0.,1.));
#9368 = DIRECTION('',(1.,0.,0.));
#9369 = PCURVE('',#8699,#9370);
#9370 = DEFINITIONAL_REPRESENTATION('',(#9371),#9375);
#9371 = LINE('',#9372,#9373);
#9372 = CARTESIAN_POINT('',(-0.,-4.4));
#9373 = VECTOR('',#9374,1.);
#9374 = DIRECTION('',(-1.,0.));
#9375 = ( GEOMETRIC_REPRESENTATION_CONTEXT(2) 
PARAMETRIC_REPRESENTATION_CONTEXT() REPRESENTATION_CONTEXT('2D SPACE',''
  ) );
#9376 = PCURVE('',#9377,#9382);
#9377 = PLANE('',#9378);
#9378 = AXIS2_PLACEMENT_3D('',#9379,#9380,#9381);
#9379 = CARTESIAN_POINT('',(24.,14.5,0.));
#9380 = DIRECTION('',(0.,0.,1.));
#9381 = DIRECTION('',(1.,0.,-0.));
#9382 = DEFINITIONAL_REPRESENTATION('',(#9383),#9387);
#9383 = CIRCLE('',#9384,1.25);
#9384 = AXIS2_PLACEMENT_2D('',#9385,#9386);
#9385 = CARTESIAN_POINT('',(3.552713678801E-15,0.));
#9386 = DIRECTION('',(1.,0.));
#9387 = ( GEOMETRIC_REPRESENTATION_CONTEXT(2) 
PARAMETRIC_REPRESENTATION_CONTEXT() REPRESENTATION_CONTEXT('2D SPACE',''
  ) );
#9388 = ORIENTED_EDGE('',*,*,#9339,.F.);
#9389 = ADVANCED_FACE('',(#9390),#9212,.F.);
#9390 = FACE_BOUND('',#9391,.F.);
#9391 = EDGE_LOOP('',(#9392));
#9392 = ORIENTED_EDGE('',*,*,#9197,.T.);
#9393 = ADVANCED_FACE('',(#9394),#9267,.F.);
#9394 = FACE_BOUND('',#9395,.F.);
#9395 = EDGE_LOOP('',(#9396));
#9396 = ORIENTED_EDGE('',*,*,#9252,.T.);
#9397 = ADVANCED_FACE('',(#9398),#9322,.F.);
#9398 = FACE_BOUND('',#9399,.F.);
#9399 = EDGE_LOOP('',(#9400));
#9400 = ORIENTED_EDGE('',*,*,#9307,.T.);
#9401 = ADVANCED_FACE('',(#9402),#9377,.F.);
#9402 = FACE_BOUND('',#9403,.F.);
#9403 = EDGE_LOOP('',(#9404));
#9404 = ORIENTED_EDGE('',*,*,#9362,.T.);
#9405 = ( GEOMETRIC_REPRESENTATION_CONTEXT(3) 
GLOBAL_UNCERTAINTY_ASSIGNED_CONTEXT((#9409)) 
GLOBAL_UNIT_ASSIGNED_CONTEXT((#9406,#9407,#9408)) REPRESENTATION_CONTEXT
('Context #1','3D Context with UNIT and UNCERTAINTY') );
#9406 = ( LENGTH_UNIT() NAMED_UNIT(*) SI_UNIT(.MILLI.,.METRE.) );
#9407 = ( NAMED_UNIT(*) PLANE_ANGLE_UNIT() SI_UNIT($,.RADIAN.) );
#9408 = ( NAMED_UNIT(*) SI_UNIT($,.STERADIAN.) SOLID_ANGLE_UNIT() );
#9409 = UNCERTAINTY_MEASURE_WITH_UNIT(LENGTH_MEASURE(1.E-07),#9406,
  'distance_accuracy_value','confusion accuracy');
#9410 = CONTEXT_DEPENDENT_SHAPE_REPRESENTATION(#9411,#9413);
#9411 = ( REPRESENTATION_RELATIONSHIP('','',#36,#10) 
REPRESENTATION_RELATIONSHIP_WITH_TRANSFORMATION(#9412) 
SHAPE_REPRESENTATION_RELATIONSHIP() );
#9412 = ITEM_DEFINED_TRANSFORMATION('','',#11,#15);
#9413 = PRODUCT_DEFINITION_SHAPE('Placement','Placement of an item',
  #9414);
#9414 = NEXT_ASSEMBLY_USAGE_OCCURRENCE('1','','',#5,#31,$);
#9415 = PRODUCT_RELATED_PRODUCT_CATEGORY('part',$,(#33));
#9416 = SHAPE_DEFINITION_REPRESENTATION(#9417,#9423);
#9417 = PRODUCT_DEFINITION_SHAPE('','',#9418);
#9418 = PRODUCT_DEFINITION('design','',#9419,#9422);
#9419 = PRODUCT_DEFINITION_FORMATION('','',#9420);
#9420 = PRODUCT('Open CASCADE STEP translator 7.9 1.2',
  'Open CASCADE STEP translator 7.9 1.2','',(#9421));
#9421 = PRODUCT_CONTEXT('',#2,'mechanical');
#9422 = PRODUCT_DEFINITION_CONTEXT('part definition',#2,'design');
#9423 = ADVANCED_BREP_SHAPE_REPRESENTATION('',(#11,#9424),#10274);
#9424 = MANIFOLD_SOLID_BREP('',#9425);
#9425 = CLOSED_SHELL('',(#9426,#9546,#9782,#9857,#9906,#9954,#9982,
    #10036,#10090,#10144,#10198,#10252));
#9426 = ADVANCED_FACE('',(#9427),#9441,.T.);
#9427 = FACE_BOUND('',#9428,.T.);
#9428 = EDGE_LOOP('',(#9429,#9464,#9492,#9520));
#9429 = ORIENTED_EDGE('',*,*,#9430,.T.);
#9430 = EDGE_CURVE('',#9431,#9433,#9435,.T.);
#9431 = VERTEX_POINT('',#9432);
#9432 = CARTESIAN_POINT('',(15.,-9.,37.8));
#9433 = VERTEX_POINT('',#9434);
#9434 = CARTESIAN_POINT('',(15.,9.,37.8));
#9435 = SURFACE_CURVE('',#9436,(#9440,#9452),.PCURVE_S1.);
#9436 = LINE('',#9437,#9438);
#9437 = CARTESIAN_POINT('',(15.,-9.,37.8));
#9438 = VECTOR('',#9439,1.);
#9439 = DIRECTION('',(0.,1.,0.));
#9440 = PCURVE('',#9441,#9446);
#9441 = PLANE('',#9442);
#9442 = AXIS2_PLACEMENT_3D('',#9443,#9444,#9445);
#9443 = CARTESIAN_POINT('',(15.,-9.,37.8));
#9444 = DIRECTION('',(-0.31215328897,-0.,-0.95003174904));
#9445 = DIRECTION('',(0.95003174904,0.,-0.31215328897));
#9446 = DEFINITIONAL_REPRESENTATION('',(#9447),#9451);
#9447 = LINE('',#9448,#9449);
#9448 = CARTESIAN_POINT('',(0.,0.));
#9449 = VECTOR('',#9450,1.);
#9450 = DIRECTION('',(0.,-1.));
#9451 = ( GEOMETRIC_REPRESENTATION_CONTEXT(2) 
PARAMETRIC_REPRESENTATION_CONTEXT() REPRESENTATION_CONTEXT('2D SPACE',''
  ) );
#9452 = PCURVE('',#9453,#9458);
#9453 = PLANE('',#9454);
#9454 = AXIS2_PLACEMENT_3D('',#9455,#9456,#9457);
#9455 = CARTESIAN_POINT('',(10.,-9.,37.8));
#9456 = DIRECTION('',(0.,0.,-1.));
#9457 = DIRECTION('',(1.,0.,0.));
#9458 = DEFINITIONAL_REPRESENTATION('',(#9459),#9463);
#9459 = LINE('',#9460,#9461);
#9460 = CARTESIAN_POINT('',(5.,0.));
#9461 = VECTOR('',#9462,1.);
#9462 = DIRECTION('',(0.,-1.));
#9463 = ( GEOMETRIC_REPRESENTATION_CONTEXT(2) 
PARAMETRIC_REPRESENTATION_CONTEXT() REPRESENTATION_CONTEXT('2D SPACE',''
  ) );
#9464 = ORIENTED_EDGE('',*,*,#9465,.T.);
#9465 = EDGE_CURVE('',#9433,#9466,#9468,.T.);
#9466 = VERTEX_POINT('',#9467);
#9467 = CARTESIAN_POINT('',(22.,9.,35.5));
#9468 = SURFACE_CURVE('',#9469,(#9473,#9480),.PCURVE_S1.);
#9469 = LINE('',#9470,#9471);
#9470 = CARTESIAN_POINT('',(15.,9.,37.8));
#9471 = VECTOR('',#9472,1.);
#9472 = DIRECTION('',(0.95003174904,0.,-0.31215328897));
#9473 = PCURVE('',#9441,#9474);
#9474 = DEFINITIONAL_REPRESENTATION('',(#9475),#9479);
#9475 = LINE('',#9476,#9477);
#9476 = CARTESIAN_POINT('',(0.,-18.));
#9477 = VECTOR('',#9478,1.);
#9478 = DIRECTION('',(1.,0.));
#9479 = ( GEOMETRIC_REPRESENTATION_CONTEXT(2) 
PARAMETRIC_REPRESENTATION_CONTEXT() REPRESENTATION_CONTEXT('2D SPACE',''
  ) );
#9480 = PCURVE('',#9481,#9486);
#9481 = PLANE('',#9482);
#9482 = AXIS2_PLACEMENT_3D('',#9483,#9484,#9485);
#9483 = CARTESIAN_POINT('',(16.424609518711,9.,39.32536437998));
#9484 = DIRECTION('',(-0.,-1.,-0.));
#9485 = DIRECTION('',(0.,0.,-1.));
#9486 = DEFINITIONAL_REPRESENTATION('',(#9487),#9491);
#9487 = LINE('',#9488,#9489);
#9488 = CARTESIAN_POINT('',(1.52536437998,-1.424609518711));
#9489 = VECTOR('',#9490,1.);
#9490 = DIRECTION('',(0.31215328897,0.95003174904));
#9491 = ( GEOMETRIC_REPRESENTATION_CONTEXT(2) 
PARAMETRIC_REPRESENTATION_CONTEXT() REPRESENTATION_CONTEXT('2D SPACE',''
  ) );
#9492 = ORIENTED_EDGE('',*,*,#9493,.F.);
#9493 = EDGE_CURVE('',#9494,#9466,#9496,.T.);
#9494 = VERTEX_POINT('',#9495);
#9495 = CARTESIAN_POINT('',(22.,-9.,35.5));
#9496 = SURFACE_CURVE('',#9497,(#9501,#9508),.PCURVE_S1.);
#9497 = LINE('',#9498,#9499);
#9498 = CARTESIAN_POINT('',(22.,-9.,35.5));
#9499 = VECTOR('',#9500,1.);
#9500 = DIRECTION('',(-0.,1.,-0.));
#9501 = PCURVE('',#9441,#9502);
#9502 = DEFINITIONAL_REPRESENTATION('',(#9503),#9507);
#9503 = LINE('',#9504,#9505);
#9504 = CARTESIAN_POINT('',(7.368174807915,0.));
#9505 = VECTOR('',#9506,1.);
#9506 = DIRECTION('',(0.,-1.));
#9507 = ( GEOMETRIC_REPRESENTATION_CONTEXT(2) 
PARAMETRIC_REPRESENTATION_CONTEXT() REPRESENTATION_CONTEXT('2D SPACE',''
  ) );
#9508 = PCURVE('',#9509,#9514);
#9509 = PLANE('',#9510);
#9510 = AXIS2_PLACEMENT_3D('',#9511,#9512,#9513);
#9511 = CARTESIAN_POINT('',(22.,-9.,35.5));
#9512 = DIRECTION('',(1.,0.,-0.));
#9513 = DIRECTION('',(0.,0.,1.));
#9514 = DEFINITIONAL_REPRESENTATION('',(#9515),#9519);
#9515 = LINE('',#9516,#9517);
#9516 = CARTESIAN_POINT('',(0.,0.));
#9517 = VECTOR('',#9518,1.);
#9518 = DIRECTION('',(0.,-1.));
#9519 = ( GEOMETRIC_REPRESENTATION_CONTEXT(2) 
PARAMETRIC_REPRESENTATION_CONTEXT() REPRESENTATION_CONTEXT('2D SPACE',''
  ) );
#9520 = ORIENTED_EDGE('',*,*,#9521,.F.);
#9521 = EDGE_CURVE('',#9431,#9494,#9522,.T.);
#9522 = SURFACE_CURVE('',#9523,(#9527,#9534),.PCURVE_S1.);
#9523 = LINE('',#9524,#9525);
#9524 = CARTESIAN_POINT('',(15.,-9.,37.8));
#9525 = VECTOR('',#9526,1.);
#9526 = DIRECTION('',(0.95003174904,0.,-0.31215328897));
#9527 = PCURVE('',#9441,#9528);
#9528 = DEFINITIONAL_REPRESENTATION('',(#9529),#9533);
#9529 = LINE('',#9530,#9531);
#9530 = CARTESIAN_POINT('',(0.,0.));
#9531 = VECTOR('',#9532,1.);
#9532 = DIRECTION('',(1.,0.));
#9533 = ( GEOMETRIC_REPRESENTATION_CONTEXT(2) 
PARAMETRIC_REPRESENTATION_CONTEXT() REPRESENTATION_CONTEXT('2D SPACE',''
  ) );
#9534 = PCURVE('',#9535,#9540);
#9535 = PLANE('',#9536);
#9536 = AXIS2_PLACEMENT_3D('',#9537,#9538,#9539);
#9537 = CARTESIAN_POINT('',(16.424609518711,-9.,39.32536437998));
#9538 = DIRECTION('',(-0.,-1.,-0.));
#9539 = DIRECTION('',(0.,0.,-1.));
#9540 = DEFINITIONAL_REPRESENTATION('',(#9541),#9545);
#9541 = LINE('',#9542,#9543);
#9542 = CARTESIAN_POINT('',(1.52536437998,-1.424609518711));
#9543 = VECTOR('',#9544,1.);
#9544 = DIRECTION('',(0.31215328897,0.95003174904));
#9545 = ( GEOMETRIC_REPRESENTATION_CONTEXT(2) 
PARAMETRIC_REPRESENTATION_CONTEXT() REPRESENTATION_CONTEXT('2D SPACE',''
  ) );
#9546 = ADVANCED_FACE('',(#9547,#9627,#9658,#9689,#9720,#9751),#9453,.T.
  );
#9547 = FACE_BOUND('',#9548,.T.);
#9548 = EDGE_LOOP('',(#9549,#9572,#9605,#9626));
#9549 = ORIENTED_EDGE('',*,*,#9550,.F.);
#9550 = EDGE_CURVE('',#9551,#9431,#9553,.T.);
#9551 = VERTEX_POINT('',#9552);
#9552 = CARTESIAN_POINT('',(12.,-9.,37.8));
#9553 = SURFACE_CURVE('',#9554,(#9558,#9565),.PCURVE_S1.);
#9554 = LINE('',#9555,#9556);
#9555 = CARTESIAN_POINT('',(10.,-9.,37.8));
#9556 = VECTOR('',#9557,1.);
#9557 = DIRECTION('',(1.,0.,0.));
#9558 = PCURVE('',#9453,#9559);
#9559 = DEFINITIONAL_REPRESENTATION('',(#9560),#9564);
#9560 = LINE('',#9561,#9562);
#9561 = CARTESIAN_POINT('',(0.,0.));
#9562 = VECTOR('',#9563,1.);
#9563 = DIRECTION('',(1.,0.));
#9564 = ( GEOMETRIC_REPRESENTATION_CONTEXT(2) 
PARAMETRIC_REPRESENTATION_CONTEXT() REPRESENTATION_CONTEXT('2D SPACE',''
  ) );
#9565 = PCURVE('',#9535,#9566);
#9566 = DEFINITIONAL_REPRESENTATION('',(#9567),#9571);
#9567 = LINE('',#9568,#9569);
#9568 = CARTESIAN_POINT('',(1.52536437998,-6.424609518711));
#9569 = VECTOR('',#9570,1.);
#9570 = DIRECTION('',(0.,1.));
#9571 = ( GEOMETRIC_REPRESENTATION_CONTEXT(2) 
PARAMETRIC_REPRESENTATION_CONTEXT() REPRESENTATION_CONTEXT('2D SPACE',''
  ) );
#9572 = ORIENTED_EDGE('',*,*,#9573,.F.);
#9573 = EDGE_CURVE('',#9574,#9551,#9576,.T.);
#9574 = VERTEX_POINT('',#9575);
#9575 = CARTESIAN_POINT('',(12.,9.,37.8));
#9576 = SURFACE_CURVE('',#9577,(#9582,#9593),.PCURVE_S1.);
#9577 = CIRCLE('',#9578,15.);
#9578 = AXIS2_PLACEMENT_3D('',#9579,#9580,#9581);
#9579 = CARTESIAN_POINT('',(0.,0.,37.8));
#9580 = DIRECTION('',(0.,0.,1.));
#9581 = DIRECTION('',(1.,0.,0.));
#9582 = PCURVE('',#9453,#9583);
#9583 = DEFINITIONAL_REPRESENTATION('',(#9584),#9592);
#9584 = ( BOUNDED_CURVE() B_SPLINE_CURVE(2,(#9585,#9586,#9587,#9588,
#9589,#9590,#9591),.UNSPECIFIED.,.T.,.F.) B_SPLINE_CURVE_WITH_KNOTS((1,2
    ,2,2,2,1),(-2.094395102393,0.,2.094395102393,4.188790204786,
6.28318530718,8.377580409573),.UNSPECIFIED.) CURVE() 
GEOMETRIC_REPRESENTATION_ITEM() RATIONAL_B_SPLINE_CURVE((1.,0.5,1.,0.5,
1.,0.5,1.)) REPRESENTATION_ITEM('') );
#9585 = CARTESIAN_POINT('',(5.,-9.));
#9586 = CARTESIAN_POINT('',(5.,-34.98076211353));
#9587 = CARTESIAN_POINT('',(-17.5,-21.99038105676));
#9588 = CARTESIAN_POINT('',(-40.,-9.));
#9589 = CARTESIAN_POINT('',(-17.5,3.990381056767));
#9590 = CARTESIAN_POINT('',(5.,16.980762113533));
#9591 = CARTESIAN_POINT('',(5.,-9.));
#9592 = ( GEOMETRIC_REPRESENTATION_CONTEXT(2) 
PARAMETRIC_REPRESENTATION_CONTEXT() REPRESENTATION_CONTEXT('2D SPACE',''
  ) );
#9593 = PCURVE('',#9594,#9599);
#9594 = CYLINDRICAL_SURFACE('',#9595,15.);
#9595 = AXIS2_PLACEMENT_3D('',#9596,#9597,#9598);
#9596 = CARTESIAN_POINT('',(0.,0.,37.8));
#9597 = DIRECTION('',(-0.,-0.,-1.));
#9598 = DIRECTION('',(1.,0.,0.));
#9599 = DEFINITIONAL_REPRESENTATION('',(#9600),#9604);
#9600 = LINE('',#9601,#9602);
#9601 = CARTESIAN_POINT('',(-0.,0.));
#9602 = VECTOR('',#9603,1.);
#9603 = DIRECTION('',(-1.,0.));
#9604 = ( GEOMETRIC_REPRESENTATION_CONTEXT(2) 
PARAMETRIC_REPRESENTATION_CONTEXT() REPRESENTATION_CONTEXT('2D SPACE',''
  ) );
#9605 = ORIENTED_EDGE('',*,*,#9606,.T.);
#9606 = EDGE_CURVE('',#9574,#9433,#9607,.T.);
#9607 = SURFACE_CURVE('',#9608,(#9612,#9619),.PCURVE_S1.);
#9608 = LINE('',#9609,#9610);
#9609 = CARTESIAN_POINT('',(10.,9.,37.8));
#9610 = VECTOR('',#9611,1.);
#9611 = DIRECTION('',(1.,0.,0.));
#9612 = PCURVE('',#9453,#9613);
#9613 = DEFINITIONAL_REPRESENTATION('',(#9614),#9618);
#9614 = LINE('',#9615,#9616);
#9615 = CARTESIAN_POINT('',(0.,-18.));
#9616 = VECTOR('',#9617,1.);
#9617 = DIRECTION('',(1.,0.));
#9618 = ( GEOMETRIC_REPRESENTATION_CONTEXT(2) 
PARAMETRIC_REPRESENTATION_CONTEXT() REPRESENTATION_CONTEXT('2D SPACE',''
  ) );
#9619 = PCURVE('',#9481,#9620);
#9620 = DEFINITIONAL_REPRESENTATION('',(#9621),#9625);
#9621 = LINE('',#9622,#9623);
#9622 = CARTESIAN_POINT('',(1.52536437998,-6.424609518711));
#9623 = VECTOR('',#9624,1.);
#9624 = DIRECTION('',(0.,1.));
#9625 = ( GEOMETRIC_REPRESENTATION_CONTEXT(2) 
PARAMETRIC_REPRESENTATION_CONTEXT() REPRESENTATION_CONTEXT('2D SPACE',''
  ) );
#9626 = ORIENTED_EDGE('',*,*,#9430,.F.);
#9627 = FACE_BOUND('',#9628,.T.);
#9628 = EDGE_LOOP('',(#9629));
#9629 = ORIENTED_EDGE('',*,*,#9630,.F.);
#9630 = EDGE_CURVE('',#9631,#9631,#9633,.T.);
#9631 = VERTEX_POINT('',#9632);
#9632 = CARTESIAN_POINT('',(1.35,7.,37.8));
#9633 = SURFACE_CURVE('',#9634,(#9639,#9646),.PCURVE_S1.);
#9634 = CIRCLE('',#9635,1.35);
#9635 = AXIS2_PLACEMENT_3D('',#9636,#9637,#9638);
#9636 = CARTESIAN_POINT('',(4.286263797016E-16,7.,37.8));
#9637 = DIRECTION('',(0.,0.,-1.));
#9638 = DIRECTION('',(1.,0.,0.));
#9639 = PCURVE('',#9453,#9640);
#9640 = DEFINITIONAL_REPRESENTATION('',(#9641),#9645);
#9641 = CIRCLE('',#9642,1.35);
#9642 = AXIS2_PLACEMENT_2D('',#9643,#9644);
#9643 = CARTESIAN_POINT('',(-10.,-16.));
#9644 = DIRECTION('',(1.,0.));
#9645 = ( GEOMETRIC_REPRESENTATION_CONTEXT(2) 
PARAMETRIC_REPRESENTATION_CONTEXT() REPRESENTATION_CONTEXT('2D SPACE',''
  ) );
#9646 = PCURVE('',#9647,#9652);
#9647 = CYLINDRICAL_SURFACE('',#9648,1.35);
#9648 = AXIS2_PLACEMENT_3D('',#9649,#9650,#9651);
#9649 = CARTESIAN_POINT('',(4.286263797016E-16,7.,-10.));
#9650 = DIRECTION('',(-0.,-0.,-1.));
#9651 = DIRECTION('',(1.,0.,0.));
#9652 = DEFINITIONAL_REPRESENTATION('',(#9653),#9657);
#9653 = LINE('',#9654,#9655);
#9654 = CARTESIAN_POINT('',(-6.28318530718,-47.8));
#9655 = VECTOR('',#9656,1.);
#9656 = DIRECTION('',(1.,-0.));
#9657 = ( GEOMETRIC_REPRESENTATION_CONTEXT(2) 
PARAMETRIC_REPRESENTATION_CONTEXT() REPRESENTATION_CONTEXT('2D SPACE',''
  ) );
#9658 = FACE_BOUND('',#9659,.T.);
#9659 = EDGE_LOOP('',(#9660));
#9660 = ORIENTED_EDGE('',*,*,#9661,.F.);
#9661 = EDGE_CURVE('',#9662,#9662,#9664,.T.);
#9662 = VERTEX_POINT('',#9663);
#9663 = CARTESIAN_POINT('',(-5.65,8.572527594031E-16,37.8));
#9664 = SURFACE_CURVE('',#9665,(#9670,#9677),.PCURVE_S1.);
#9665 = CIRCLE('',#9666,1.35);
#9666 = AXIS2_PLACEMENT_3D('',#9667,#9668,#9669);
#9667 = CARTESIAN_POINT('',(-7.,8.572527594031E-16,37.8));
#9668 = DIRECTION('',(0.,0.,-1.));
#9669 = DIRECTION('',(1.,0.,0.));
#9670 = PCURVE('',#9453,#9671);
#9671 = DEFINITIONAL_REPRESENTATION('',(#9672),#9676);
#9672 = CIRCLE('',#9673,1.35);
#9673 = AXIS2_PLACEMENT_2D('',#9674,#9675);
#9674 = CARTESIAN_POINT('',(-17.,-9.));
#9675 = DIRECTION('',(1.,0.));
#9676 = ( GEOMETRIC_REPRESENTATION_CONTEXT(2) 
PARAMETRIC_REPRESENTATION_CONTEXT() REPRESENTATION_CONTEXT('2D SPACE',''
  ) );
#9677 = PCURVE('',#9678,#9683);
#9678 = CYLINDRICAL_SURFACE('',#9679,1.35);
#9679 = AXIS2_PLACEMENT_3D('',#9680,#9681,#9682);
#9680 = CARTESIAN_POINT('',(-7.,8.572527594031E-16,-10.));
#9681 = DIRECTION('',(-0.,-0.,-1.));
#9682 = DIRECTION('',(1.,0.,0.));
#9683 = DEFINITIONAL_REPRESENTATION('',(#9684),#9688);
#9684 = LINE('',#9685,#9686);
#9685 = CARTESIAN_POINT('',(-6.28318530718,-47.8));
#9686 = VECTOR('',#9687,1.);
#9687 = DIRECTION('',(1.,-0.));
#9688 = ( GEOMETRIC_REPRESENTATION_CONTEXT(2) 
PARAMETRIC_REPRESENTATION_CONTEXT() REPRESENTATION_CONTEXT('2D SPACE',''
  ) );
#9689 = FACE_BOUND('',#9690,.T.);
#9690 = EDGE_LOOP('',(#9691));
#9691 = ORIENTED_EDGE('',*,*,#9692,.F.);
#9692 = EDGE_CURVE('',#9693,#9693,#9695,.T.);
#9693 = VERTEX_POINT('',#9694);
#9694 = CARTESIAN_POINT('',(1.35,-7.,37.8));
#9695 = SURFACE_CURVE('',#9696,(#9701,#9708),.PCURVE_S1.);
#9696 = CIRCLE('',#9697,1.35);
#9697 = AXIS2_PLACEMENT_3D('',#9698,#9699,#9700);
#9698 = CARTESIAN_POINT('',(-1.285879139105E-15,-7.,37.8));
#9699 = DIRECTION('',(0.,0.,-1.));
#9700 = DIRECTION('',(1.,0.,0.));
#9701 = PCURVE('',#9453,#9702);
#9702 = DEFINITIONAL_REPRESENTATION('',(#9703),#9707);
#9703 = CIRCLE('',#9704,1.35);
#9704 = AXIS2_PLACEMENT_2D('',#9705,#9706);
#9705 = CARTESIAN_POINT('',(-10.,-2.));
#9706 = DIRECTION('',(1.,0.));
#9707 = ( GEOMETRIC_REPRESENTATION_CONTEXT(2) 
PARAMETRIC_REPRESENTATION_CONTEXT() REPRESENTATION_CONTEXT('2D SPACE',''
  ) );
#9708 = PCURVE('',#9709,#9714);
#9709 = CYLINDRICAL_SURFACE('',#9710,1.35);
#9710 = AXIS2_PLACEMENT_3D('',#9711,#9712,#9713);
#9711 = CARTESIAN_POINT('',(-1.285879139105E-15,-7.,-10.));
#9712 = DIRECTION('',(-0.,-0.,-1.));
#9713 = DIRECTION('',(1.,0.,0.));
#9714 = DEFINITIONAL_REPRESENTATION('',(#9715),#9719);
#9715 = LINE('',#9716,#9717);
#9716 = CARTESIAN_POINT('',(-6.28318530718,-47.8));
#9717 = VECTOR('',#9718,1.);
#9718 = DIRECTION('',(1.,-0.));
#9719 = ( GEOMETRIC_REPRESENTATION_CONTEXT(2) 
PARAMETRIC_REPRESENTATION_CONTEXT() REPRESENTATION_CONTEXT('2D SPACE',''
  ) );
#9720 = FACE_BOUND('',#9721,.T.);
#9721 = EDGE_LOOP('',(#9722));
#9722 = ORIENTED_EDGE('',*,*,#9723,.F.);
#9723 = EDGE_CURVE('',#9724,#9724,#9726,.T.);
#9724 = VERTEX_POINT('',#9725);
#9725 = CARTESIAN_POINT('',(4.,0.,37.8));
#9726 = SURFACE_CURVE('',#9727,(#9732,#9739),.PCURVE_S1.);
#9727 = CIRCLE('',#9728,4.);
#9728 = AXIS2_PLACEMENT_3D('',#9729,#9730,#9731);
#9729 = CARTESIAN_POINT('',(0.,0.,37.8));
#9730 = DIRECTION('',(0.,0.,-1.));
#9731 = DIRECTION('',(1.,0.,0.));
#9732 = PCURVE('',#9453,#9733);
#9733 = DEFINITIONAL_REPRESENTATION('',(#9734),#9738);
#9734 = CIRCLE('',#9735,4.);
#9735 = AXIS2_PLACEMENT_2D('',#9736,#9737);
#9736 = CARTESIAN_POINT('',(-10.,-9.));
#9737 = DIRECTION('',(1.,0.));
#9738 = ( GEOMETRIC_REPRESENTATION_CONTEXT(2) 
PARAMETRIC_REPRESENTATION_CONTEXT() REPRESENTATION_CONTEXT('2D SPACE',''
  ) );
#9739 = PCURVE('',#9740,#9745);
#9740 = CYLINDRICAL_SURFACE('',#9741,4.);
#9741 = AXIS2_PLACEMENT_3D('',#9742,#9743,#9744);
#9742 = CARTESIAN_POINT('',(0.,0.,-10.));
#9743 = DIRECTION('',(-0.,-0.,-1.));
#9744 = DIRECTION('',(1.,0.,0.));
#9745 = DEFINITIONAL_REPRESENTATION('',(#9746),#9750);
#9746 = LINE('',#9747,#9748);
#9747 = CARTESIAN_POINT('',(-6.28318530718,-47.8));
#9748 = VECTOR('',#9749,1.);
#9749 = DIRECTION('',(1.,-0.));
#9750 = ( GEOMETRIC_REPRESENTATION_CONTEXT(2) 
PARAMETRIC_REPRESENTATION_CONTEXT() REPRESENTATION_CONTEXT('2D SPACE',''
  ) );
#9751 = FACE_BOUND('',#9752,.T.);
#9752 = EDGE_LOOP('',(#9753));
#9753 = ORIENTED_EDGE('',*,*,#9754,.F.);
#9754 = EDGE_CURVE('',#9755,#9755,#9757,.T.);
#9755 = VERTEX_POINT('',#9756);
#9756 = CARTESIAN_POINT('',(8.35,0.,37.8));
#9757 = SURFACE_CURVE('',#9758,(#9763,#9770),.PCURVE_S1.);
#9758 = CIRCLE('',#9759,1.35);
#9759 = AXIS2_PLACEMENT_3D('',#9760,#9761,#9762);
#9760 = CARTESIAN_POINT('',(7.,0.,37.8));
#9761 = DIRECTION('',(0.,0.,-1.));
#9762 = DIRECTION('',(1.,0.,0.));
#9763 = PCURVE('',#9453,#9764);
#9764 = DEFINITIONAL_REPRESENTATION('',(#9765),#9769);
#9765 = CIRCLE('',#9766,1.35);
#9766 = AXIS2_PLACEMENT_2D('',#9767,#9768);
#9767 = CARTESIAN_POINT('',(-3.,-9.));
#9768 = DIRECTION('',(1.,0.));
#9769 = ( GEOMETRIC_REPRESENTATION_CONTEXT(2) 
PARAMETRIC_REPRESENTATION_CONTEXT() REPRESENTATION_CONTEXT('2D SPACE',''
  ) );
#9770 = PCURVE('',#9771,#9776);
#9771 = CYLINDRICAL_SURFACE('',#9772,1.35);
#9772 = AXIS2_PLACEMENT_3D('',#9773,#9774,#9775);
#9773 = CARTESIAN_POINT('',(7.,0.,-10.));
#9774 = DIRECTION('',(-0.,-0.,-1.));
#9775 = DIRECTION('',(1.,0.,0.));
#9776 = DEFINITIONAL_REPRESENTATION('',(#9777),#9781);
#9777 = LINE('',#9778,#9779);
#9778 = CARTESIAN_POINT('',(-6.28318530718,-47.8));
#9779 = VECTOR('',#9780,1.);
#9780 = DIRECTION('',(1.,-0.));
#9781 = ( GEOMETRIC_REPRESENTATION_CONTEXT(2) 
PARAMETRIC_REPRESENTATION_CONTEXT() REPRESENTATION_CONTEXT('2D SPACE',''
  ) );
#9782 = ADVANCED_FACE('',(#9783),#9481,.F.);
#9783 = FACE_BOUND('',#9784,.F.);
#9784 = EDGE_LOOP('',(#9785,#9806,#9807,#9808,#9831));
#9785 = ORIENTED_EDGE('',*,*,#9786,.T.);
#9786 = EDGE_CURVE('',#9787,#9574,#9789,.T.);
#9787 = VERTEX_POINT('',#9788);
#9788 = CARTESIAN_POINT('',(12.,9.,41.8));
#9789 = SURFACE_CURVE('',#9790,(#9794,#9800),.PCURVE_S1.);
#9790 = LINE('',#9791,#9792);
#9791 = CARTESIAN_POINT('',(12.,9.,37.8));
#9792 = VECTOR('',#9793,1.);
#9793 = DIRECTION('',(-0.,-0.,-1.));
#9794 = PCURVE('',#9481,#9795);
#9795 = DEFINITIONAL_REPRESENTATION('',(#9796),#9799);
#9796 = B_SPLINE_CURVE_WITH_KNOTS('',1,(#9797,#9798),.UNSPECIFIED.,.F.,
  .F.,(2,2),(-4.0000006,5.999999999062E-07),.PIECEWISE_BEZIER_KNOTS.);
#9797 = CARTESIAN_POINT('',(-2.47463622002,-4.424609518711));
#9798 = CARTESIAN_POINT('',(1.52536497998,-4.424609518711));
#9799 = ( GEOMETRIC_REPRESENTATION_CONTEXT(2) 
PARAMETRIC_REPRESENTATION_CONTEXT() REPRESENTATION_CONTEXT('2D SPACE',''
  ) );
#9800 = PCURVE('',#9594,#9801);
#9801 = DEFINITIONAL_REPRESENTATION('',(#9802),#9805);
#9802 = B_SPLINE_CURVE_WITH_KNOTS('',1,(#9803,#9804),.UNSPECIFIED.,.F.,
  .F.,(2,2),(-4.0000006,5.999999999062E-07),.PIECEWISE_BEZIER_KNOTS.);
#9803 = CARTESIAN_POINT('',(-0.643501108793,-4.0000006));
#9804 = CARTESIAN_POINT('',(-0.643501108793,5.999999999062E-07));
#9805 = ( GEOMETRIC_REPRESENTATION_CONTEXT(2) 
PARAMETRIC_REPRESENTATION_CONTEXT() REPRESENTATION_CONTEXT('2D SPACE',''
  ) );
#9806 = ORIENTED_EDGE('',*,*,#9606,.T.);
#9807 = ORIENTED_EDGE('',*,*,#9465,.T.);
#9808 = ORIENTED_EDGE('',*,*,#9809,.T.);
#9809 = EDGE_CURVE('',#9466,#9810,#9812,.T.);
#9810 = VERTEX_POINT('',#9811);
#9811 = CARTESIAN_POINT('',(22.,9.,41.8));
#9812 = SURFACE_CURVE('',#9813,(#9817,#9824),.PCURVE_S1.);
#9813 = LINE('',#9814,#9815);
#9814 = CARTESIAN_POINT('',(22.,9.,35.5));
#9815 = VECTOR('',#9816,1.);
#9816 = DIRECTION('',(0.,0.,1.));
#9817 = PCURVE('',#9481,#9818);
#9818 = DEFINITIONAL_REPRESENTATION('',(#9819),#9823);
#9819 = LINE('',#9820,#9821);
#9820 = CARTESIAN_POINT('',(3.82536437998,5.575390481289));
#9821 = VECTOR('',#9822,1.);
#9822 = DIRECTION('',(-1.,0.));
#9823 = ( GEOMETRIC_REPRESENTATION_CONTEXT(2) 
PARAMETRIC_REPRESENTATION_CONTEXT() REPRESENTATION_CONTEXT('2D SPACE',''
  ) );
#9824 = PCURVE('',#9509,#9825);
#9825 = DEFINITIONAL_REPRESENTATION('',(#9826),#9830);
#9826 = LINE('',#9827,#9828);
#9827 = CARTESIAN_POINT('',(0.,-18.));
#9828 = VECTOR('',#9829,1.);
#9829 = DIRECTION('',(1.,0.));
#9830 = ( GEOMETRIC_REPRESENTATION_CONTEXT(2) 
PARAMETRIC_REPRESENTATION_CONTEXT() REPRESENTATION_CONTEXT('2D SPACE',''
  ) );
#9831 = ORIENTED_EDGE('',*,*,#9832,.T.);
#9832 = EDGE_CURVE('',#9810,#9787,#9833,.T.);
#9833 = SURFACE_CURVE('',#9834,(#9838,#9845),.PCURVE_S1.);
#9834 = LINE('',#9835,#9836);
#9835 = CARTESIAN_POINT('',(22.,9.,41.8));
#9836 = VECTOR('',#9837,1.);
#9837 = DIRECTION('',(-1.,0.,0.));
#9838 = PCURVE('',#9481,#9839);
#9839 = DEFINITIONAL_REPRESENTATION('',(#9840),#9844);
#9840 = LINE('',#9841,#9842);
#9841 = CARTESIAN_POINT('',(-2.47463562002,5.575390481289));
#9842 = VECTOR('',#9843,1.);
#9843 = DIRECTION('',(0.,-1.));
#9844 = ( GEOMETRIC_REPRESENTATION_CONTEXT(2) 
PARAMETRIC_REPRESENTATION_CONTEXT() REPRESENTATION_CONTEXT('2D SPACE',''
  ) );
#9845 = PCURVE('',#9846,#9851);
#9846 = PLANE('',#9847);
#9847 = AXIS2_PLACEMENT_3D('',#9848,#9849,#9850);
#9848 = CARTESIAN_POINT('',(22.,-9.,41.8));
#9849 = DIRECTION('',(0.,0.,1.));
#9850 = DIRECTION('',(-1.,0.,0.));
#9851 = DEFINITIONAL_REPRESENTATION('',(#9852),#9856);
#9852 = LINE('',#9853,#9854);
#9853 = CARTESIAN_POINT('',(0.,-18.));
#9854 = VECTOR('',#9855,1.);
#9855 = DIRECTION('',(1.,0.));
#9856 = ( GEOMETRIC_REPRESENTATION_CONTEXT(2) 
PARAMETRIC_REPRESENTATION_CONTEXT() REPRESENTATION_CONTEXT('2D SPACE',''
  ) );
#9857 = ADVANCED_FACE('',(#9858),#9509,.T.);
#9858 = FACE_BOUND('',#9859,.T.);
#9859 = EDGE_LOOP('',(#9860,#9861,#9862,#9885));
#9860 = ORIENTED_EDGE('',*,*,#9493,.T.);
#9861 = ORIENTED_EDGE('',*,*,#9809,.T.);
#9862 = ORIENTED_EDGE('',*,*,#9863,.F.);
#9863 = EDGE_CURVE('',#9864,#9810,#9866,.T.);
#9864 = VERTEX_POINT('',#9865);
#9865 = CARTESIAN_POINT('',(22.,-9.,41.8));
#9866 = SURFACE_CURVE('',#9867,(#9871,#9878),.PCURVE_S1.);
#9867 = LINE('',#9868,#9869);
#9868 = CARTESIAN_POINT('',(22.,-9.,41.8));
#9869 = VECTOR('',#9870,1.);
#9870 = DIRECTION('',(-0.,1.,-0.));
#9871 = PCURVE('',#9509,#9872);
#9872 = DEFINITIONAL_REPRESENTATION('',(#9873),#9877);
#9873 = LINE('',#9874,#9875);
#9874 = CARTESIAN_POINT('',(6.3,0.));
#9875 = VECTOR('',#9876,1.);
#9876 = DIRECTION('',(0.,-1.));
#9877 = ( GEOMETRIC_REPRESENTATION_CONTEXT(2) 
PARAMETRIC_REPRESENTATION_CONTEXT() REPRESENTATION_CONTEXT('2D SPACE',''
  ) );
#9878 = PCURVE('',#9846,#9879);
#9879 = DEFINITIONAL_REPRESENTATION('',(#9880),#9884);
#9880 = LINE('',#9881,#9882);
#9881 = CARTESIAN_POINT('',(0.,0.));
#9882 = VECTOR('',#9883,1.);
#9883 = DIRECTION('',(0.,-1.));
#9884 = ( GEOMETRIC_REPRESENTATION_CONTEXT(2) 
PARAMETRIC_REPRESENTATION_CONTEXT() REPRESENTATION_CONTEXT('2D SPACE',''
  ) );
#9885 = ORIENTED_EDGE('',*,*,#9886,.F.);
#9886 = EDGE_CURVE('',#9494,#9864,#9887,.T.);
#9887 = SURFACE_CURVE('',#9888,(#9892,#9899),.PCURVE_S1.);
#9888 = LINE('',#9889,#9890);
#9889 = CARTESIAN_POINT('',(22.,-9.,35.5));
#9890 = VECTOR('',#9891,1.);
#9891 = DIRECTION('',(0.,0.,1.));
#9892 = PCURVE('',#9509,#9893);
#9893 = DEFINITIONAL_REPRESENTATION('',(#9894),#9898);
#9894 = LINE('',#9895,#9896);
#9895 = CARTESIAN_POINT('',(0.,0.));
#9896 = VECTOR('',#9897,1.);
#9897 = DIRECTION('',(1.,0.));
#9898 = ( GEOMETRIC_REPRESENTATION_CONTEXT(2) 
PARAMETRIC_REPRESENTATION_CONTEXT() REPRESENTATION_CONTEXT('2D SPACE',''
  ) );
#9899 = PCURVE('',#9535,#9900);
#9900 = DEFINITIONAL_REPRESENTATION('',(#9901),#9905);
#9901 = LINE('',#9902,#9903);
#9902 = CARTESIAN_POINT('',(3.82536437998,5.575390481289));
#9903 = VECTOR('',#9904,1.);
#9904 = DIRECTION('',(-1.,0.));
#9905 = ( GEOMETRIC_REPRESENTATION_CONTEXT(2) 
PARAMETRIC_REPRESENTATION_CONTEXT() REPRESENTATION_CONTEXT('2D SPACE',''
  ) );
#9906 = ADVANCED_FACE('',(#9907),#9535,.T.);
#9907 = FACE_BOUND('',#9908,.T.);
#9908 = EDGE_LOOP('',(#9909,#9930,#9931,#9932,#9933));
#9909 = ORIENTED_EDGE('',*,*,#9910,.T.);
#9910 = EDGE_CURVE('',#9911,#9551,#9913,.T.);
#9911 = VERTEX_POINT('',#9912);
#9912 = CARTESIAN_POINT('',(12.,-9.,41.8));
#9913 = SURFACE_CURVE('',#9914,(#9918,#9924),.PCURVE_S1.);
#9914 = LINE('',#9915,#9916);
#9915 = CARTESIAN_POINT('',(12.,-9.,37.8));
#9916 = VECTOR('',#9917,1.);
#9917 = DIRECTION('',(-0.,-0.,-1.));
#9918 = PCURVE('',#9535,#9919);
#9919 = DEFINITIONAL_REPRESENTATION('',(#9920),#9923);
#9920 = B_SPLINE_CURVE_WITH_KNOTS('',1,(#9921,#9922),.UNSPECIFIED.,.F.,
  .F.,(2,2),(-4.0000006,5.999999999062E-07),.PIECEWISE_BEZIER_KNOTS.);
#9921 = CARTESIAN_POINT('',(-2.47463622002,-4.424609518711));
#9922 = CARTESIAN_POINT('',(1.52536497998,-4.424609518711));
#9923 = ( GEOMETRIC_REPRESENTATION_CONTEXT(2) 
PARAMETRIC_REPRESENTATION_CONTEXT() REPRESENTATION_CONTEXT('2D SPACE',''
  ) );
#9924 = PCURVE('',#9594,#9925);
#9925 = DEFINITIONAL_REPRESENTATION('',(#9926),#9929);
#9926 = B_SPLINE_CURVE_WITH_KNOTS('',1,(#9927,#9928),.UNSPECIFIED.,.F.,
  .F.,(2,2),(-4.0000006,5.999999999062E-07),.PIECEWISE_BEZIER_KNOTS.);
#9927 = CARTESIAN_POINT('',(-5.639684198386,-4.0000006));
#9928 = CARTESIAN_POINT('',(-5.639684198386,5.999999999062E-07));
#9929 = ( GEOMETRIC_REPRESENTATION_CONTEXT(2) 
PARAMETRIC_REPRESENTATION_CONTEXT() REPRESENTATION_CONTEXT('2D SPACE',''
  ) );
#9930 = ORIENTED_EDGE('',*,*,#9550,.T.);
#9931 = ORIENTED_EDGE('',*,*,#9521,.T.);
#9932 = ORIENTED_EDGE('',*,*,#9886,.T.);
#9933 = ORIENTED_EDGE('',*,*,#9934,.T.);
#9934 = EDGE_CURVE('',#9864,#9911,#9935,.T.);
#9935 = SURFACE_CURVE('',#9936,(#9940,#9947),.PCURVE_S1.);
#9936 = LINE('',#9937,#9938);
#9937 = CARTESIAN_POINT('',(22.,-9.,41.8));
#9938 = VECTOR('',#9939,1.);
#9939 = DIRECTION('',(-1.,0.,0.));
#9940 = PCURVE('',#9535,#9941);
#9941 = DEFINITIONAL_REPRESENTATION('',(#9942),#9946);
#9942 = LINE('',#9943,#9944);
#9943 = CARTESIAN_POINT('',(-2.47463562002,5.575390481289));
#9944 = VECTOR('',#9945,1.);
#9945 = DIRECTION('',(0.,-1.));
#9946 = ( GEOMETRIC_REPRESENTATION_CONTEXT(2) 
PARAMETRIC_REPRESENTATION_CONTEXT() REPRESENTATION_CONTEXT('2D SPACE',''
  ) );
#9947 = PCURVE('',#9846,#9948);
#9948 = DEFINITIONAL_REPRESENTATION('',(#9949),#9953);
#9949 = LINE('',#9950,#9951);
#9950 = CARTESIAN_POINT('',(0.,0.));
#9951 = VECTOR('',#9952,1.);
#9952 = DIRECTION('',(1.,0.));
#9953 = ( GEOMETRIC_REPRESENTATION_CONTEXT(2) 
PARAMETRIC_REPRESENTATION_CONTEXT() REPRESENTATION_CONTEXT('2D SPACE',''
  ) );
#9954 = ADVANCED_FACE('',(#9955),#9594,.T.);
#9955 = FACE_BOUND('',#9956,.F.);
#9956 = EDGE_LOOP('',(#9957,#9958,#9959,#9981));
#9957 = ORIENTED_EDGE('',*,*,#9573,.F.);
#9958 = ORIENTED_EDGE('',*,*,#9786,.F.);
#9959 = ORIENTED_EDGE('',*,*,#9960,.T.);
#9960 = EDGE_CURVE('',#9787,#9911,#9961,.T.);
#9961 = SURFACE_CURVE('',#9962,(#9967,#9974),.PCURVE_S1.);
#9962 = CIRCLE('',#9963,15.);
#9963 = AXIS2_PLACEMENT_3D('',#9964,#9965,#9966);
#9964 = CARTESIAN_POINT('',(0.,0.,41.8));
#9965 = DIRECTION('',(0.,0.,1.));
#9966 = DIRECTION('',(1.,0.,0.));
#9967 = PCURVE('',#9594,#9968);
#9968 = DEFINITIONAL_REPRESENTATION('',(#9969),#9973);
#9969 = LINE('',#9970,#9971);
#9970 = CARTESIAN_POINT('',(-0.,-4.));
#9971 = VECTOR('',#9972,1.);
#9972 = DIRECTION('',(-1.,0.));
#9973 = ( GEOMETRIC_REPRESENTATION_CONTEXT(2) 
PARAMETRIC_REPRESENTATION_CONTEXT() REPRESENTATION_CONTEXT('2D SPACE',''
  ) );
#9974 = PCURVE('',#9846,#9975);
#9975 = DEFINITIONAL_REPRESENTATION('',(#9976),#9980);
#9976 = CIRCLE('',#9977,15.);
#9977 = AXIS2_PLACEMENT_2D('',#9978,#9979);
#9978 = CARTESIAN_POINT('',(22.,-9.));
#9979 = DIRECTION('',(-1.,0.));
#9980 = ( GEOMETRIC_REPRESENTATION_CONTEXT(2) 
PARAMETRIC_REPRESENTATION_CONTEXT() REPRESENTATION_CONTEXT('2D SPACE',''
  ) );
#9981 = ORIENTED_EDGE('',*,*,#9910,.T.);
#9982 = ADVANCED_FACE('',(#9983),#9647,.F.);
#9983 = FACE_BOUND('',#9984,.T.);
#9984 = EDGE_LOOP('',(#9985,#9986,#10009,#10035));
#9985 = ORIENTED_EDGE('',*,*,#9630,.T.);
#9986 = ORIENTED_EDGE('',*,*,#9987,.T.);
#9987 = EDGE_CURVE('',#9631,#9988,#9990,.T.);
#9988 = VERTEX_POINT('',#9989);
#9989 = CARTESIAN_POINT('',(1.35,7.,41.8));
#9990 = SEAM_CURVE('',#9991,(#9995,#10002),.PCURVE_S1.);
#9991 = LINE('',#9992,#9993);
#9992 = CARTESIAN_POINT('',(1.35,7.,-10.));
#9993 = VECTOR('',#9994,1.);
#9994 = DIRECTION('',(0.,0.,1.));
#9995 = PCURVE('',#9647,#9996);
#9996 = DEFINITIONAL_REPRESENTATION('',(#9997),#10001);
#9997 = LINE('',#9998,#9999);
#9998 = CARTESIAN_POINT('',(-6.28318530718,0.));
#9999 = VECTOR('',#10000,1.);
#10000 = DIRECTION('',(-0.,-1.));
#10001 = ( GEOMETRIC_REPRESENTATION_CONTEXT(2) 
PARAMETRIC_REPRESENTATION_CONTEXT() REPRESENTATION_CONTEXT('2D SPACE',''
  ) );
#10002 = PCURVE('',#9647,#10003);
#10003 = DEFINITIONAL_REPRESENTATION('',(#10004),#10008);
#10004 = LINE('',#10005,#10006);
#10005 = CARTESIAN_POINT('',(-0.,0.));
#10006 = VECTOR('',#10007,1.);
#10007 = DIRECTION('',(-0.,-1.));
#10008 = ( GEOMETRIC_REPRESENTATION_CONTEXT(2) 
PARAMETRIC_REPRESENTATION_CONTEXT() REPRESENTATION_CONTEXT('2D SPACE',''
  ) );
#10009 = ORIENTED_EDGE('',*,*,#10010,.F.);
#10010 = EDGE_CURVE('',#9988,#9988,#10011,.T.);
#10011 = SURFACE_CURVE('',#10012,(#10017,#10024),.PCURVE_S1.);
#10012 = CIRCLE('',#10013,1.35);
#10013 = AXIS2_PLACEMENT_3D('',#10014,#10015,#10016);
#10014 = CARTESIAN_POINT('',(4.286263797016E-16,7.,41.8));
#10015 = DIRECTION('',(0.,0.,-1.));
#10016 = DIRECTION('',(1.,0.,0.));
#10017 = PCURVE('',#9647,#10018);
#10018 = DEFINITIONAL_REPRESENTATION('',(#10019),#10023);
#10019 = LINE('',#10020,#10021);
#10020 = CARTESIAN_POINT('',(-6.28318530718,-51.8));
#10021 = VECTOR('',#10022,1.);
#10022 = DIRECTION('',(1.,-0.));
#10023 = ( GEOMETRIC_REPRESENTATION_CONTEXT(2) 
PARAMETRIC_REPRESENTATION_CONTEXT() REPRESENTATION_CONTEXT('2D SPACE',''
  ) );
#10024 = PCURVE('',#9846,#10025);
#10025 = DEFINITIONAL_REPRESENTATION('',(#10026),#10034);
#10026 = ( BOUNDED_CURVE() B_SPLINE_CURVE(2,(#10027,#10028,#10029,#10030
    ,#10031,#10032,#10033),.UNSPECIFIED.,.T.,.F.) 
B_SPLINE_CURVE_WITH_KNOTS((1,2,2,2,2,1),(-2.094395102393,0.,
    2.094395102393,4.188790204786,6.28318530718,8.377580409573),
.UNSPECIFIED.) CURVE() GEOMETRIC_REPRESENTATION_ITEM() 
RATIONAL_B_SPLINE_CURVE((1.,0.5,1.,0.5,1.,0.5,1.)) REPRESENTATION_ITEM(
  '') );
#10027 = CARTESIAN_POINT('',(20.65,-16.));
#10028 = CARTESIAN_POINT('',(20.65,-13.66173140978));
#10029 = CARTESIAN_POINT('',(22.675,-14.83086570489));
#10030 = CARTESIAN_POINT('',(24.7,-16.));
#10031 = CARTESIAN_POINT('',(22.675,-17.1691342951));
#10032 = CARTESIAN_POINT('',(20.65,-18.33826859021));
#10033 = CARTESIAN_POINT('',(20.65,-16.));
#10034 = ( GEOMETRIC_REPRESENTATION_CONTEXT(2) 
PARAMETRIC_REPRESENTATION_CONTEXT() REPRESENTATION_CONTEXT('2D SPACE',''
  ) );
#10035 = ORIENTED_EDGE('',*,*,#9987,.F.);
#10036 = ADVANCED_FACE('',(#10037),#9678,.F.);
#10037 = FACE_BOUND('',#10038,.T.);
#10038 = EDGE_LOOP('',(#10039,#10040,#10063,#10089));
#10039 = ORIENTED_EDGE('',*,*,#9661,.T.);
#10040 = ORIENTED_EDGE('',*,*,#10041,.T.);
#10041 = EDGE_CURVE('',#9662,#10042,#10044,.T.);
#10042 = VERTEX_POINT('',#10043);
#10043 = CARTESIAN_POINT('',(-5.65,8.572527594031E-16,41.8));
#10044 = SEAM_CURVE('',#10045,(#10049,#10056),.PCURVE_S1.);
#10045 = LINE('',#10046,#10047);
#10046 = CARTESIAN_POINT('',(-5.65,8.572527594031E-16,-10.));
#10047 = VECTOR('',#10048,1.);
#10048 = DIRECTION('',(0.,0.,1.));
#10049 = PCURVE('',#9678,#10050);
#10050 = DEFINITIONAL_REPRESENTATION('',(#10051),#10055);
#10051 = LINE('',#10052,#10053);
#10052 = CARTESIAN_POINT('',(-6.28318530718,0.));
#10053 = VECTOR('',#10054,1.);
#10054 = DIRECTION('',(-0.,-1.));
#10055 = ( GEOMETRIC_REPRESENTATION_CONTEXT(2) 
PARAMETRIC_REPRESENTATION_CONTEXT() REPRESENTATION_CONTEXT('2D SPACE',''
  ) );
#10056 = PCURVE('',#9678,#10057);
#10057 = DEFINITIONAL_REPRESENTATION('',(#10058),#10062);
#10058 = LINE('',#10059,#10060);
#10059 = CARTESIAN_POINT('',(-0.,0.));
#10060 = VECTOR('',#10061,1.);
#10061 = DIRECTION('',(-0.,-1.));
#10062 = ( GEOMETRIC_REPRESENTATION_CONTEXT(2) 
PARAMETRIC_REPRESENTATION_CONTEXT() REPRESENTATION_CONTEXT('2D SPACE',''
  ) );
#10063 = ORIENTED_EDGE('',*,*,#10064,.F.);
#10064 = EDGE_CURVE('',#10042,#10042,#10065,.T.);
#10065 = SURFACE_CURVE('',#10066,(#10071,#10078),.PCURVE_S1.);
#10066 = CIRCLE('',#10067,1.35);
#10067 = AXIS2_PLACEMENT_3D('',#10068,#10069,#10070);
#10068 = CARTESIAN_POINT('',(-7.,8.572527594031E-16,41.8));
#10069 = DIRECTION('',(0.,0.,-1.));
#10070 = DIRECTION('',(1.,0.,0.));
#10071 = PCURVE('',#9678,#10072);
#10072 = DEFINITIONAL_REPRESENTATION('',(#10073),#10077);
#10073 = LINE('',#10074,#10075);
#10074 = CARTESIAN_POINT('',(-6.28318530718,-51.8));
#10075 = VECTOR('',#10076,1.);
#10076 = DIRECTION('',(1.,-0.));
#10077 = ( GEOMETRIC_REPRESENTATION_CONTEXT(2) 
PARAMETRIC_REPRESENTATION_CONTEXT() REPRESENTATION_CONTEXT('2D SPACE',''
  ) );
#10078 = PCURVE('',#9846,#10079);
#10079 = DEFINITIONAL_REPRESENTATION('',(#10080),#10088);
#10080 = ( BOUNDED_CURVE() B_SPLINE_CURVE(2,(#10081,#10082,#10083,#10084
    ,#10085,#10086,#10087),.UNSPECIFIED.,.T.,.F.) 
B_SPLINE_CURVE_WITH_KNOTS((1,2,2,2,2,1),(-2.094395102393,0.,
    2.094395102393,4.188790204786,6.28318530718,8.377580409573),
.UNSPECIFIED.) CURVE() GEOMETRIC_REPRESENTATION_ITEM() 
RATIONAL_B_SPLINE_CURVE((1.,0.5,1.,0.5,1.,0.5,1.)) REPRESENTATION_ITEM(
  '') );
#10081 = CARTESIAN_POINT('',(27.65,-9.));
#10082 = CARTESIAN_POINT('',(27.65,-6.661731409782));
#10083 = CARTESIAN_POINT('',(29.675,-7.830865704891));
#10084 = CARTESIAN_POINT('',(31.7,-9.));
#10085 = CARTESIAN_POINT('',(29.675,-10.1691342951));
#10086 = CARTESIAN_POINT('',(27.65,-11.33826859021));
#10087 = CARTESIAN_POINT('',(27.65,-9.));
#10088 = ( GEOMETRIC_REPRESENTATION_CONTEXT(2) 
PARAMETRIC_REPRESENTATION_CONTEXT() REPRESENTATION_CONTEXT('2D SPACE',''
  ) );
#10089 = ORIENTED_EDGE('',*,*,#10041,.F.);
#10090 = ADVANCED_FACE('',(#10091),#9709,.F.);
#10091 = FACE_BOUND('',#10092,.T.);
#10092 = EDGE_LOOP('',(#10093,#10094,#10117,#10143));
#10093 = ORIENTED_EDGE('',*,*,#9692,.T.);
#10094 = ORIENTED_EDGE('',*,*,#10095,.T.);
#10095 = EDGE_CURVE('',#9693,#10096,#10098,.T.);
#10096 = VERTEX_POINT('',#10097);
#10097 = CARTESIAN_POINT('',(1.35,-7.,41.8));
#10098 = SEAM_CURVE('',#10099,(#10103,#10110),.PCURVE_S1.);
#10099 = LINE('',#10100,#10101);
#10100 = CARTESIAN_POINT('',(1.35,-7.,-10.));
#10101 = VECTOR('',#10102,1.);
#10102 = DIRECTION('',(0.,0.,1.));
#10103 = PCURVE('',#9709,#10104);
#10104 = DEFINITIONAL_REPRESENTATION('',(#10105),#10109);
#10105 = LINE('',#10106,#10107);
#10106 = CARTESIAN_POINT('',(-6.28318530718,0.));
#10107 = VECTOR('',#10108,1.);
#10108 = DIRECTION('',(-0.,-1.));
#10109 = ( GEOMETRIC_REPRESENTATION_CONTEXT(2) 
PARAMETRIC_REPRESENTATION_CONTEXT() REPRESENTATION_CONTEXT('2D SPACE',''
  ) );
#10110 = PCURVE('',#9709,#10111);
#10111 = DEFINITIONAL_REPRESENTATION('',(#10112),#10116);
#10112 = LINE('',#10113,#10114);
#10113 = CARTESIAN_POINT('',(-0.,0.));
#10114 = VECTOR('',#10115,1.);
#10115 = DIRECTION('',(-0.,-1.));
#10116 = ( GEOMETRIC_REPRESENTATION_CONTEXT(2) 
PARAMETRIC_REPRESENTATION_CONTEXT() REPRESENTATION_CONTEXT('2D SPACE',''
  ) );
#10117 = ORIENTED_EDGE('',*,*,#10118,.F.);
#10118 = EDGE_CURVE('',#10096,#10096,#10119,.T.);
#10119 = SURFACE_CURVE('',#10120,(#10125,#10132),.PCURVE_S1.);
#10120 = CIRCLE('',#10121,1.35);
#10121 = AXIS2_PLACEMENT_3D('',#10122,#10123,#10124);
#10122 = CARTESIAN_POINT('',(-1.285879139105E-15,-7.,41.8));
#10123 = DIRECTION('',(0.,0.,-1.));
#10124 = DIRECTION('',(1.,0.,0.));
#10125 = PCURVE('',#9709,#10126);
#10126 = DEFINITIONAL_REPRESENTATION('',(#10127),#10131);
#10127 = LINE('',#10128,#10129);
#10128 = CARTESIAN_POINT('',(-6.28318530718,-51.8));
#10129 = VECTOR('',#10130,1.);
#10130 = DIRECTION('',(1.,-0.));
#10131 = ( GEOMETRIC_REPRESENTATION_CONTEXT(2) 
PARAMETRIC_REPRESENTATION_CONTEXT() REPRESENTATION_CONTEXT('2D SPACE',''
  ) );
#10132 = PCURVE('',#9846,#10133);
#10133 = DEFINITIONAL_REPRESENTATION('',(#10134),#10142);
#10134 = ( BOUNDED_CURVE() B_SPLINE_CURVE(2,(#10135,#10136,#10137,#10138
    ,#10139,#10140,#10141),.UNSPECIFIED.,.T.,.F.) 
B_SPLINE_CURVE_WITH_KNOTS((1,2,2,2,2,1),(-2.094395102393,0.,
    2.094395102393,4.188790204786,6.28318530718,8.377580409573),
.UNSPECIFIED.) CURVE() GEOMETRIC_REPRESENTATION_ITEM() 
RATIONAL_B_SPLINE_CURVE((1.,0.5,1.,0.5,1.,0.5,1.)) REPRESENTATION_ITEM(
  '') );
#10135 = CARTESIAN_POINT('',(20.65,-2.));
#10136 = CARTESIAN_POINT('',(20.65,0.338268590218));
#10137 = CARTESIAN_POINT('',(22.675,-0.830865704891));
#10138 = CARTESIAN_POINT('',(24.7,-2.));
#10139 = CARTESIAN_POINT('',(22.675,-3.169134295109));
#10140 = CARTESIAN_POINT('',(20.65,-4.338268590218));
#10141 = CARTESIAN_POINT('',(20.65,-2.));
#10142 = ( GEOMETRIC_REPRESENTATION_CONTEXT(2) 
PARAMETRIC_REPRESENTATION_CONTEXT() REPRESENTATION_CONTEXT('2D SPACE',''
  ) );
#10143 = ORIENTED_EDGE('',*,*,#10095,.F.);
#10144 = ADVANCED_FACE('',(#10145),#9740,.F.);
#10145 = FACE_BOUND('',#10146,.T.);
#10146 = EDGE_LOOP('',(#10147,#10148,#10171,#10197));
#10147 = ORIENTED_EDGE('',*,*,#9723,.T.);
#10148 = ORIENTED_EDGE('',*,*,#10149,.T.);
#10149 = EDGE_CURVE('',#9724,#10150,#10152,.T.);
#10150 = VERTEX_POINT('',#10151);
#10151 = CARTESIAN_POINT('',(4.,0.,41.8));
#10152 = SEAM_CURVE('',#10153,(#10157,#10164),.PCURVE_S1.);
#10153 = LINE('',#10154,#10155);
#10154 = CARTESIAN_POINT('',(4.,0.,-10.));
#10155 = VECTOR('',#10156,1.);
#10156 = DIRECTION('',(0.,0.,1.));
#10157 = PCURVE('',#9740,#10158);
#10158 = DEFINITIONAL_REPRESENTATION('',(#10159),#10163);
#10159 = LINE('',#10160,#10161);
#10160 = CARTESIAN_POINT('',(-6.28318530718,0.));
#10161 = VECTOR('',#10162,1.);
#10162 = DIRECTION('',(-0.,-1.));
#10163 = ( GEOMETRIC_REPRESENTATION_CONTEXT(2) 
PARAMETRIC_REPRESENTATION_CONTEXT() REPRESENTATION_CONTEXT('2D SPACE',''
  ) );
#10164 = PCURVE('',#9740,#10165);
#10165 = DEFINITIONAL_REPRESENTATION('',(#10166),#10170);
#10166 = LINE('',#10167,#10168);
#10167 = CARTESIAN_POINT('',(-0.,0.));
#10168 = VECTOR('',#10169,1.);
#10169 = DIRECTION('',(-0.,-1.));
#10170 = ( GEOMETRIC_REPRESENTATION_CONTEXT(2) 
PARAMETRIC_REPRESENTATION_CONTEXT() REPRESENTATION_CONTEXT('2D SPACE',''
  ) );
#10171 = ORIENTED_EDGE('',*,*,#10172,.F.);
#10172 = EDGE_CURVE('',#10150,#10150,#10173,.T.);
#10173 = SURFACE_CURVE('',#10174,(#10179,#10186),.PCURVE_S1.);
#10174 = CIRCLE('',#10175,4.);
#10175 = AXIS2_PLACEMENT_3D('',#10176,#10177,#10178);
#10176 = CARTESIAN_POINT('',(0.,0.,41.8));
#10177 = DIRECTION('',(0.,0.,-1.));
#10178 = DIRECTION('',(1.,0.,0.));
#10179 = PCURVE('',#9740,#10180);
#10180 = DEFINITIONAL_REPRESENTATION('',(#10181),#10185);
#10181 = LINE('',#10182,#10183);
#10182 = CARTESIAN_POINT('',(-6.28318530718,-51.8));
#10183 = VECTOR('',#10184,1.);
#10184 = DIRECTION('',(1.,-0.));
#10185 = ( GEOMETRIC_REPRESENTATION_CONTEXT(2) 
PARAMETRIC_REPRESENTATION_CONTEXT() REPRESENTATION_CONTEXT('2D SPACE',''
  ) );
#10186 = PCURVE('',#9846,#10187);
#10187 = DEFINITIONAL_REPRESENTATION('',(#10188),#10196);
#10188 = ( BOUNDED_CURVE() B_SPLINE_CURVE(2,(#10189,#10190,#10191,#10192
    ,#10193,#10194,#10195),.UNSPECIFIED.,.T.,.F.) 
B_SPLINE_CURVE_WITH_KNOTS((1,2,2,2,2,1),(-2.094395102393,0.,
    2.094395102393,4.188790204786,6.28318530718,8.377580409573),
.UNSPECIFIED.) CURVE() GEOMETRIC_REPRESENTATION_ITEM() 
RATIONAL_B_SPLINE_CURVE((1.,0.5,1.,0.5,1.,0.5,1.)) REPRESENTATION_ITEM(
  '') );
#10189 = CARTESIAN_POINT('',(18.,-9.));
#10190 = CARTESIAN_POINT('',(18.,-2.071796769724));
#10191 = CARTESIAN_POINT('',(24.,-5.535898384862));
#10192 = CARTESIAN_POINT('',(30.,-9.));
#10193 = CARTESIAN_POINT('',(24.,-12.46410161513));
#10194 = CARTESIAN_POINT('',(18.,-15.92820323027));
#10195 = CARTESIAN_POINT('',(18.,-9.));
#10196 = ( GEOMETRIC_REPRESENTATION_CONTEXT(2) 
PARAMETRIC_REPRESENTATION_CONTEXT() REPRESENTATION_CONTEXT('2D SPACE',''
  ) );
#10197 = ORIENTED_EDGE('',*,*,#10149,.F.);
#10198 = ADVANCED_FACE('',(#10199),#9771,.F.);
#10199 = FACE_BOUND('',#10200,.T.);
#10200 = EDGE_LOOP('',(#10201,#10202,#10225,#10251));
#10201 = ORIENTED_EDGE('',*,*,#9754,.T.);
#10202 = ORIENTED_EDGE('',*,*,#10203,.T.);
#10203 = EDGE_CURVE('',#9755,#10204,#10206,.T.);
#10204 = VERTEX_POINT('',#10205);
#10205 = CARTESIAN_POINT('',(8.35,0.,41.8));
#10206 = SEAM_CURVE('',#10207,(#10211,#10218),.PCURVE_S1.);
#10207 = LINE('',#10208,#10209);
#10208 = CARTESIAN_POINT('',(8.35,0.,-10.));
#10209 = VECTOR('',#10210,1.);
#10210 = DIRECTION('',(0.,0.,1.));
#10211 = PCURVE('',#9771,#10212);
#10212 = DEFINITIONAL_REPRESENTATION('',(#10213),#10217);
#10213 = LINE('',#10214,#10215);
#10214 = CARTESIAN_POINT('',(-6.28318530718,0.));
#10215 = VECTOR('',#10216,1.);
#10216 = DIRECTION('',(-0.,-1.));
#10217 = ( GEOMETRIC_REPRESENTATION_CONTEXT(2) 
PARAMETRIC_REPRESENTATION_CONTEXT() REPRESENTATION_CONTEXT('2D SPACE',''
  ) );
#10218 = PCURVE('',#9771,#10219);
#10219 = DEFINITIONAL_REPRESENTATION('',(#10220),#10224);
#10220 = LINE('',#10221,#10222);
#10221 = CARTESIAN_POINT('',(-0.,0.));
#10222 = VECTOR('',#10223,1.);
#10223 = DIRECTION('',(-0.,-1.));
#10224 = ( GEOMETRIC_REPRESENTATION_CONTEXT(2) 
PARAMETRIC_REPRESENTATION_CONTEXT() REPRESENTATION_CONTEXT('2D SPACE',''
  ) );
#10225 = ORIENTED_EDGE('',*,*,#10226,.F.);
#10226 = EDGE_CURVE('',#10204,#10204,#10227,.T.);
#10227 = SURFACE_CURVE('',#10228,(#10233,#10240),.PCURVE_S1.);
#10228 = CIRCLE('',#10229,1.35);
#10229 = AXIS2_PLACEMENT_3D('',#10230,#10231,#10232);
#10230 = CARTESIAN_POINT('',(7.,0.,41.8));
#10231 = DIRECTION('',(0.,0.,-1.));
#10232 = DIRECTION('',(1.,0.,0.));
#10233 = PCURVE('',#9771,#10234);
#10234 = DEFINITIONAL_REPRESENTATION('',(#10235),#10239);
#10235 = LINE('',#10236,#10237);
#10236 = CARTESIAN_POINT('',(-6.28318530718,-51.8));
#10237 = VECTOR('',#10238,1.);
#10238 = DIRECTION('',(1.,-0.));
#10239 = ( GEOMETRIC_REPRESENTATION_CONTEXT(2) 
PARAMETRIC_REPRESENTATION_CONTEXT() REPRESENTATION_CONTEXT('2D SPACE',''
  ) );
#10240 = PCURVE('',#9846,#10241);
#10241 = DEFINITIONAL_REPRESENTATION('',(#10242),#10250);
#10242 = ( BOUNDED_CURVE() B_SPLINE_CURVE(2,(#10243,#10244,#10245,#10246
    ,#10247,#10248,#10249),.UNSPECIFIED.,.T.,.F.) 
B_SPLINE_CURVE_WITH_KNOTS((1,2,2,2,2,1),(-2.094395102393,0.,
    2.094395102393,4.188790204786,6.28318530718,8.377580409573),
.UNSPECIFIED.) CURVE() GEOMETRIC_REPRESENTATION_ITEM() 
RATIONAL_B_SPLINE_CURVE((1.,0.5,1.,0.5,1.,0.5,1.)) REPRESENTATION_ITEM(
  '') );
#10243 = CARTESIAN_POINT('',(13.65,-9.));
#10244 = CARTESIAN_POINT('',(13.65,-6.661731409782));
#10245 = CARTESIAN_POINT('',(15.675,-7.830865704891));
#10246 = CARTESIAN_POINT('',(17.7,-9.));
#10247 = CARTESIAN_POINT('',(15.675,-10.1691342951));
#10248 = CARTESIAN_POINT('',(13.65,-11.33826859021));
#10249 = CARTESIAN_POINT('',(13.65,-9.));
#10250 = ( GEOMETRIC_REPRESENTATION_CONTEXT(2) 
PARAMETRIC_REPRESENTATION_CONTEXT() REPRESENTATION_CONTEXT('2D SPACE',''
  ) );
#10251 = ORIENTED_EDGE('',*,*,#10203,.F.);
#10252 = ADVANCED_FACE('',(#10253,#10259,#10262,#10265,#10268,#10271),
  #9846,.T.);
#10253 = FACE_BOUND('',#10254,.T.);
#10254 = EDGE_LOOP('',(#10255,#10256,#10257,#10258));
#10255 = ORIENTED_EDGE('',*,*,#9934,.F.);
#10256 = ORIENTED_EDGE('',*,*,#9863,.T.);
#10257 = ORIENTED_EDGE('',*,*,#9832,.T.);
#10258 = ORIENTED_EDGE('',*,*,#9960,.T.);
#10259 = FACE_BOUND('',#10260,.T.);
#10260 = EDGE_LOOP('',(#10261));
#10261 = ORIENTED_EDGE('',*,*,#10010,.T.);
#10262 = FACE_BOUND('',#10263,.T.);
#10263 = EDGE_LOOP('',(#10264));
#10264 = ORIENTED_EDGE('',*,*,#10226,.T.);
#10265 = FACE_BOUND('',#10266,.T.);
#10266 = EDGE_LOOP('',(#10267));
#10267 = ORIENTED_EDGE('',*,*,#10172,.T.);
#10268 = FACE_BOUND('',#10269,.T.);
#10269 = EDGE_LOOP('',(#10270));
#10270 = ORIENTED_EDGE('',*,*,#10118,.T.);
#10271 = FACE_BOUND('',#10272,.T.);
#10272 = EDGE_LOOP('',(#10273));
#10273 = ORIENTED_EDGE('',*,*,#10064,.T.);
#10274 = ( GEOMETRIC_REPRESENTATION_CONTEXT(3) 
GLOBAL_UNCERTAINTY_ASSIGNED_CONTEXT((#10278)) 
GLOBAL_UNIT_ASSIGNED_CONTEXT((#10275,#10276,#10277)) 
REPRESENTATION_CONTEXT('Context #1',
  '3D Context with UNIT and UNCERTAINTY') );
#10275 = ( LENGTH_UNIT() NAMED_UNIT(*) SI_UNIT(.MILLI.,.METRE.) );
#10276 = ( NAMED_UNIT(*) PLANE_ANGLE_UNIT() SI_UNIT($,.RADIAN.) );
#10277 = ( NAMED_UNIT(*) SI_UNIT($,.STERADIAN.) SOLID_ANGLE_UNIT() );
#10278 = UNCERTAINTY_MEASURE_WITH_UNIT(LENGTH_MEASURE(1.E-07),#10275,
  'distance_accuracy_value','confusion accuracy');
#10279 = CONTEXT_DEPENDENT_SHAPE_REPRESENTATION(#10280,#10282);
#10280 = ( REPRESENTATION_RELATIONSHIP('','',#9423,#10) 
REPRESENTATION_RELATIONSHIP_WITH_TRANSFORMATION(#10281) 
SHAPE_REPRESENTATION_RELATIONSHIP() );
#10281 = ITEM_DEFINED_TRANSFORMATION('','',#11,#19);
#10282 = PRODUCT_DEFINITION_SHAPE('Placement','Placement of an item',
  #10283);
#10283 = NEXT_ASSEMBLY_USAGE_OCCURRENCE('2','','',#5,#9418,$);
#10284 = PRODUCT_RELATED_PRODUCT_CATEGORY('part',$,(#9420));
ENDSEC;
END-ISO-10303-21;
